Gene,Non-unique Gene name,Annotation,L_plantarum,B_animalis,L_brevis
lysP,;lysP,Lysine-specific permease;Lysine-specific permease LysP,JLGHJK_01432,IGABOM_00858,PHDJFC_02188
group_5776,,Deoxyadenosine kinase / deoxyguanosine kinase,JLGHJK_01434,IGABOM_00860,PHDJFC_02189
group_5775,,Serine--tRNA ligase,JLGHJK_01435,IGABOM_00861,PHDJFC_02190
group_5772,,ATP-dependent protease ATP-binding subunit,JLGHJK_01445,IGABOM_00870,PHDJFC_02200
group_5768,,Large ribosomal subunit protein bL17,JLGHJK_01481,IGABOM_00904,PHDJFC_02237
group_5767,,DNA-directed RNA polymerase subunit alpha;hypothetical protein,JLGHJK_01479;JLGHJK_01480,IGABOM_00903,PHDJFC_02236
group_5766,,Small ribosomal subunit protein uS11,JLGHJK_01478,IGABOM_00902,PHDJFC_02235
group_5765,,Small ribosomal subunit protein uS13,JLGHJK_01477,IGABOM_00901,PHDJFC_02234
group_5764,,Translation initiation factor IF-1,JLGHJK_01476,IGABOM_00900,PHDJFC_02233
group_5763,,Adenylate kinase,JLGHJK_01475,IGABOM_00899,PHDJFC_02232
secY,secY,Protein translocase subunit SecY,JLGHJK_01474,IGABOM_00898,PHDJFC_02231
group_5762,,Large ribosomal subunit protein uL15,JLGHJK_01473,IGABOM_00897,PHDJFC_02230
group_5761,,DNA-directed RNA polymerase subunit beta;hypothetical protein,JLGHJK_01447;JLGHJK_01448,IGABOM_00872,PHDJFC_02203
group_5760,,hypothetical protein;Large ribosomal subunit protein uL30,JLGHJK_01472,IGABOM_00896,PHDJFC_02229
group_5759,,Small ribosomal subunit protein uS5,JLGHJK_01471,IGABOM_00895,PHDJFC_02228
group_5758,,DNA-directed RNA polymerase subunit beta',JLGHJK_01449,IGABOM_00873,PHDJFC_02204
group_5755,,Large ribosomal subunit protein uL18,JLGHJK_01470,IGABOM_00894,PHDJFC_02227
group_5753,,Small ribosomal subunit protein uS12,JLGHJK_01451,IGABOM_00875,PHDJFC_02206
group_5752,,Small ribosomal subunit protein uS7,JLGHJK_01452,IGABOM_00876,PHDJFC_02207
group_5748,,Small ribosomal subunit protein uS8,JLGHJK_01468,IGABOM_00892,PHDJFC_02225
group_5742,,Elongation factor G,JLGHJK_01453,IGABOM_00877,PHDJFC_02208
group_5738,,Large ribosomal subunit protein uL5,JLGHJK_01467,IGABOM_00891,PHDJFC_02223
group_5737,,Large ribosomal subunit protein uL24,JLGHJK_01466,IGABOM_00890,PHDJFC_02222
group_5736,,Large ribosomal subunit protein uL14,JLGHJK_01465,IGABOM_00889,PHDJFC_02221
group_5735,,Small ribosomal subunit protein uS17,JLGHJK_01464,IGABOM_00888,PHDJFC_02220
group_5734,,Large ribosomal subunit protein uL29,JLGHJK_01463,IGABOM_00887,PHDJFC_02219
group_5733,,Large ribosomal subunit protein uL16,JLGHJK_01462,IGABOM_00886,PHDJFC_02218
group_5732,,Small ribosomal subunit protein uS3,JLGHJK_01461,IGABOM_00885,PHDJFC_02217
group_5731,,Large ribosomal subunit protein uL22,JLGHJK_01460,IGABOM_00884,PHDJFC_02216
group_5730,,Small ribosomal subunit protein uS19,JLGHJK_01459,IGABOM_00883,PHDJFC_02215
group_5729,,Large ribosomal subunit protein uL2,JLGHJK_01458,IGABOM_00882,PHDJFC_02214
group_5724,,Large ribosomal subunit protein uL23,JLGHJK_01457,IGABOM_00881,PHDJFC_02213
group_5713,,Large ribosomal subunit protein uL4,JLGHJK_01456,IGABOM_00880,PHDJFC_02212
group_5667,,Transposase IS4 family,JLGHJK_03419,IGABOM_00018,PHDJFC_01811
group_5647,,Large ribosomal subunit protein uL3,JLGHJK_01455,IGABOM_00879,PHDJFC_02211
group_5335,,Insertion element IS402-like domain-containing protein,JLGHJK_03565,IGABOM_00041,PHDJFC_02873
group_5038,tnp,IS30 family ISLsa1 transposase,JLGHJK_02667,IGABOM_01137,PHDJFC_02870
group_5035,,Insertion element IS402-like domain-containing protein,JLGHJK_03418,IGABOM_00017,PHDJFC_01810
group_5018,tnp,IS30 family ISLpl1 transposase,JLGHJK_00119,IGABOM_03214,PHDJFC_02884
group_3990,,Small ribosomal subunit protein uS10,JLGHJK_01454,IGABOM_00878,PHDJFC_02210
group_3842,,Transposase,JLGHJK_03566,IGABOM_00040,PHDJFC_02872
group_5778,,hypothetical protein;Virulence-associated protein E-like domain-containing protein,JLGHJK_02940;JLGHJK_02941;JLGHJK_02939,IGABOM_02119,
group_5777,,hypothetical protein,JLGHJK_02943,IGABOM_02121,
group_5774,,Prophage P2b protein 7 DNA replication,JLGHJK_02942,IGABOM_02120,
group_5773,,Prophage Lp2 protein 24,JLGHJK_02901,IGABOM_02073,
group_5771,,hypothetical protein,JLGHJK_02948,IGABOM_02125,
group_5770,,Prophage Lp1 protein 23,JLGHJK_02902,IGABOM_02074,
flhB,flhB,Flagellar biosynthesis protein FlhB,JLGHJK_01532,IGABOM_00944,
group_5769,,Bcr/CflA family efflux transporter,JLGHJK_00921,IGABOM_00300,
group_5757,,N-terminal domain-containing protein,JLGHJK_03453,,PHDJFC_02956
group_5756,,hypothetical protein,JLGHJK_03454,,PHDJFC_02957
group_5754,,DNA-packaging protein,JLGHJK_02927,IGABOM_02107,
group_5751,,Prophage P2b protein 11 head-to-tail joining,JLGHJK_02936,IGABOM_02116,
group_5750,,DNA topoisomerase,JLGHJK_03455,,PHDJFC_02958
group_5749,,DUF2663 domain-containing protein,JLGHJK_03456,,PHDJFC_02959
group_5747,,SDR-like Ig domain-containing protein;hypothetical protein,JLGHJK_01806,IGABOM_01189,
group_5746,,Phage prohead protease HK97 family;hypothetical protein,JLGHJK_02928,IGABOM_02110,
group_5745,,Extracellular protein membrane-anchored;hypothetical protein,JLGHJK_00274,IGABOM_02776,
group_5744,,Prophage protein,JLGHJK_02926,IGABOM_02106,
group_5743,,Transposase A from transposon Tn554;hypothetical protein,JLGHJK_02510,IGABOM_01738,
group_5741,yajD,Putative HNH nuclease YajD,JLGHJK_02935,IGABOM_02115,
group_5740,,PepSY domain-containing protein,JLGHJK_00178,IGABOM_02687,
group_5739,,Conjugal transfer protein,JLGHJK_03457,,PHDJFC_02960
group_5728,,hypothetical protein;Auxin efflux carrier,JLGHJK_01543;JLGHJK_01544,IGABOM_00953,
group_5727,,Nucleoside 2-deoxyribosyltransferase,JLGHJK_01804,IGABOM_01188,
group_5726,,hypothetical protein;Subtilisin-like protease,JLGHJK_03040;JLGHJK_03041,IGABOM_02205,
group_5725,,NlpC/P60 domain-containing protein;hypothetical protein,JLGHJK_03464,,PHDJFC_03041
group_5723,,hypothetical protein;NlpC/P60 domain-containing protein,JLGHJK_03463,,PHDJFC_02966
group_5722,,hypothetical protein;Cell surface protein,JLGHJK_01210;JLGHJK_01212;JLGHJK_01213;JLGHJK_01211,IGABOM_00682,
group_5721,,hypothetical protein;Integral membrane protein,JLGHJK_02215,IGABOM_01532,
group_5720,,hypothetical protein;Major facilitator superfamily (MFS) profile domain-containing protein,JLGHJK_02562;JLGHJK_02560;JLGHJK_02563;JLGHJK_02561,IGABOM_01780,
group_5719,,hypothetical protein,JLGHJK_00014,IGABOM_02468,
group_5718,,hypothetical protein;DUF2479 domain-containing protein,JLGHJK_01803,IGABOM_01187,
group_5717,,hypothetical protein;Major facilitator superfamily (MFS) profile domain-containing protein,JLGHJK_02984;JLGHJK_02983;JLGHJK_02982,IGABOM_02154,
group_5716,,hypothetical protein;Polysaccharide polymerase,JLGHJK_02534;JLGHJK_02535,IGABOM_01759,
essB,essB,Type VII secretion protein EssB,JLGHJK_03465,,PHDJFC_03040
group_5715,,Phosphoglycerate mutase family protein,JLGHJK_01371,IGABOM_00808,
group_5714,,Prophage P2a protein 13,JLGHJK_02910,IGABOM_02081,
group_5712,;gntR,hypothetical protein;Transcription regulator GntR family,JLGHJK_00493,IGABOM_02955,
group_5711,,DUF5105 domain-containing protein,JLGHJK_03462,,PHDJFC_02965
group_5710,,hypothetical protein;Citrate lyase alpha chain;Citrate lyase subunit alpha,JLGHJK_01531;JLGHJK_01530;JLGHJK_01529,IGABOM_00941,
group_5709,,Integral membrane protein,JLGHJK_00013,IGABOM_02467,
group_5708,,hypothetical protein;Phage portal protein HK97 family,JLGHJK_02930,IGABOM_02111,
group_5707,,Integral membrane protein,JLGHJK_01809,IGABOM_01205,
group_5706,,hypothetical protein;Glycosyltransferase 2-like domain-containing protein,JLGHJK_01808;JLGHJK_01807,IGABOM_01204,
group_5705,,hypothetical protein;Fumarylacetoacetate hydrolase domain-containing protein 2 like protein,JLGHJK_01356;JLGHJK_01355,IGABOM_00800,
group_5704,,DUF4767 domain-containing protein,JLGHJK_01357,IGABOM_00801,
group_5703,,hypothetical protein;HTH merR-type domain-containing protein,JLGHJK_00236;JLGHJK_00237,IGABOM_02746,
group_5702,,hypothetical protein,JLGHJK_01696;JLGHJK_01695,IGABOM_01094,
group_5701,,hypothetical protein;Phosphoribosylformylglycinamidine cyclo-ligase,JLGHJK_03154;JLGHJK_03153,IGABOM_02306,
group_5700,,hypothetical protein;O-antigen ligase-related domain-containing protein,JLGHJK_02292;JLGHJK_02293,IGABOM_01596,
group_5699,,Phage protein;hypothetical protein,JLGHJK_01899,IGABOM_01257,
group_5698,,hypothetical protein;Glycosyltransferase 2-like domain-containing protein,JLGHJK_02218;JLGHJK_02219,IGABOM_01533,
group_5697,,Malolactic enzyme;hypothetical protein,JLGHJK_01542;JLGHJK_01541,IGABOM_00952,
group_5696,,Glutamate dehydrogenase;hypothetical protein,JLGHJK_01599;JLGHJK_01598,IGABOM_00995,
group_5695,,hypothetical protein;2-hydroxyacid dehydrogenase,JLGHJK_03219;JLGHJK_03220,IGABOM_02367,
group_5694,,hypothetical protein;Glutathione reductase-like protein,JLGHJK_02214;JLGHJK_02213,IGABOM_01531,
group_5693,,hypothetical protein;Glycosyltransferase family 1 (GT1),JLGHJK_02536;JLGHJK_02537,IGABOM_01760,
group_5692,,hypothetical protein;Short-chain dehydrogenase/oxidoreductaseatypical SDR family TMR-like,JLGHJK_00238;JLGHJK_00239;JLGHJK_00240,IGABOM_02747,
group_5691,,hypothetical protein;Enolase,JLGHJK_02307;JLGHJK_02306,IGABOM_01607,
group_5690,;tetR,hypothetical protein;Transcription regulator TetR family,JLGHJK_00028;JLGHJK_00027,IGABOM_02481,
group_5689,,hypothetical protein,JLGHJK_00015,IGABOM_02469,
group_5688,,hypothetical protein;Major facilitator superfamily (MFS) profile domain-containing protein,JLGHJK_00369,IGABOM_02857,
group_5687,,DUF308 domain-containing protein,JLGHJK_02435,IGABOM_01726,
group_5686,,hypothetical protein,JLGHJK_02083,IGABOM_01423,
crdB,;crdB,hypothetical protein;NADH:(hydroxy)cinnamate reductase subunit CrdB,JLGHJK_01802;JLGHJK_01801,IGABOM_01186,
group_5685,,PTS transporter subunit EIIC;hypothetical protein;PTS system beta-glucoside-specific IIABC component,JLGHJK_00776;JLGHJK_00775,IGABOM_00134,
group_5684,,hypothetical protein;HTH domain-containing protein;Sorbitol operon transcription antiterminatorBglG family,JLGHJK_00515;JLGHJK_00514,IGABOM_03039,
group_5683,,hypothetical protein;Glycosyl transferase family protein,JLGHJK_03146;JLGHJK_03147,IGABOM_02301,
group_5682,,hypothetical protein;Di-and tricarboxylate transporter,JLGHJK_01028;JLGHJK_01029,IGABOM_00387,
group_5681,,Lysozyme,JLGHJK_00707,IGABOM_00080,
rqcH,;rqcH,hypothetical protein;Rqc2-like protein RqcH,JLGHJK_02181,IGABOM_01507;IGABOM_01506,
group_5680,,hypothetical protein;citrate lyase holo-[acyl-carrier protein] synthase,JLGHJK_01537;JLGHJK_01536,IGABOM_00949,
group_5679,,hypothetical protein;3-oxoacyl-[acyl-carrier-protein] reductase,JLGHJK_00874,IGABOM_00229;IGABOM_00230,
group_5678,,hypothetical protein;Amino acid permease;Putative histidine permease,JLGHJK_01686;JLGHJK_01685,IGABOM_01088,
group_5677,,hypothetical protein;Uracil-DNA glycosylase,JLGHJK_01220;JLGHJK_01219,IGABOM_00688,
group_5676,,SnoaL-like domain-containing protein,JLGHJK_00407,IGABOM_02886,
group_5675,,hypothetical protein;Putative potassium transport system protein Kup 1,JLGHJK_00978;JLGHJK_00979,IGABOM_00342,
group_5674,,hypothetical protein;8-oxo-dGTP diphosphatase,JLGHJK_01810,IGABOM_01206,
group_5673,,hypothetical protein;Gram-positive cocci surface proteins LPxTG domain-containing protein,JLGHJK_01339;JLGHJK_01340,IGABOM_00792,
group_5672,,Extracellular protein;hypothetical protein;Uncharacterized oxidoreductase Lmo0432,JLGHJK_00138,IGABOM_02570;IGABOM_02569,
group_5671,,hypothetical protein;Poly(Glycerol-phosphate) alpha-glucosyltransferase,JLGHJK_01698,IGABOM_01096;IGABOM_01097,
group_5670,,GNAT family N-acetyltransferase,JLGHJK_03042,IGABOM_02206,
group_5669,,hypothetical protein,JLGHJK_03128,IGABOM_02285,
group_5668,,Conjugation protein,JLGHJK_03466,,PHDJFC_03039
group_5666,,1-deoxy-D-xylulose-5-phosphate reductoisomerase protein,JLGHJK_00660,IGABOM_03181,
group_5665,,MucBP domain-containing protein,JLGHJK_01372,IGABOM_00809,
group_5664,,hypothetical protein,JLGHJK_00624,IGABOM_03148,
group_5663,,hypothetical protein;SRPBCC family protein,JLGHJK_00155,IGABOM_02586,
group_5662,,hypothetical protein,JLGHJK_02026,IGABOM_01375,
group_5661,,hypothetical protein,JLGHJK_02911,IGABOM_02082,
group_5660,,hypothetical protein;ABC transporter ATP-binding and permeaseprotein,JLGHJK_02963,IGABOM_02140;IGABOM_02141,
group_5659,,Methyltransferase SAM-dependent,JLGHJK_01701,IGABOM_01100,
group_5658,,hypothetical protein,JLGHJK_01395,IGABOM_00823,
group_5657,,Ferritin/DPS protein domain-containing protein,JLGHJK_00421,IGABOM_02899,
group_5656,,Tyr recombinase domain-containing protein,JLGHJK_02922,IGABOM_02101,
group_5655,,hypothetical protein;Coenzyme A biosynthesis bifunctional protein CoaBC,JLGHJK_01989;JLGHJK_01990,IGABOM_01343,
group_5654,,hypothetical protein;Prophage protein,JLGHJK_01615,IGABOM_01022,
group_5653,,hypothetical protein;Octaprenyl-diphosphate synthase / Dimethylallyltransferase (Farnesyldiphosphate synthase)/ Geranyltranstransferase,JLGHJK_01978;JLGHJK_01977,IGABOM_01332,
group_5652,,Integral membrane protein,JLGHJK_00290,IGABOM_02790,
group_5651,,N-acetyltransferase domain-containing protein;Integral membrane protein;hypothetical protein,JLGHJK_03289,IGABOM_02429;IGABOM_02428,
group_5650,,hypothetical protein,JLGHJK_03473,,PHDJFC_02905
group_5649,,hypothetical protein,JLGHJK_02919,IGABOM_02095,
group_5648,,hypothetical protein;Lipoprotein,JLGHJK_02103,IGABOM_01440,
group_5646,,Nickase,JLGHJK_03472,,PHDJFC_03033
group_5645,,hypothetical protein,JLGHJK_03470,,PHDJFC_03035
group_5644,,Gram-positive cocci surface proteins LPxTG domain-containing protein;putative cell surface protein;hypothetical protein,JLGHJK_02022,IGABOM_01371;IGABOM_01370,
group_5643,,hypothetical protein;L(+)-tartrate dehydratase subunit beta,JLGHJK_01510,IGABOM_00926,
group_5642,,Cation transport protein;Tartrate transport protein,JLGHJK_01508,IGABOM_00924,
group_5641,,Alpha-L-rhamnosidase;hypothetical protein,JLGHJK_01360,IGABOM_00803,
group_5640,,CPBP family intramembrane metalloprotease,JLGHJK_01336,IGABOM_00789,
group_5639,,Acetyl esterase (Promiscuous),JLGHJK_00492,IGABOM_02954,
group_5638,lysM,LysM domain-containing protein,JLGHJK_00812,IGABOM_00168,
group_5637,,hypothetical protein;Cell wall protein IFF6,JLGHJK_00165;JLGHJK_00166,IGABOM_02595,
group_5636,,hypothetical protein;Integrase/recombinase,JLGHJK_01647;JLGHJK_01646,IGABOM_01052,
group_5635,,hypothetical protein;Putative uroporphyrin-III c-methyltransferase,JLGHJK_00341;JLGHJK_00340,IGABOM_02834,
group_5634,,hypothetical protein;Arginine--tRNA ligase,JLGHJK_01768;JLGHJK_01769,IGABOM_01158,
group_5633,,hypothetical protein;Drug resistance transport protein major facilitator subfamily (MFS) EmrB/QacA subfamily,JLGHJK_02309;JLGHJK_02308,IGABOM_01608,
group_5632,,hypothetical protein;Phosphoglucomutase,JLGHJK_01177,IGABOM_00649;IGABOM_00650,
group_5631,,Pseudouridine synthase,JLGHJK_03090,IGABOM_02249,
group_5630,,Thioredoxin domain-containing protein,JLGHJK_03461,,PHDJFC_02964
group_5629,,ATP-binding component of an ABC superfamily transporter,JLGHJK_02024,IGABOM_01373,
group_5628,,hypothetical protein;HIRAN domain-containing protein,JLGHJK_00643;JLGHJK_00644,IGABOM_03165,
group_5627,,Membrane-bound protease CAAX family,JLGHJK_01737,IGABOM_01130,
group_5626,,DUF302 domain-containing protein,JLGHJK_03083,IGABOM_02244,
group_5625,,Extracellular protein,JLGHJK_03080,IGABOM_02241,
group_5624,,hypothetical protein,JLGHJK_00685,IGABOM_03202,
group_5623,,Transcriptional regulator;hypothetical protein,JLGHJK_02517,IGABOM_01745,
group_5622,,hypothetical protein,JLGHJK_01616,IGABOM_01023,
group_5621,,hypothetical protein;Extracellular protein,JLGHJK_00805;JLGHJK_00804,IGABOM_00162,
group_5620,,Membrane-bound protease rhomboid family,JLGHJK_01947,IGABOM_01302,
group_5619,,SSD domain-containing protein,JLGHJK_00802,IGABOM_00160,
group_5618,,hypothetical protein;HTH lysR-type domain-containing protein,JLGHJK_03296,IGABOM_02434,
group_5617,,HTH marR-type domain-containing protein,JLGHJK_00652,IGABOM_03174,
group_5616,;nrnA,hypothetical protein;Bifunctional oligoribonuclease/PAP phosphatase NrnA,JLGHJK_01756,IGABOM_01150;IGABOM_01149,
group_5615,,hypothetical protein;YbhB/YbcL family Raf kinase inhibitor-like protein,JLGHJK_00141,IGABOM_02573,
group_5614,;marR,Transcriptional regulator;MarR family transcriptional regulator [Lactobacillus sp],JLGHJK_00083,IGABOM_02518,
group_5613,,hypothetical protein,JLGHJK_00128,IGABOM_02560,
group_5612,,hypothetical protein;Phosphoribosylamine--glycine ligase,JLGHJK_03149;JLGHJK_03150,IGABOM_02303,
group_5611,,hypothetical protein;Penicillin V acylase family protein,JLGHJK_00600,IGABOM_03124;IGABOM_03125,
group_5610,,Zinc-containing alcohol dehydrogenase/quinone oxidoreductase,JLGHJK_00614,IGABOM_03139,
group_5609,,SGNH hydrolase-type esterase domain-containing protein;hypothetical protein,JLGHJK_00414;JLGHJK_00415,IGABOM_02893,
group_5608,,hypothetical protein;Cell surface hydrolase membrane-bound,JLGHJK_00929;JLGHJK_00930,IGABOM_00306,
group_5607,,Cell surface hydrolase,JLGHJK_02319,IGABOM_01630,
hisF,hisF,Imidazole glycerol phosphate synthase subunit HisF,JLGHJK_03024,IGABOM_02186,
group_5606,,Permease IIC component,JLGHJK_00794,IGABOM_00152,
group_5605,,hypothetical protein,JLGHJK_02186,IGABOM_01512,
group_5604,,hypothetical protein;ABC transporter permease,JLGHJK_01835;JLGHJK_01836,IGABOM_01227,
group_5603,,4-carboxymuconolactone decarboxylase,JLGHJK_03276,IGABOM_02418,
group_5602,dnaD,DnaD domain-containing protein,JLGHJK_02906,IGABOM_02076,
group_5601,,hypothetical protein,JLGHJK_01377,IGABOM_00811,
ubiX,;ubiX,hypothetical protein;Flavin prenyltransferase UbiX,JLGHJK_00779,IGABOM_00138;IGABOM_00137,
group_5600,,Cof-type HAD-IIB family hydrolase,JLGHJK_02260,IGABOM_01570,
group_5599,,MFS transporter;Major facilitator superfamily (MFS) profile domain-containing protein,JLGHJK_02189,IGABOM_01515,
group_5598,,Hydroxymethylpyrimidine/phosphomethylpyrimidine kinase,JLGHJK_00639,IGABOM_03161,
group_5597,,hypothetical protein;CPBP family intramembrane metalloprotease,JLGHJK_00809,IGABOM_00166,
group_5596,,NAD(P)H-binding protein,JLGHJK_00234,IGABOM_02738,
group_5595,,putative ketoamine kinase lp_1983,JLGHJK_02368,IGABOM_01673,
group_5594,,HTH marR-type domain-containing protein,JLGHJK_00338,IGABOM_02832,
group_5593,,hypothetical protein;cysteine-S-conjugate beta-lyase,JLGHJK_00004;JLGHJK_00005,IGABOM_02459,
group_5592,,LPXTG cell wall anchor domain-containing protein,JLGHJK_03048,IGABOM_02212,
group_5591,,Prophage protein,JLGHJK_02909,IGABOM_02079,
group_5590,,hypothetical protein;Hydrolase,JLGHJK_02989;JLGHJK_02988,IGABOM_02158,
group_5589,,Acetyltransferase GNAT family,JLGHJK_00612,IGABOM_03137,
group_5588,,DUF3658 domain-containing protein;hypothetical protein,JLGHJK_00610,IGABOM_03135,
group_5587,,hypothetical protein;Extracellular protein,JLGHJK_00131,IGABOM_02563,
group_5586,,Exodeoxyribonuclease,JLGHJK_01225,IGABOM_00693,
group_5585,,YdhG-like domain-containing protein,JLGHJK_03034,IGABOM_02196,
group_5584,,Heptaprenyl diphosphate synthase component II,JLGHJK_01558,IGABOM_00963,
group_5583,,hypothetical protein,JLGHJK_02438,IGABOM_01729,
group_5582,,WxL domain-containing protein,JLGHJK_00387,IGABOM_02873,
group_5581,,Phorbol-ester/DAG-type domain-containing protein,JLGHJK_00848,IGABOM_00204,
group_5580,,Zinc-ribbon domain-containing protein,JLGHJK_00059,IGABOM_02503,
group_5579,,hypothetical protein,JLGHJK_01797,IGABOM_01182,
group_5578,,protein adenylyltransferase,JLGHJK_00461,IGABOM_02926,
group_5577,,hypothetical protein,JLGHJK_03047,IGABOM_02210,
group_5576,,hypothetical protein,JLGHJK_00462,IGABOM_02927,
group_5575,,Indole-3-glycerol phosphate synthase,JLGHJK_02032,IGABOM_01380,
group_5574,,hypothetical protein;L(+)-tartrate dehydratase subunit alpha,JLGHJK_01512;JLGHJK_01511,IGABOM_00927,
group_5573,,TetR/AcrR family transcriptional regulator;hypothetical protein,JLGHJK_01252,IGABOM_00705,
group_5572,,Phosphoribosyl transferase domain protein,JLGHJK_01677,IGABOM_01080,
group_5571,,Serine aminopeptidase S33 domain-containing protein,JLGHJK_00063,IGABOM_02507,
group_5570,;uspA,hypothetical protein;Nucleotide-binding protein universal stress protein UspA family,JLGHJK_01710,IGABOM_01107,
group_5569,prsA,Foldase protein PrsA 2,JLGHJK_00201,IGABOM_02707,
group_5568,,HTH merR-type domain-containing protein,JLGHJK_00746,IGABOM_00117,
group_5567,,hypothetical protein,JLGHJK_02578,IGABOM_01793,
bacF,bacF,Transaminase BacF,JLGHJK_00849,IGABOM_00209,
sdpI,sdpI,SdpI family protein,JLGHJK_01928,IGABOM_01284,
group_5566,,hypothetical protein,JLGHJK_00822,IGABOM_00178,
group_5565,,Riboflavin synthase,JLGHJK_01813,IGABOM_01209,
group_5564,ftsK,DNA translocase FtsK,JLGHJK_01841,IGABOM_01233,
group_5563,,hypothetical protein;Acetyl-coenzyme A carboxylase carboxyl transferase subunit beta 1,JLGHJK_01059,IGABOM_00471,
group_5562,,LD-carboxypeptidase C-terminal domain-containing protein;Peptidase S66,JLGHJK_02150,IGABOM_01481,
group_5561,,hypothetical protein,JLGHJK_02148,IGABOM_01479,
group_5560,,XTP/dITP diphosphatase,JLGHJK_00295,IGABOM_02794,
group_5559,,hypothetical protein;Acetoin ABC transporter permease,JLGHJK_00836,IGABOM_00193,
group_5558,,hypothetical protein;Sodium/sulfate symport protein,JLGHJK_01762,IGABOM_01152,
group_5557,,hypothetical protein,JLGHJK_00012,IGABOM_02466,
group_5556,merR,Transcription regulator MerR family,JLGHJK_00788,IGABOM_00147,
group_5555,,Gamma-D-glutamyl-meso-diaminopimelate peptidase,JLGHJK_00398,IGABOM_02882,
group_5554,,hypothetical protein;Alpha-14 glucan phosphorylase,JLGHJK_00569;JLGHJK_00568,IGABOM_03090,
group_5553,,Protein-tyrosine phosphatase,JLGHJK_00268,IGABOM_02773,
group_5552,,hypothetical protein;DUF4811 domain-containing protein,JLGHJK_03264,IGABOM_02406,
group_5551,,HTH cro/C1-type domain-containing protein,JLGHJK_00157,IGABOM_02587,
group_5550,cscD,Cell surface protein CscD familyLPXTG-motif cell wall anchor,JLGHJK_00090,IGABOM_02525,
group_5549,,Phosphoribosylglycinamide formyltransferase,JLGHJK_03152,IGABOM_02305,
group_5548,,hypothetical protein;Extracellular protein,JLGHJK_01633;JLGHJK_01634,IGABOM_01041,
group_5547,,hypothetical protein;PTS system mannose-specific IIA component,JLGHJK_02796;JLGHJK_02795,IGABOM_01981,
group_5546,,Phage protein,JLGHJK_02931,IGABOM_02112,
group_5545,,hypothetical protein;Integral membrane protein,JLGHJK_03075;JLGHJK_03074,IGABOM_02236,
group_5544,,hypothetical protein,JLGHJK_02663,IGABOM_01862,
group_5543,,hypothetical protein,JLGHJK_01384,IGABOM_00816,
group_5542,,LamG-like jellyroll fold domain-containing protein;hypothetical protein,JLGHJK_00112,IGABOM_02546,
group_5541,,hypothetical protein,JLGHJK_00609,IGABOM_03134,
group_5540,,hypothetical protein,JLGHJK_00278,IGABOM_02778,
dprA,dprA;,DNA protecting protein DprA;hypothetical protein,JLGHJK_02239,IGABOM_01550,
group_5539,,Aldose 1-epimerase,JLGHJK_02113,IGABOM_01448,
group_5538,,GIY-YIG nuclease family protein,JLGHJK_01365,IGABOM_00805,
group_5537,,DUF2187 domain-containing protein,JLGHJK_01719,IGABOM_01116,
group_5536,,N-acetyltransferase domain-containing protein,JLGHJK_03125,IGABOM_02282,
group_5535,,hypothetical protein;Glycosyltransferase 2-like domain-containing protein,JLGHJK_02580,IGABOM_01794,
group_5534,,Glucokinase / transcription regulator ROK family;ROK family protein,JLGHJK_00080,IGABOM_02516,
group_5533,,ABC transporter ATP-binding protein;hypothetical protein;Multidrug resistance ABC transporter ATP-binding and permease protein,JLGHJK_00081;JLGHJK_00082,IGABOM_02517,
group_5532,;bcaP,hypothetical protein;Branched-chain amino acid permease BcaP;Amino acid permease,JLGHJK_00277;JLGHJK_00276,IGABOM_02777,
group_5531,,Lytic polysaccharide monooxygenase,JLGHJK_02082,IGABOM_01422,
ydcE,;ydcE,mRNA interferase;Programmed cell death toxin YdcE,JLGHJK_00977,IGABOM_00341,
group_5530,,Glycosyl transferase family 1,JLGHJK_01697,IGABOM_01095,
group_5529,,hypothetical protein;Large-conductance mechanosensitive channel,JLGHJK_02918,IGABOM_02094,
group_5528,,ABC transporter permease,JLGHJK_02025,IGABOM_01374,
group_5527,,hypothetical protein;DUF916 domain-containing protein,JLGHJK_00388,IGABOM_02874,
group_5526,,hypothetical protein;Integral membrane protein,JLGHJK_02202;JLGHJK_02203,IGABOM_01524,
group_5525,,hypothetical protein;NADH oxidase,JLGHJK_01163,IGABOM_00638,
group_5524,,hypothetical protein;L-lactate permease,JLGHJK_02201;JLGHJK_02200,IGABOM_01523,
group_5523,,Glycosyl hydrolase family 8,JLGHJK_01164,IGABOM_00639,
group_5522,,hypothetical protein;Transmembrane protein,JLGHJK_01165;JLGHJK_01166,IGABOM_00640,
ethD,;ethD,hypothetical protein;EthD domain-containing protein,JLGHJK_02199,IGABOM_01522,
group_5521,,hypothetical protein,JLGHJK_02198,IGABOM_01521,
group_5520,,hypothetical protein;Carbamoyl phosphate synthase arginine-specific small chain,JLGHJK_00988,IGABOM_00347;IGABOM_00348,
group_5519,,hypothetical protein;DUF2334 domain-containing protein,JLGHJK_01167,IGABOM_00641;IGABOM_00642,
group_5518,,hypothetical protein;Amino acid permease/ SLC12A domain-containing protein,JLGHJK_02197;JLGHJK_02196,IGABOM_01520,
group_5517,,2-hydroxy-3-oxopropionate reductase,JLGHJK_03015,IGABOM_02179,
group_5516,,carbamoyl-phosphate synthase (ammonia);hypothetical protein;Carbamoyl phosphate synthase arginine-specific large chain,JLGHJK_00984;JLGHJK_00985;JLGHJK_00983;JLGHJK_00987;JLGHJK_00986,IGABOM_00346,
ydaM,;ydaM,hypothetical protein;Glycosyltransferase YdaM,JLGHJK_01168;JLGHJK_01169,IGABOM_00643,
group_5515,,hypothetical protein;Homoserine kinase,JLGHJK_01045;JLGHJK_01044,IGABOM_00400,
group_5514,,Elongation factor 4;hypothetical protein,JLGHJK_02380;JLGHJK_02378;JLGHJK_02379,IGABOM_01683,
group_5513,,hypothetical protein;DUF368 domain-containing protein,JLGHJK_02195;JLGHJK_02194,IGABOM_01519,
group_5512,,hypothetical protein,JLGHJK_01258,IGABOM_00710,
group_5511,,hypothetical protein;DNA repair protein,JLGHJK_02779;JLGHJK_02778,IGABOM_01966,
group_5510,,hypothetical protein;Putative ribose-phosphate pyrophosphokinase 2,JLGHJK_02602;JLGHJK_02603,IGABOM_01812,
group_5509,,hypothetical protein;Amidophosphoribosyltransferase,JLGHJK_03156;JLGHJK_03155,IGABOM_02307,
group_5508,,hypothetical protein;DUF475 domain-containing protein,JLGHJK_03017;JLGHJK_03016,IGABOM_02180,
group_5507,,hypothetical protein;Homocysteine S-methyltransferase,JLGHJK_01687;JLGHJK_01688,IGABOM_01089,
group_5506,,Transport permease protein,JLGHJK_02294,IGABOM_01597,
group_5505,,hypothetical protein,JLGHJK_01594;JLGHJK_01595,IGABOM_00994,
group_5504,,Major facilitator superfamily (MFS) profile domain-containing protein;hypothetical protein;Major facilitator superfamily permease,JLGHJK_00361;JLGHJK_00360,IGABOM_02852,
group_5503,,hypothetical protein;Aminoglycoside phosphotransferase domain-containing protein,JLGHJK_01837,IGABOM_01228;IGABOM_01229,
group_5502,,AAA+ ATPase domain-containing protein,JLGHJK_01900,IGABOM_01258,
group_5501,;mutS,hypothetical protein;DNA mismatch repair protein MutS,JLGHJK_02757;JLGHJK_02758,IGABOM_01948,
group_5500,,hypothetical protein;Transport protein major facilitator family (MFS) C-terminal domain,JLGHJK_01259,IGABOM_00711,
group_5499,,HTH lysR-type domain-containing protein,JLGHJK_00137,IGABOM_02568,
group_5498,;mreB,hypothetical protein;Rod shape-determining protein;Cell shape-determining protein MreB,JLGHJK_02776;JLGHJK_02777,IGABOM_01965,
group_5497,,hypothetical protein;tetrahydrofolate synthase,JLGHJK_02781;JLGHJK_02780,IGABOM_01967,
group_5496,,hypothetical protein,JLGHJK_01824,IGABOM_01217,
group_5495,,hypothetical protein;Protein co-occurring with transport system,JLGHJK_01136,IGABOM_00615,
group_5494,,hypothetical protein,JLGHJK_01826,IGABOM_01218,
group_5493,,hypothetical protein;Beta-Ala-Xaa dipeptidase,JLGHJK_01708;JLGHJK_01709,IGABOM_01106,
group_5492,,hypothetical protein;Phosphate/phosphite/phosphonate ABC transporter substrate-binding protein,JLGHJK_01120;JLGHJK_01118;JLGHJK_01119,IGABOM_00602,
group_5491,,Transport protein,JLGHJK_02156,IGABOM_01483,
group_5490,,hypothetical protein;Cellulose synthase (UDP-forming),JLGHJK_01170;JLGHJK_01171;JLGHJK_01172,IGABOM_00644,
ubiD,ubiD;,UbiD family decarboxylase;hypothetical protein;3-polyprenyl-4-hydroxybenzoate carboxy-lyase,JLGHJK_00057;JLGHJK_00056,IGABOM_02502,
ybeY,;ybeY,hypothetical protein;Endoribonuclease YbeY,JLGHJK_02352;JLGHJK_02353,IGABOM_01660,
group_5489,,hypothetical protein;Diaminopimelate decarboxylase,JLGHJK_02096;JLGHJK_02098;JLGHJK_02097,IGABOM_01436,
group_5488,,hypothetical protein;HTH cro/C1-type domain-containing protein,JLGHJK_01380;JLGHJK_01379;JLGHJK_01381,IGABOM_00813,
group_5487,,hypothetical protein;FAD synthase,JLGHJK_01276;JLGHJK_01277,IGABOM_00728,
group_5486,,hypothetical protein;Iron ABC transporter substrate binding protein,JLGHJK_02130;JLGHJK_02131;JLGHJK_02132,IGABOM_01465,
group_5485,;comE,hypothetical protein;ComE operon protein 3 DNA transport protein,JLGHJK_02569;JLGHJK_02567;JLGHJK_02568,IGABOM_01784,
group_5484,,14-dihydroxy-2-naphthoate octaprenyltransferase;14-dihydroxy-2-naphthoate prenyltransferase,JLGHJK_01925,IGABOM_01280,
group_5483,,Glycosyl hydrolase,JLGHJK_03242,IGABOM_02387,
group_5482,;eamA,hypothetical protein;EamA family transporter,JLGHJK_02974;JLGHJK_02975,IGABOM_02150,
group_5481,,hypothetical protein;ABC transporter ATP-binding protein,JLGHJK_00150;JLGHJK_00148;JLGHJK_00149,IGABOM_02581,
group_5480,,hypothetical protein;Cell surface protein LPXTG-motif cell wall anchor,JLGHJK_00885,IGABOM_00238,
group_5479,,hypothetical protein;Ribulose-phosphate 3-epimerase,JLGHJK_01998;JLGHJK_01999,IGABOM_01351,
group_5478,,Homoserine dehydrogenase;hypothetical protein,JLGHJK_01043;JLGHJK_01042,IGABOM_00399,
group_5477,,hypothetical protein;Permease IIC component,JLGHJK_01580;JLGHJK_01578;JLGHJK_01579,IGABOM_00980,
group_5476,,hypothetical protein;ABC transporter ATP-binding protein,JLGHJK_02296;JLGHJK_02295,IGABOM_01598,
group_5475,,hypothetical protein;Thiamine diphosphokinase,JLGHJK_02000;JLGHJK_02001,IGABOM_01352,
group_5474,,hypothetical protein;tRNA-dihydrouridine synthase,JLGHJK_00050;JLGHJK_00051,IGABOM_02497,
group_5473,,histidine kinase,JLGHJK_00581,IGABOM_03101,
group_5472,,hypothetical protein;Glycerol phosphate lipoteichoic acid synthase 1,JLGHJK_01658;JLGHJK_01659,IGABOM_01063,
group_5471,,hypothetical protein;Ribonuclease 3,JLGHJK_02009;JLGHJK_02010,IGABOM_01359,
group_5470,,hypothetical protein;Tetratricopeptide repeat protein,JLGHJK_02261;JLGHJK_02262,IGABOM_01571,
group_5469,,UvrABC system protein A;hypothetical protein,JLGHJK_01741;JLGHJK_01742,IGABOM_01135,
group_5468,,hypothetical protein;DUF1003 domain-containing protein,JLGHJK_02193;JLGHJK_02192,IGABOM_01518,
group_5467,,hypothetical protein;Major facilitator superfamily (MFS) profile domain-containing protein,JLGHJK_02516;JLGHJK_02515,IGABOM_01744,
group_5466,,hypothetical protein;Aspartate racemase,JLGHJK_01904;JLGHJK_01903,IGABOM_01262,
group_5465,,hypothetical protein;Zinc-type alcohol dehydrogenase-like protein,JLGHJK_01901,IGABOM_01260;IGABOM_01259,
group_5464,,hypothetical protein;Bacterial type II secretion/trafficking system protein F,JLGHJK_02712;JLGHJK_02713,IGABOM_01910,
mutL,;mutL,hypothetical protein;DNA mismatch repair protein MutL,JLGHJK_02755;JLGHJK_02756,IGABOM_01947,
group_5463,,hypothetical protein;FAD:protein FMN transferase,JLGHJK_00049;JLGHJK_00048,IGABOM_02496,
group_5462,,Glycerol kinase,JLGHJK_01260,IGABOM_00712,
group_5461,,hypothetical protein;ImpB/MucB/SamB family protein,JLGHJK_00136;JLGHJK_00135,IGABOM_02567,
group_5460,,DNA-3-methyladenine glycosylase I,JLGHJK_00132,IGABOM_02564,
group_5459,marR,MarR family transcriptional regulator,JLGHJK_01312,IGABOM_00759,
group_5458,,PhoH-like protein;hypothetical protein,JLGHJK_02354;JLGHJK_02355,IGABOM_01661,
group_5457,,hypothetical protein;Ig-like domain-containing protein,JLGHJK_03225;JLGHJK_03224,IGABOM_02371,
group_5456,,Oxidoreductase,JLGHJK_03221,IGABOM_02368,
group_5455,,hypothetical protein;putative succinyl-diaminopimelate desuccinylase,JLGHJK_02311;JLGHJK_02312,IGABOM_01610,
group_5454,,hypothetical protein;NADP-dependent oxidoreductase domain-containing protein,JLGHJK_00662;JLGHJK_00661,IGABOM_03182,
group_5453,,hypothetical protein;Glycosyl transferase family protein,JLGHJK_01906;JLGHJK_01905,IGABOM_01263,
group_5452,,hypothetical protein;NADH:ubiquinone reductase (non-electrogenic),JLGHJK_01486;JLGHJK_01485,IGABOM_00908,
group_5451,,hypothetical protein;Iron ABC transporter permease protein,JLGHJK_02129,IGABOM_01464;IGABOM_01463,
group_5450,,hypothetical protein;DUF2252 domain-containing protein,JLGHJK_00753;JLGHJK_00752,IGABOM_00123,
group_5449,,hypothetical protein;HAD superfamily hydrolase,JLGHJK_01217;JLGHJK_01218,IGABOM_00687,
group_5448,,hypothetical protein;Amino acid permease,JLGHJK_01548;JLGHJK_01547,IGABOM_00954,
group_5447,,hypothetical protein;Pseudouridine synthase,JLGHJK_02273;JLGHJK_02274,IGABOM_01580,
group_5446,,hypothetical protein;Integral membrane protein,JLGHJK_02753;JLGHJK_02752,IGABOM_01945,
group_5445,,hypothetical protein;MFS transporter,JLGHJK_01782,IGABOM_01168;IGABOM_01169,
group_5444,,hypothetical protein;NADH peroxidase,JLGHJK_01823;JLGHJK_01822,IGABOM_01216,
group_5443,,Serine hydroxymethyltransferase;hypothetical protein,JLGHJK_02837;JLGHJK_02838,IGABOM_02018,
group_5442,;degV,hypothetical protein;DegV family protein,JLGHJK_02251;JLGHJK_02252,IGABOM_01563,
group_5441,,hypothetical protein;Acid sugar phosphatase,JLGHJK_02700;JLGHJK_02701,IGABOM_01898,
group_5440,,hypothetical protein;Glycosyltransferase family 1 (GT1),JLGHJK_02539;JLGHJK_02538,IGABOM_01761,
group_5439,,hypothetical protein;PTS system beta-glucoside-specific IIABC component,JLGHJK_00242;JLGHJK_00241,IGABOM_02748,
recD2,recD2;,ATP-dependent RecD2 DNA helicase;hypothetical protein,JLGHJK_02604;JLGHJK_02605,IGABOM_01813,
group_5438,,hypothetical protein;Late competence protein ATP-dependent DNA helicase/translocase,JLGHJK_01138;JLGHJK_01137,IGABOM_00616,
group_5437,,hypothetical protein;Peptidase metallopeptidase domain-containing protein,JLGHJK_01065;JLGHJK_01066,IGABOM_00477,
purL,;purL,hypothetical protein;Phosphoribosylformylglycinamidine synthase II;Phosphoribosylformylglycinamidine synthase subunit PurL,JLGHJK_03158;JLGHJK_03157,IGABOM_02308,
group_5436,,hypothetical protein;Maltose O-acetyltransferase,JLGHJK_03018;JLGHJK_03019,IGABOM_02181,
group_5435,cscD,Cell surface protein CscD familyLPXTG-motif cell wall anchor,JLGHJK_01827,IGABOM_01219,
group_5434,,hypothetical protein;Tyrosine-protein phosphatase,JLGHJK_02542;JLGHJK_02543,IGABOM_01764,
group_5433,,hypothetical protein;Dihydroorotate dehydrogenase,JLGHJK_03132;JLGHJK_03133,IGABOM_02289,
group_5432,,hypothetical protein;Poly(Glycerol-phosphate) alpha-glucosyltransferase,JLGHJK_01689;JLGHJK_01690,IGABOM_01090,
group_5431,,hypothetical protein;Alphaalpha-phosphotrehalase,JLGHJK_00774;JLGHJK_00773,IGABOM_00133,
group_5430,,ABC transporter permease subunit;ABC transmembrane type-1 domain-containing protein;hypothetical protein,JLGHJK_01214,IGABOM_00684;IGABOM_00683,
group_5429,,hypothetical protein;ABC transporter permease protein,JLGHJK_02337;JLGHJK_02338,IGABOM_01648,
steT,;steT,hypothetical protein;Putative serine/threonine exchanger SteT,JLGHJK_01310;JLGHJK_01311,IGABOM_00758,
group_5428,,hypothetical protein;Integral membrane protein,JLGHJK_01402;JLGHJK_01401,IGABOM_00829,
group_5427,,Malate/L-lactate/L-2-hydroxyisocapronate dehydrogenase,JLGHJK_02588,IGABOM_01798,
group_5426,,ABC transporter ATP-binding protein,JLGHJK_02157,IGABOM_01484,
group_5425,,hypothetical protein;Enoyl reductase (ER) domain-containing protein,JLGHJK_02038;JLGHJK_02039,IGABOM_01385,
group_5424,;eamA,hypothetical protein;Transport protein EamA family,JLGHJK_01729;JLGHJK_01728,IGABOM_01123,
group_5423,,Ankyrin repeat domain-containing protein;hypothetical protein,JLGHJK_00934,IGABOM_00309,
group_5422,,hypothetical protein;Glycosyltransferase RgtA/B/C/D-like domain-containing protein,JLGHJK_02220;JLGHJK_02221,IGABOM_01534,
yycH,;yycH,hypothetical protein;Regulatory protein YycH domain-containing protein,JLGHJK_00582,IGABOM_03102;IGABOM_03103,
group_5421,,hypothetical protein;Threonylcarbamoyl-AMP synthase,JLGHJK_02839;JLGHJK_02840,IGABOM_02019,
group_5420,,hypothetical protein;MucBP domain-containing protein,JLGHJK_01636;JLGHJK_01635,IGABOM_01042,
group_5419,;lysR,hypothetical protein;Malolactic regulator LysR family,JLGHJK_01539;JLGHJK_01540,IGABOM_00951,
group_5418,,NAD(P)-binding domain-containing protein,JLGHJK_02320,IGABOM_01631,
group_5417,,hypothetical protein;ABC transporter permease protein,JLGHJK_02340;JLGHJK_02339,IGABOM_01649,
yhfK,;yhfK,hypothetical protein;Sugar epimerase YhfK,JLGHJK_03123;JLGHJK_03124,IGABOM_02281,
group_5416,;lacI,hypothetical protein;Catabolite control protein B / transcription regulator LacI family,JLGHJK_03055;JLGHJK_03054,IGABOM_02218,
recO,;recO,hypothetical protein;DNA repair protein RecO,JLGHJK_02349;JLGHJK_02348,IGABOM_01657,
group_5415,,hypothetical protein;Bacterial type II secretion/trafficking system protein E ATPase,JLGHJK_02715;JLGHJK_02714,IGABOM_01911,
group_5414,,hypothetical protein;Major facilitator superfamily (MFS) profile domain-containing protein,JLGHJK_00302;JLGHJK_00303,IGABOM_02801,
group_5413,,hypothetical protein;Pyruvate oxidase,JLGHJK_01278;JLGHJK_01279,IGABOM_00729,
group_5412,,hypothetical protein;Cadmium-/manganese-transporting P-type ATPase,JLGHJK_02305;JLGHJK_02304,IGABOM_01606,
group_5411,,hypothetical protein;Xylose isomerase-like TIM barrel domain-containing protein,JLGHJK_02720;JLGHJK_02719,IGABOM_01915,
group_5410,,hypothetical protein;SAM-dependent methyltransferase,JLGHJK_02291;JLGHJK_02290,IGABOM_01595,
group_5409,,hypothetical protein,JLGHJK_00795,IGABOM_00153,
group_5408,,hypothetical protein;Riboflavin transporter,JLGHJK_02272;JLGHJK_02271,IGABOM_01579,
group_5407,,Inosine-5'-monophosphate dehydrogenase,JLGHJK_00093,IGABOM_02528,
group_5406,,carbamoyl-phosphate synthase (ammonia);Carbamoyl phosphate synthase pyrimidine-specific large chain,JLGHJK_03135;JLGHJK_03134,IGABOM_02290,
group_5405,,hypothetical protein;Serine hydrolase domain-containing protein,JLGHJK_01600;JLGHJK_01601,IGABOM_00996,
group_5404,,hypothetical protein;Transport protein,JLGHJK_02406;JLGHJK_02407,IGABOM_01702,
group_5403,,hypothetical protein;histidine kinase,JLGHJK_02968;JLGHJK_02969,IGABOM_02146,
group_5402,,hypothetical protein;Nuclease SbcCD subunit C,JLGHJK_01926,IGABOM_01281;IGABOM_01282,
tssH~~~clpB,;tssH;clpB,hypothetical protein;Type VI secretion system ATPase TssH;Chaperone protein ClpB,JLGHJK_02286;JLGHJK_02287,IGABOM_01592,
group_5401,,hypothetical protein;Extracellular protein,JLGHJK_03241;JLGHJK_03240,IGABOM_02386,
group_5400,,Lactate racemization operon protein;Pyridinium-35-bisthiocarboxylic acid mononucleotide nickel insertion protein,JLGHJK_00634;JLGHJK_00633,IGABOM_03156,
group_5399,,hypothetical protein;UDP-N-acetylglucosamine 1-carboxyvinyltransferase;UDP-N-acetylglucosamine 1-carboxyvinyltransferase 2,JLGHJK_00960;JLGHJK_00961,IGABOM_00329,
group_5398,,hypothetical protein;Pyruvate oxidase,JLGHJK_01274;JLGHJK_01275,IGABOM_00727,
group_5397,,Ferrous iron transport protein B;hypothetical protein,JLGHJK_01844,IGABOM_01236,
group_5396,,Dihydrolipoyl dehydrogenase;hypothetical protein,JLGHJK_02589;JLGHJK_02590,IGABOM_01799,
group_5395,,hypothetical protein;DNA-binding response regulator,JLGHJK_02971;JLGHJK_02970,IGABOM_02147,
ascB,;ascB,6-phospho-beta-glucosidase;hypothetical protein;6-phospho-beta-glucosidase AscB,JLGHJK_01780;JLGHJK_01781,IGABOM_01167,
group_5394,,hypothetical protein;dUTP diphosphatase,JLGHJK_01072;JLGHJK_01073,IGABOM_00481,
group_5393,,Fumarate reductase flavoprotein subunit;hypothetical protein,JLGHJK_01534;JLGHJK_01535,IGABOM_00948,
group_5392,,hypothetical protein;Enoyl reductase (ER) domain-containing protein,JLGHJK_02324;JLGHJK_02323,IGABOM_01634,
group_5391,,hypothetical protein,JLGHJK_01394;JLGHJK_01393,IGABOM_00822,
group_5390,,hypothetical protein;Citrate lyase regulator,JLGHJK_01524;JLGHJK_01523,IGABOM_00936,
group_5389,,Integral membrane protein,JLGHJK_00855,IGABOM_00213,
group_5388,,hypothetical protein;Aminotransferase,JLGHJK_01787;JLGHJK_01788,IGABOM_01174,
group_5387,,hypothetical protein;Isoleucine 2-epimerase,JLGHJK_02104;JLGHJK_02105,IGABOM_01441,
group_5386,,hypothetical protein;Chromosome partition protein Smc,JLGHJK_02012;JLGHJK_02011,IGABOM_01360,
group_5385,,hypothetical protein;Putative metallophosphoesterase,JLGHJK_02759;JLGHJK_02760,IGABOM_01949,
group_5384,,hypothetical protein;D-3-phosphoglycerate dehydrogenase,JLGHJK_00714;JLGHJK_00713,IGABOM_00086,
group_5383,,hypothetical protein;Band 7 domain-containing protein,JLGHJK_02069;JLGHJK_02068,IGABOM_01413,
group_5382,,hypothetical protein;LD-TPase catalytic domain-containing protein,JLGHJK_01556;JLGHJK_01557,IGABOM_00962,
group_5381,,HAD superfamily hydrolase,JLGHJK_01251,IGABOM_00704,
group_5380,,hypothetical protein;Glycerol uptake facilitator protein,JLGHJK_00883;JLGHJK_00884,IGABOM_00237,
group_5379,,hypothetical protein,JLGHJK_00739,IGABOM_00111,
group_5378,,hypothetical protein,JLGHJK_00443,IGABOM_02919,
group_5377,,hypothetical protein;Major facilitator superfamily (MFS) profile domain-containing protein,JLGHJK_00455;JLGHJK_00454,IGABOM_02922,
group_5376,,alpha-galactosidase;hypothetical protein;Alpha-galactosidase,JLGHJK_00470;JLGHJK_00471,IGABOM_02934,
group_5375,,hypothetical protein;Malate dehydrogenase,JLGHJK_01501;JLGHJK_01500,IGABOM_00919,
group_5374,,hypothetical protein;Glycine--tRNA ligase alpha subunit,JLGHJK_02347;JLGHJK_02346,IGABOM_01656,
group_5373,,hypothetical protein;HAD-IC family P-type ATPase;P-type Ca(2+) transporter,JLGHJK_01038;JLGHJK_01037,IGABOM_00395,
group_5372,,hypothetical protein;DUF4767 domain-containing protein,JLGHJK_02110;JLGHJK_02109,IGABOM_01445,
group_5371,,hypothetical protein;L-glyceraldehyde 3-phosphate reductase;Putative ion-channel protein,JLGHJK_00476;JLGHJK_00475,IGABOM_02938,
group_5370,,hypothetical protein;Glycosyltransferase,JLGHJK_03093;JLGHJK_03092,IGABOM_02255,
group_5369,,hypothetical protein;Mevalonate kinase,JLGHJK_02118;JLGHJK_02117,IGABOM_01452,
group_5368,,Mobile element protein;Transposase IS30-like HTH domain-containing protein,JLGHJK_01488,,PHDJFC_00227
group_5367,,hypothetical protein,JLGHJK_03431,IGABOM_02971,
group_5366,,Maltodextrin glucosidase,JLGHJK_00570,IGABOM_03091,
group_5365,,hypothetical protein;Serine-type D-Ala-D-Ala carboxypeptidase,JLGHJK_02391;JLGHJK_02390,IGABOM_01689,
group_5364,,hypothetical protein;D-alanine--D-alanyl carrier protein ligase,JLGHJK_02388;JLGHJK_02387,IGABOM_01687,
group_5363,,hypothetical protein;Anthranilate synthase component 1,JLGHJK_02029;JLGHJK_02028,IGABOM_01377,
group_5362,,hypothetical protein;Permease IIC component,JLGHJK_00902;JLGHJK_00903,IGABOM_00283,
group_5361,;secB,hypothetical protein;Preprotein translocase subunit SecB,JLGHJK_01593,IGABOM_00993,
group_5360,,hypothetical protein;putative dipeptidase,JLGHJK_00844;JLGHJK_00843,IGABOM_00200,
group_5359,,hypothetical protein;Pyridoxamine 5'-phosphate oxidase family protein,JLGHJK_00575;JLGHJK_00576,IGABOM_03096,
group_5358,,hypothetical protein;Methyltransferase,JLGHJK_02512;JLGHJK_02513,IGABOM_01742,
group_5357,,hypothetical protein;Ribonuclease J,JLGHJK_02597;JLGHJK_02598,IGABOM_01806,
group_5356,,Ig-like domain-containing protein,JLGHJK_03226,IGABOM_02372,
group_5355,,hypothetical protein;rRNA large subunit methyltransferase A,JLGHJK_02651;JLGHJK_02652,IGABOM_01851,
group_5354,;brnQ,hypothetical protein;Branched-chain amino acid permease BrnQ,JLGHJK_02648;JLGHJK_02649,IGABOM_01849,
group_5353,,hypothetical protein,JLGHJK_01845,IGABOM_01237,
group_5352,,Stage 0 sporulation A-like protein,JLGHJK_00580,IGABOM_03100,
group_5351,,hypothetical protein;1-acyl-sn-glycerol-3-phosphate acyltransferase,JLGHJK_02430;JLGHJK_02429,IGABOM_01722,
group_5350,,Exodeoxyribonuclease 7 large subunit;hypothetical protein,JLGHJK_01974;JLGHJK_01975,IGABOM_01330,
group_5349,,Ribonucleoside-diphosphate reductase;hypothetical protein,JLGHJK_01097;JLGHJK_01096,IGABOM_00573,
group_5348,,hypothetical protein;L-lactate oxidase,JLGHJK_00509,IGABOM_03021,
clpL,;clpL,hypothetical protein;ATP-dependent Clp protease ATP-binding subunit;ATP-dependent protease ClpL,JLGHJK_00506;JLGHJK_00507,IGABOM_03019,
group_5347,,hypothetical protein,JLGHJK_00036;JLGHJK_00037,IGABOM_02486,
group_5346,,hypothetical protein;Bacterial archaeo-eukaryotic release factor family 6 domain-containing protein,JLGHJK_00965;JLGHJK_00964,IGABOM_00332,
group_5345,,hypothetical protein;D-lactate dehydrogenase,JLGHJK_01299,IGABOM_00748,
group_5344,,hypothetical protein,JLGHJK_00304,IGABOM_02802,
group_5343,,hypothetical protein;RNA 2'-O ribose methyltransferase substrate binding family protein,JLGHJK_01932;JLGHJK_01931,IGABOM_01287,
group_5342,,hypothetical protein;Mannosyl-glycoprotein endo-beta-N-acetylglucosaminidase,JLGHJK_00702;JLGHJK_00701,IGABOM_00069,
group_5341,,Zn-Finger Containing protein,JLGHJK_00359,IGABOM_02851,
group_5340,,hypothetical protein;Ribonuclease Z,JLGHJK_02523;JLGHJK_02524,IGABOM_01750,
group_5339,,DUF3892 domain-containing protein,JLGHJK_02377,IGABOM_01682,
group_5338,,hypothetical protein;Manganese ABC transporter substrate-binding lipoprotein,JLGHJK_01518;JLGHJK_01519,IGABOM_00932,
group_5337,,tRNA (guanine-N(7)-)-methyltransferase,JLGHJK_01838,IGABOM_01230,
group_5336,,HTH tetR-type domain-containing protein,JLGHJK_00016,IGABOM_02470,
group_5334,,hypothetical protein;DNA repair exonuclease,JLGHJK_01794;JLGHJK_01793,IGABOM_01179,
group_5333,,Manganese transport regulator;hypothetical protein,JLGHJK_01421,IGABOM_00848,
group_5332,;recJ,hypothetical protein;Single-stranded-DNA-specific exonuclease RecJ,JLGHJK_02519;JLGHJK_02520,IGABOM_01747,
group_5331,,hypothetical protein;Glucose 1-dehydrogenase,JLGHJK_00144,IGABOM_02576;IGABOM_02577,
group_5330,;dhaL,hypothetical protein;DhaL domain-containing protein,JLGHJK_02004;JLGHJK_02005,IGABOM_01355,
group_5329,,hypothetical protein,JLGHJK_00113,IGABOM_02547,
group_5328,dhaL;,PTS-dependent dihydroxyacetone kinase ADP-binding subunit DhaL;hypothetical protein,JLGHJK_00689,IGABOM_00056,
group_5327,,Purine-cytosine permease related protein,JLGHJK_00368,IGABOM_02856,
group_5326,,hypothetical protein;Ribosomal RNA small subunit methyltransferase H,JLGHJK_02640;JLGHJK_02641,IGABOM_01842,
group_5325,,formate--tetrahydrofolate ligase;Formate--tetrahydrofolate ligase,JLGHJK_02163;JLGHJK_02164,IGABOM_01490,
group_5324,,hypothetical protein,JLGHJK_03066,IGABOM_02228,
group_5323,,Hydroxymethylglutaryl-CoA synthase,JLGHJK_02436,IGABOM_01727,
group_5322,,hypothetical protein;NAD(P)-binding domain-containing protein,JLGHJK_01726,IGABOM_01122,
group_5321,msrA,Peptide methionine sulfoxide reductase MsrA,JLGHJK_01724,IGABOM_01120,
group_5320,,hypothetical protein;nucleoside-diphosphate kinase,JLGHJK_00751,IGABOM_00122,
group_5319,,hypothetical protein;Xaa-Pro dipeptidyl-peptidase,JLGHJK_01283;JLGHJK_01284,IGABOM_00733,
group_5318,,hypothetical protein;PTS system mannose-specific EIIB component,JLGHJK_01055;JLGHJK_01054,IGABOM_00467,
group_5317,,DUF2812 domain-containing protein,JLGHJK_01261,IGABOM_00713,
group_5316,,DUF3021 domain-containing protein,JLGHJK_00654,IGABOM_03176,
group_5315,,GGDEF domain-containing protein,JLGHJK_00133,IGABOM_02565,
group_5314,,hypothetical protein;SGNH hydrolase-type esterase domain-containing protein,JLGHJK_00318;JLGHJK_00319,IGABOM_02817,
group_5313,,hypothetical protein;Major facilitator superfamily (MFS) profile domain-containing protein,JLGHJK_01316;JLGHJK_01315,IGABOM_00762,
group_5312,,hypothetical protein;putative membrane transporter protein,JLGHJK_01313,IGABOM_00760,
group_5311,;hflX,hypothetical protein;GTPase HflX,JLGHJK_01320;JLGHJK_01319,IGABOM_00765,
group_5310,lpdD,gallate decarboxylase subunit LpdD,JLGHJK_00780,IGABOM_00139,
group_5309,,tRNA pseudouridine synthase A,JLGHJK_01494,IGABOM_00914,
group_5308,,hypothetical protein;Serine-rich adhesin for platelets,JLGHJK_03222,IGABOM_02369,
group_5307,,Phosphohydrolase,JLGHJK_02369,IGABOM_01674,
group_5306,;bglG,hypothetical protein;Transcription regulator BglG family mannitol operon,JLGHJK_00743;JLGHJK_00742,IGABOM_00114,
group_5305,,hypothetical protein;ABC transporter domain-containing protein,JLGHJK_02256;JLGHJK_02255,IGABOM_01566,
group_5304,;tagU,hypothetical protein;Polyisoprenyl-teichoic acid--peptidoglycan teichoic acid transferase TagU,JLGHJK_01425;JLGHJK_01426,IGABOM_00852,
group_5303,;luxR,hypothetical protein;Transcription regulator LuxR family,JLGHJK_01775;JLGHJK_01774,IGABOM_01162,
group_5302,,hypothetical protein;FMN-dependent NADH:quinone oxidoreductase 2,JLGHJK_01388;JLGHJK_01389,IGABOM_00818,
pepO,pepO;,Endopeptidase PepO;hypothetical protein,JLGHJK_00425;JLGHJK_00424,IGABOM_02902,
group_5301,,hypothetical protein;Cation transport ATPase,JLGHJK_00374;JLGHJK_00375,IGABOM_02861,
group_5300,,hypothetical protein;Abc transporter atp-binding and permease protein,JLGHJK_01771;JLGHJK_01772,IGABOM_01160,
group_5299,,hypothetical protein;Beta-lactamase class A,JLGHJK_02808;JLGHJK_02807,IGABOM_01991,
group_5298,,hypothetical protein,JLGHJK_02084,IGABOM_01424,
group_5297,,hypothetical protein;Histidine kinase,JLGHJK_02710,IGABOM_01907,
group_5296,,hypothetical protein;3-oxoacyl-[acyl-carrier protein] reductase,JLGHJK_00677;JLGHJK_00678,IGABOM_03196,
group_5295,,cysteine-S-conjugate beta-lyase,JLGHJK_03182,IGABOM_02333,
group_5294,,hypothetical protein;DUF1828 domain-containing protein,JLGHJK_02695,IGABOM_01893,
group_5293,;rsgA,Ribosome small subunit-dependent GTPase A;Small ribosomal subunit biogenesis GTPase RsgA 2,JLGHJK_02065,IGABOM_01410,
group_5292,,Peptidase C39-like domain-containing protein,JLGHJK_03244,IGABOM_02388,
group_5291,,hypothetical protein;Na+/glutamate symporter,JLGHJK_02042;JLGHJK_02041,IGABOM_01387,
group_5290,,hypothetical protein;Class I SAM-dependent methyltransferase,JLGHJK_01099,IGABOM_00575,
group_5289,,hypothetical protein;Putative Na+/H+ antiporter,JLGHJK_01229;JLGHJK_01228,IGABOM_00696,
group_5288,,hypothetical protein;Putative membrane protein,JLGHJK_01295,IGABOM_00744,
group_5287,mreC,Cell shape-determining protein MreC,JLGHJK_02775,IGABOM_01964,
group_5286,,hypothetical protein;Carbamoyl phosphate synthase small chain,JLGHJK_02168;JLGHJK_02169,IGABOM_01494,
group_5285,sarZ,HTH-type transcriptional regulator SarZ,JLGHJK_02212,IGABOM_01530,
rsgA~~~yqeH,rsgA;yqeH,Ribosome biogenesis GTPase RsgA;Ribosome biogenesis GTPase YqeH,JLGHJK_01909,IGABOM_01266,
group_5284,,Lipoprotein,JLGHJK_02301,IGABOM_01603,
group_5283,,hypothetical protein;tRNA(Ile)-lysidine synthase,JLGHJK_01007,IGABOM_00366;IGABOM_00365,
hslU,;hslU,hypothetical protein;ATP-dependent protease ATPase subunit HslU,JLGHJK_02232;JLGHJK_02233,IGABOM_01545,
group_5282,,hypothetical protein,JLGHJK_02831,IGABOM_02013,
recX,;recX,hypothetical protein;Regulatory protein RecX,JLGHJK_01619;JLGHJK_01620,IGABOM_01026,
group_5281,,hypothetical protein,JLGHJK_00498,IGABOM_03011,
group_5280,,hypothetical protein;3'5'-cyclic-nucleotide phosphodiesterase,JLGHJK_00251,IGABOM_02757,
group_5279,,hypothetical protein;1-deoxy-D-xylulose-5-phosphate synthase,JLGHJK_03060;JLGHJK_03061,IGABOM_02223,
group_5278,secA;,Protein translocase subunit SecA;hypothetical protein;Protein translocase subunit SecA 1,JLGHJK_01141;JLGHJK_01142,IGABOM_00619,
group_5277,,Hydrolase HAD superfamily subfamily IA,JLGHJK_03303,IGABOM_02456,
group_5276,,hypothetical protein,JLGHJK_00871,IGABOM_00226,
group_5275,;cscC,hypothetical protein;Cell surface protein CscC family,JLGHJK_00531,IGABOM_03056,
group_5274,,YdhG-like domain-containing protein,JLGHJK_02173,IGABOM_01498,
group_5273,,hypothetical protein;Aminotransferase,JLGHJK_01298,IGABOM_00747,
group_5272,,hypothetical protein,JLGHJK_01296,IGABOM_00745,
group_5271,,Valine--tRNA ligase,JLGHJK_02782,IGABOM_01968,
group_5270,,hypothetical protein,JLGHJK_02751,IGABOM_01944,
group_5269,,hypothetical protein;HTH hxlR-type domain-containing protein,JLGHJK_00073,IGABOM_02515,
group_5268,,hypothetical protein,JLGHJK_00071;JLGHJK_00070,IGABOM_02513,
group_5267,,DUF1694 domain-containing protein,JLGHJK_02791,IGABOM_01977,
group_5266,,Tryptophan synthase beta chain;hypothetical protein,JLGHJK_02035;JLGHJK_02034,IGABOM_01382,
group_5265,,Transcription regulator Crp/FNR family,JLGHJK_01820,IGABOM_01214,
group_5264,,hypothetical protein;Uracil transporter,JLGHJK_02834;JLGHJK_02835,IGABOM_02016,
group_5263,,hypothetical protein;DNA helicase,JLGHJK_02269;JLGHJK_02268,IGABOM_01577,
group_5262,,DUF4440 domain-containing protein,JLGHJK_03293,IGABOM_02433,
group_5261,,DMT family transporter,JLGHJK_03129,IGABOM_02286,
group_5260,padR,Transcription regulator PadR N-terminal domain-containing protein,JLGHJK_00221,IGABOM_02727,
group_5259,,hypothetical protein;Extracellular lipase acylhydrolase with gdsl-like motif,JLGHJK_02250,IGABOM_01562,
group_5258,,hypothetical protein;AAA+ ATPase domain-containing protein,JLGHJK_00436;JLGHJK_00437,IGABOM_02913,
group_5257,,Membrane protein,JLGHJK_02699,IGABOM_01897,
group_5256,,hypothetical protein;Potassium uptake protein,JLGHJK_02612,IGABOM_01820;IGABOM_01821,
group_5255,,ABC transporter permease;hypothetical protein,JLGHJK_00681;JLGHJK_00680,IGABOM_03198,
group_5254,,UDP-glucose 4-epimerase;UDP N-acetyl glucosamine 4-epimerase NAD dependent,JLGHJK_02541,IGABOM_01763,
group_5253,,hypothetical protein;Nitrogen regulatory protein P-II,JLGHJK_01107,IGABOM_00590;IGABOM_00589,
group_5252,copZ,Copper chaperone CopZ,JLGHJK_00422,IGABOM_02900,
group_5251,marR,Transcription regulator MarR family,JLGHJK_02333,IGABOM_01643,
group_5250,,Type VII secretion system protein EssD-like domain-containing protein,JLGHJK_01090,IGABOM_00568,
group_5249,,hypothetical protein,JLGHJK_00244,IGABOM_02750,
group_5248,,hypothetical protein;ABC transmembrane type-2 domain-containing protein,JLGHJK_03204,IGABOM_02352;IGABOM_02353,
group_5247,,Nicotinate phosphoribosyltransferase,JLGHJK_03202,IGABOM_02350,
group_5246,,hypothetical protein,JLGHJK_03021,IGABOM_02183,
group_5245,,DUF916 domain-containing protein,JLGHJK_01828,IGABOM_01220,
group_5244,,N-acetyltransferase,JLGHJK_01071,IGABOM_00480,
mgsA,mgsA;,MgsA AAA+ ATPase C terminal;hypothetical protein;AAA+ ATPase domain-containing protein,JLGHJK_01920;JLGHJK_01921,IGABOM_01277,
group_5243,,CPBP family intramembrane metalloprotease,JLGHJK_00894,IGABOM_00276,
group_5242,,cysteine desulfurase,JLGHJK_02615,IGABOM_01824,
group_5241,,hypothetical protein;VIT family protein,JLGHJK_00353;JLGHJK_00354,IGABOM_02846,
group_5240,,44'-diapophytoene desaturase (44'-diaponeurosporene-forming);hypothetical protein;Dehydrosqualene desaturase,JLGHJK_00259;JLGHJK_00258,IGABOM_02764,
group_5239,,hypothetical protein;Ribulose-5-phosphate reductase 1,JLGHJK_02208;JLGHJK_02207,IGABOM_01526,
group_5238,,DUF72 domain-containing protein,JLGHJK_00916,IGABOM_00297,
group_5237,;cpsC,hypothetical protein;Capsular polysaccharide biosynthesis protein CpsC,JLGHJK_02546;JLGHJK_02545,IGABOM_01766,
group_5236,,hypothetical protein;Riboflavin biosynthesis protein,JLGHJK_02398;JLGHJK_02397,IGABOM_01695,
group_5235,,NADH oxidase,JLGHJK_01179,IGABOM_00652,
group_5234,,Integral membrane protein,JLGHJK_00771,IGABOM_00131,
murT,murT,Lipid II isoglutaminyl synthase (glutamine-hydrolyzing) subunit MurT,JLGHJK_02844,IGABOM_02023,
group_5233,,3-oxoacyl-(Acyl carrier protein) synthase II;3-oxoacyl-[acyl-carrier-protein] synthase 2,JLGHJK_02054,IGABOM_01398,
group_5232,,hypothetical protein;PDZ domain-containing protein,JLGHJK_01144;JLGHJK_01145,IGABOM_00621,
dsrE,;dsrE,hypothetical protein;Sulfur reduction protein DsrE,JLGHJK_02718,IGABOM_01914,
group_5231,,hypothetical protein;Global transcriptional regulator Spx,JLGHJK_02666,IGABOM_01865,
group_5230,,hypothetical protein,JLGHJK_02664,IGABOM_01863,
group_5229,,hypothetical protein;HIT-like protein,JLGHJK_01833,IGABOM_01225,
group_5228,,hypothetical protein;putative 2-(5''-triphosphoribosyl)-3'-dephosphocoenzyme-A synthase,JLGHJK_01514;JLGHJK_01515,IGABOM_00929,
group_5227,,ADP-dependent (S)-NAD(P)H-hydrate dehydratase,JLGHJK_01707,IGABOM_01105,
group_5226,,putative D-serine dehydratase,JLGHJK_03206,IGABOM_02355,
group_5225,,Two-component system histidine protein kinase sensor protein,JLGHJK_00503,IGABOM_03016,
group_5224,,Cell-cycle regulation histidine triad protein,JLGHJK_03195,IGABOM_02344,
group_5223,,Proline iminopeptidase,JLGHJK_00618,IGABOM_03142,
group_5222,,hypothetical protein;ABC transporter ATP-binding protein,JLGHJK_02335,IGABOM_01646,
group_5221,,SnoaL-like domain-containing protein,JLGHJK_02141,IGABOM_01476,
group_5220,,hypothetical protein;DUF218 domain-containing protein,JLGHJK_00229;JLGHJK_00228,IGABOM_02733,
group_5219,,hypothetical protein;acetyl-CoA carboxytransferase,JLGHJK_02059,IGABOM_01403;IGABOM_01404,
group_5218,,hypothetical protein;4-hydroxyphenylacetate 3-monooxygenase,JLGHJK_00603,IGABOM_03128,
group_5217,,YibE/F family protein,JLGHJK_01403,IGABOM_00830,
group_5216,,Chromosome partitioning protein DNA-binding protein,JLGHJK_00209,IGABOM_02714,
group_5215,,histidine kinase,JLGHJK_02328,IGABOM_01638,
group_5214,,hypothetical protein,JLGHJK_02587,IGABOM_01797,
group_5213,,ABC transporter ATP-binding protein,JLGHJK_00094,IGABOM_02529,
group_5212,,PTS system trehalose-specific IIBC component,JLGHJK_00777,IGABOM_00135,
group_5211,,hypothetical protein;Transport protein,JLGHJK_01030,IGABOM_00388,
group_5210,,Integral membrane protein,JLGHJK_02158,IGABOM_01485,
group_5209,,Isochorismatase-like domain-containing protein,JLGHJK_02037,IGABOM_01384,
group_5208,,Adenylate cyclase,JLGHJK_03192,IGABOM_02341,
phnE,;phnE,hypothetical protein;Phosphonate ABC transporter permease protein PhnE,JLGHJK_01115,IGABOM_00599;IGABOM_00598,
group_5207,;minC,hypothetical protein;Septum site-determining protein MinC,JLGHJK_02773,IGABOM_01962,
group_5206,;araC,hypothetical protein;Transcription regulator AraC family,JLGHJK_02047,IGABOM_01392,
group_5205,,Integral membrane protein,JLGHJK_00674,IGABOM_03193,
group_5204,,Short-chain dehydrogenase/reductase SDR,JLGHJK_02359,IGABOM_01665,
group_5203,,hypothetical protein;dITP/XTP pyrophosphatase,JLGHJK_02733,IGABOM_01926,
group_5202,,Dephospho-CoA kinase,JLGHJK_01889,IGABOM_01249,
group_5201,yxeA,YxeA family protein,JLGHJK_00381,IGABOM_02867,
mdxG~~~mdxF,mdxG;;mdxF,Maltodextrin transport system permease protein MdxG;hypothetical protein;Maltodextrin transport system permease protein MdxF,JLGHJK_00696,IGABOM_00063;IGABOM_00064,
group_5200,,NADPH:quinone reductase,JLGHJK_00637,IGABOM_03159,
group_5199,,ABC transporter permease,JLGHJK_03145,IGABOM_02300,
group_5198,,Integral membrane protein,JLGHJK_00935,IGABOM_00310,
group_5197,,hypothetical protein,JLGHJK_00708,IGABOM_00081,
group_5196,,HPr kinase/phosphorylase,JLGHJK_01155,IGABOM_00632,
group_5195,nusB,Transcription antitermination protein NusB,JLGHJK_01972,IGABOM_01328,
group_5194,,Oxidoreductase aldo/keto reductase family protein,JLGHJK_03231,IGABOM_02377,
group_5193,,protein-N(pi)-phosphohistidine--sucrose phosphotransferase,JLGHJK_00705,IGABOM_00072,
group_5192,,hypothetical protein;N-acetyltransferase domain-containing protein,JLGHJK_02184,IGABOM_01510,
group_5191,;marR,hypothetical protein;MarR family transcriptional regulator,JLGHJK_02182,IGABOM_01508,
group_5190,,hypothetical protein;Extracellular protein,JLGHJK_01498,IGABOM_00918,
group_5189,,hypothetical protein;UDP-N-acetylglucosamine--N-acetylmuramyl-(pentapeptide) pyrophosphoryl-undecaprenol N-acetylglucosamine transferase,JLGHJK_02634;JLGHJK_02633,IGABOM_01837,
ftsA,;ftsA,hypothetical protein;Cell division protein FtsA,JLGHJK_02630;JLGHJK_02631,IGABOM_01835,
group_5188,,hypothetical protein;ClC family H(+)/Cl(-) exchange transporter,JLGHJK_01203,IGABOM_00676,
group_5187,,HTH gntR-type domain-containing protein,JLGHJK_03174,IGABOM_02324,
group_5186,,Branched-chain amino acid ABC transporter permease,JLGHJK_00097,IGABOM_02531,
group_5185,,hypothetical protein,JLGHJK_00484,IGABOM_02946,
ecfT,;ecfT,Cobalt transport protein;Energy-coupling factor transporter transmembrane protein EcfT 1,JLGHJK_01493,IGABOM_00913,
group_5184,,hypothetical protein;DASS family sodium-coupled anion symporter,JLGHJK_00591,IGABOM_03115,
group_5183,,hypothetical protein,JLGHJK_02321,IGABOM_01632,
group_5182,,HTH asnC-type domain-containing protein,JLGHJK_02991,IGABOM_02160,
group_5181,,Hydrolase HAD superfamily Cof family,JLGHJK_03053,IGABOM_02217,
group_5180,,hypothetical protein,JLGHJK_03003,IGABOM_02171,
group_5179,,GlsB/YeaQ/YmgE family stress response membrane protein,JLGHJK_02089,IGABOM_01429,
group_5178,,CDP-ribitol ribitolphosphotransferase,JLGHJK_02362,IGABOM_01667,
group_5177,,hypothetical protein;Transcriptional regulator,JLGHJK_00969;JLGHJK_00970,IGABOM_00336,
yflS,yflS,Malate transporter YflS,JLGHJK_00055,IGABOM_02501,
group_5176,,hypothetical protein;LPXTG cell wall anchor domain-containing protein,JLGHJK_00053,IGABOM_02499,
group_5175,,hypothetical protein;Dentin sialophosphoprotein,JLGHJK_00067,IGABOM_02510,
group_5174,;yxdL,hypothetical protein;ABC transporter ATP-binding protein YxdL,JLGHJK_03010;JLGHJK_03011,IGABOM_02177,
group_5173,,hypothetical protein;Diacylglycerol kinase,JLGHJK_02351,IGABOM_01659,
group_5172,,hypothetical protein;DUF2785 domain-containing protein,JLGHJK_02814;JLGHJK_02813,IGABOM_01996,
group_5171,,hypothetical protein;3-hydroxy-3-methylglutaryl coenzyme A reductase,JLGHJK_00913;JLGHJK_00912,IGABOM_00294,
group_5170,,hypothetical protein,JLGHJK_00315,IGABOM_02813,
group_5169,,FAD:protein FMN transferase,JLGHJK_01490,IGABOM_00910,
group_5168,,hypothetical protein,JLGHJK_00483,IGABOM_02945,
group_5167,,hypothetical protein;PTS system sucrose-specific IIABC component,JLGHJK_00225;JLGHJK_00224,IGABOM_02730,
group_5166,,Methylenetetrahydrofolate--tRNA-(uracil-5-)-methyltransferase TrmFO;hypothetical protein,JLGHJK_02237;JLGHJK_02236,IGABOM_01548,
group_5165,,N-acetyltransferase domain-containing protein,JLGHJK_00019,IGABOM_02473,
group_5164,,Nisin resistance protein,JLGHJK_01798,IGABOM_01183,
group_5163,,Putative 3-methyladenine DNA glycosylase,JLGHJK_02375,IGABOM_01680,
group_5162,,Ribosomal RNA small subunit methyltransferase E,JLGHJK_02373,IGABOM_01678,
group_5161,,hypothetical protein;Polyphosphate kinase,JLGHJK_01268,IGABOM_00721;IGABOM_00720,
group_5160,,Dipeptidase;hypothetical protein,JLGHJK_01950,IGABOM_01305,
group_5159,,hypothetical protein;Integral membrane protein,JLGHJK_02302,IGABOM_01604,
group_5158,,hypothetical protein;DUF218 domain-containing protein,JLGHJK_00941;JLGHJK_00942,IGABOM_00315,
group_5157,,hypothetical protein;Beta-lactamase,JLGHJK_00939;JLGHJK_00938,IGABOM_00313,
dhaS,dhaS,Dihydroxyacetone kinase transcriptional activator DhaS,JLGHJK_00686,IGABOM_03203,
group_5156,,GIY-YIG domain-containing protein,JLGHJK_02427,IGABOM_01720,
group_5155,,HTH tetR-type domain-containing protein,JLGHJK_00410,IGABOM_02889,
group_5154,,DUF2316 domain-containing protein,JLGHJK_00408,IGABOM_02887,
group_5153,,hypothetical protein;Glutathione biosynthesis bifunctional protein GshAB,JLGHJK_02802;JLGHJK_02801,IGABOM_01986,
group_5152,,hypothetical protein;Homoserine O-acetyltransferase,JLGHJK_03006;JLGHJK_03007,IGABOM_02174,
group_5151,,Integral membrane protein,JLGHJK_03084,IGABOM_02245,
group_5150,,hypothetical protein,JLGHJK_01746,IGABOM_01140,
cadC,cadC;,Cadmium resistance transcriptional regulatory protein CadC;hypothetical protein,JLGHJK_03436,IGABOM_00043,
group_5149,,Glycerol uptake facilitator protein 2,JLGHJK_00691,IGABOM_00058,
group_5148,,hypothetical protein;PH domain-containing protein,JLGHJK_00796,IGABOM_00154,
group_5147,,hypothetical protein,JLGHJK_00092,IGABOM_02527,
group_5146,,DUF1648 domain-containing protein,JLGHJK_02045,IGABOM_01390,
group_5145,,Citrate lyase acyl carrier protein,JLGHJK_01527,IGABOM_00939,
group_5144,,Malate oxidoreductase,JLGHJK_01525,IGABOM_00937,
group_5143,,hypothetical protein,JLGHJK_00189,IGABOM_02695,
group_5142,,hypothetical protein,JLGHJK_02124,IGABOM_01458,
group_5141,,Integral membrane protein,JLGHJK_01811,IGABOM_01207,
group_5140,,ASCH domain-containing protein,JLGHJK_01679,IGABOM_01082,
group_5139,,hypothetical protein;glycosyl transferase,JLGHJK_02146,IGABOM_01477,
group_5138,,diphosphomevalonate decarboxylase,JLGHJK_02116,IGABOM_01451,
group_5137,,hypothetical protein;APC family permease,JLGHJK_01131;JLGHJK_01130,IGABOM_00612,
group_5136,,hypothetical protein;Integral membrane protein,JLGHJK_00204;JLGHJK_00203,IGABOM_02709,
group_5135,,hypothetical protein;DNA primase,JLGHJK_02344,IGABOM_01653;IGABOM_01654,
group_5134,,Integral membrane protein,JLGHJK_03079,IGABOM_02240,
group_5133,,DNA topoisomerase (ATP-hydrolyzing);DNA gyrase subunit B,JLGHJK_00549,IGABOM_03072;IGABOM_03071,
group_5132,,PTS system EIIA component,JLGHJK_00039,IGABOM_02488,
group_5131,,O-acetylserine dependent cystathionine beta-synthase,JLGHJK_00767,IGABOM_00127,
group_5130,,Serine acetyltransferase,JLGHJK_00765,IGABOM_00125,
group_5129,,PTS system glucitol/sorbitol-specific EIIA component,JLGHJK_02655,IGABOM_01854,
group_5128,,hypothetical protein;UDP-glucose 4-epimerase,JLGHJK_00466;JLGHJK_00465,IGABOM_02930,
group_5127,,Sugar specific permease,JLGHJK_03258,IGABOM_02400,
group_5126,,hypothetical protein;Amino acid biosynthesis protein,JLGHJK_02404;JLGHJK_02403,IGABOM_01700,
group_5125,,Acetylglutamate kinase;hypothetical protein,JLGHJK_00993;JLGHJK_00992,IGABOM_00351,
group_5124,,hypothetical protein;DNA ligase,JLGHJK_01568;JLGHJK_01569,IGABOM_00971,
group_5123,,Glycosyl transferase group 1,JLGHJK_01653,IGABOM_01058,
mmcQ,mmcQ,MmcQ family protein,JLGHJK_00323,IGABOM_02821,
group_5122,,D-alanyl-D-alanine carboxypeptidase,JLGHJK_01655,IGABOM_01060,
group_5121,,Integral membrane protein,JLGHJK_00187,IGABOM_02693,
group_5120,,D-alanyl-D-alanine dipeptidase,JLGHJK_01180,IGABOM_00653,
group_5119,,N-acetyl-gamma-glutamyl-phosphate reductase,JLGHJK_00990,IGABOM_00349,
group_5118,;ylxR,hypothetical protein;YlxR domain-containing protein,JLGHJK_02413,IGABOM_01706,
group_5117,,hypothetical protein,JLGHJK_00247,IGABOM_02753,
group_5116,,ABC3 transporter permease C-terminal domain-containing protein,JLGHJK_03282,IGABOM_02422,
group_5115,,hypothetical protein;CDP-diacylglycerol--glycerol-3-phosphate 3-phosphatidyltransferase,JLGHJK_02764,IGABOM_01953,
group_5114,,Zn-dependent peptidase,JLGHJK_02766,IGABOM_01955,
purE,purE;,PurE domain-containing protein;1-(5-phosphoribosyl)-5-amino-4-imidazole-carboxylate carboxylase,JLGHJK_00632,IGABOM_03155,
group_5113,,Lactate racemization regulatory protein;hypothetical protein,JLGHJK_00630,IGABOM_03153,
group_5112,,hypothetical protein;Serine--tRNA ligase,JLGHJK_00952;JLGHJK_00951,IGABOM_00323,
group_5111,,hypothetical protein,JLGHJK_03004,IGABOM_02172,
group_5110,,hypothetical protein;ATP phosphoribosyltransferase,JLGHJK_03029,IGABOM_02191,
group_5109,,hypothetical protein;Lipase/esterase,JLGHJK_00033,IGABOM_02484,
group_5108,,Prephenate dehydrogenase,JLGHJK_02401,IGABOM_01698,
group_5107,,hypothetical protein,JLGHJK_01843,IGABOM_01235,
group_5106,,hypothetical protein,JLGHJK_00839,IGABOM_00196,
group_5105,,ATP:glycerol 3-phosphotransferase;Carbohydrate kinase FGGY C-terminal domain-containing protein;Glycerol kinase,JLGHJK_00880;JLGHJK_00881,IGABOM_00235,
group_5104,,HTH arsR-type domain-containing protein,JLGHJK_00615,IGABOM_03140,
group_5103,,UPF0237 protein LBUCD034_0849,JLGHJK_02973,IGABOM_02149,
group_5102,,hypothetical protein;Serine/threonine specific protein phosphatase,JLGHJK_01995,IGABOM_01347;IGABOM_01348,
group_5101,,hypothetical protein;Methionyl-tRNA formyltransferase,JLGHJK_01992;JLGHJK_01993,IGABOM_01345,
sbcC,sbcC,Exonuclease SbcC,JLGHJK_01957,IGABOM_01312,
group_5100,,Glycerophosphoryl diester phosphodiesterase,JLGHJK_01715,IGABOM_01112,
group_5099,,BPL/LPL catalytic domain-containing protein,JLGHJK_00947,IGABOM_00319,
group_5098,,hypothetical protein,JLGHJK_00647,IGABOM_03168,
group_5097,,hypothetical protein;Phospho-N-acetylmuramoyl-pentapeptide-transferase,JLGHJK_02636;JLGHJK_02637,IGABOM_01839,
group_5096,,hypothetical protein;DUF915 domain-containing protein,JLGHJK_00330,IGABOM_02829,
group_5095,,Alpha/beta hydrolase,JLGHJK_02325,IGABOM_01635,
group_5094,,hypothetical protein;Large ribosomal subunit protein bL9,JLGHJK_00556,IGABOM_03078,
group_5093,,DUF2325 domain-containing protein;hypothetical protein,JLGHJK_00327,IGABOM_02826,
group_5092,,3-dehydroquinate dehydratase,JLGHJK_03228,IGABOM_02374,
group_5091,,Cation transporter,JLGHJK_01918,IGABOM_01275,
group_5090,,hypothetical protein,JLGHJK_01551,IGABOM_00957,
group_5089,padR,PadR family transcriptional regulator,JLGHJK_00856,IGABOM_00214,
group_5088,,Glycosyltransferase family 2 (GT2),JLGHJK_02533,IGABOM_01758,
group_5087,,hypothetical protein;Metallophosphoesterase lipoprotein,JLGHJK_02531;JLGHJK_02530,IGABOM_01756,
group_5086,,Amino acid efflux protein,JLGHJK_01786,IGABOM_01173,
group_5085,,Calcineurin-like phosphoesterase domain-containing protein,JLGHJK_01021,IGABOM_00380,
group_5084,,Cysteine--tRNA ligase,JLGHJK_01077,IGABOM_00485,
group_5083,,hypothetical protein;Cof-type HAD-IIB family hydrolase,JLGHJK_02107,IGABOM_01443,
group_5082,,Ribonuclease H-like protein,JLGHJK_00876,IGABOM_00231,
group_5081,,CLA biosynthesis enone reductase,JLGHJK_00597,IGABOM_03121,
group_5080,,hypothetical protein;UPF0122 protein LSEI_1603,JLGHJK_02014,IGABOM_01362,
group_5079,,GGDEF domain-containing protein,JLGHJK_02994,IGABOM_02163,
group_5078,,hypothetical protein;Glutathione amide reductase,JLGHJK_01631,IGABOM_01039,
group_5077,,hypothetical protein;Universal stress protein,JLGHJK_00106,IGABOM_02540,
group_5076,,Transcription regulator Cro/CI family,JLGHJK_00104,IGABOM_02538,
group_5075,,hypothetical protein;5-methyltetrahydropteroyltriglutamate--homocysteine methyltransferase,JLGHJK_01752;JLGHJK_01751,IGABOM_01145,
group_5074,,DUF1634 domain-containing protein,JLGHJK_01639,IGABOM_01045,
group_5073,,GNAT family N-acetyltransferase,JLGHJK_00712,IGABOM_00085,
group_5072,,Arginine repressor,JLGHJK_01980,IGABOM_01334,
group_5071,,HTH tetR-type domain-containing protein,JLGHJK_02066,IGABOM_01411,
group_5070,,hypothetical protein,JLGHJK_03072,IGABOM_02234,
group_5069,,Integral membrane protein,JLGHJK_03173,IGABOM_02323,
group_5068,,Glycerol phosphate lipoteichoic acid synthase 1,JLGHJK_03043,IGABOM_02207,
group_5067,msrA,Peptide methionine sulfoxide reductase MsrA,JLGHJK_02364,IGABOM_01669,
group_5066,,Alpha beta fold family hydrolase,JLGHJK_03067,IGABOM_02229,
group_5065,,hypothetical protein;Diguanylate cyclase/phosphodiesterase EAL domain,JLGHJK_01250,IGABOM_00703,
group_5064,,hypothetical protein,JLGHJK_00740,IGABOM_00112,
group_5063,,hypothetical protein,JLGHJK_00322,IGABOM_02820,
group_5062,,Beta-galactosidase small subunit,JLGHJK_00469,IGABOM_02933,
group_5061,,WxL domain-containing protein,JLGHJK_00538,IGABOM_03059,
group_5060,,EfeO-type cupredoxin-like domain-containing protein,JLGHJK_00163,IGABOM_02593,
group_5059,,hypothetical protein;Cof-type HAD-IIB family hydrolase,JLGHJK_00023,IGABOM_02477,
group_5058,,hypothetical protein,JLGHJK_00442,IGABOM_02918,
group_5057,;lacI,hypothetical protein;Transcription regulator LacI family lactose related,JLGHJK_00452,IGABOM_02920,
group_5056,,FMN-dependent NADH:quinone oxidoreductase 1,JLGHJK_00607,IGABOM_03132,
group_5055,rsgA,Small ribosomal subunit biogenesis GTPase RsgA,JLGHJK_01997,IGABOM_01350,
group_5054,,Phosphohydrolase,JLGHJK_00917,IGABOM_00298,
plnE,plnE;,two-peptide bacteriocin plantaricin EF subunit PlnE;hypothetical protein,JLGHJK_00888,IGABOM_00271,
group_5053,,30S ribosomal protein S21,JLGHJK_01790,IGABOM_01176,
group_5052,,Protein SprT-like,JLGHJK_01041,IGABOM_00398,
group_5051,,hypothetical protein;Chemotaxis protein,JLGHJK_01039,IGABOM_00396,
group_5050,,Sugar transporter;Major facilitator superfamily (MFS) profile domain-containing protein,JLGHJK_02111,IGABOM_01446,
group_5049,,Pyridoxamine 5'-phosphate oxidase family protein,JLGHJK_00477,IGABOM_02939,
group_5048,,Integral membrane protein,JLGHJK_00817,IGABOM_00173,
group_5047,,hypothetical protein;Rhodanese domain-containing protein,JLGHJK_02299,IGABOM_01601,
group_5046,,hypothetical protein;Transcription regulator,JLGHJK_02297,IGABOM_01599,
group_5045,,hypothetical protein;Undecaprenyl-diphosphate phosphatase,JLGHJK_01702,IGABOM_01101,
group_5044,,Major facilitator superfamily (MFS) profile domain-containing protein,JLGHJK_00026,IGABOM_02480,
group_5043,,hypothetical protein,JLGHJK_03127,IGABOM_02284,
group_5042,,Conjugal transfer protein,JLGHJK_03469,,PHDJFC_03036
group_5041,,Conjugal transfer protein,JLGHJK_03468,,PHDJFC_03037
group_5040,,Conjugal transfer protein,JLGHJK_03467,,PHDJFC_03038
group_5039,,Resolvase/invertase-type recombinase catalytic domain-containing protein,JLGHJK_03363,IGABOM_00016,
group_5037,tnp,IS30 family ISLsa1 transposase,,IGABOM_01000,PHDJFC_01553
group_5036,tnp,IS30 family ISLsa1 transposase,,IGABOM_03033,PHDJFC_00102
group_5034,,Insertion element IS402-like domain-containing protein,JLGHJK_03088,,PHDJFC_01674
group_5033,,Insertion element IS402-like domain-containing protein,JLGHJK_02501,,PHDJFC_00003
group_5032,,Transposase IS4 family,JLGHJK_02500,,PHDJFC_02712
group_5031,,Transposase IS4 family,JLGHJK_03087,,PHDJFC_01675
group_5030,,Transposase,JLGHJK_01487,,PHDJFC_00226
group_5029,,Transposase IS4-like domain-containing protein,JLGHJK_03432,IGABOM_02970,
group_5028,,hypothetical protein,JLGHJK_00456,,PHDJFC_02661
group_5027,,hypothetical protein,JLGHJK_01676,,PHDJFC_01368
group_5026,tnp,IS30 family ISLpl1 transposase,JLGHJK_01704,,PHDJFC_02706
group_5025,tnp,IS30 family ISLpl1 transposase,JLGHJK_01606,,PHDJFC_02341
group_5024,tnp,IS30 family ISLpl1 transposase,JLGHJK_01499,,PHDJFC_01539
group_5023,tnp,IS30 family ISLpl1 transposase,JLGHJK_01362,,PHDJFC_02042
group_5022,tnp,IS30 family ISLpl1 transposase,JLGHJK_01322,,PHDJFC_02261
group_5021,tnp,IS30 family ISLpl1 transposase,JLGHJK_00392,,PHDJFC_03014
group_5020,tnp,IS30 family ISLpl1 transposase,JLGHJK_00169,,PHDJFC_02990
group_5019,tnp,IS30 family ISLpl1 transposase,JLGHJK_00126,,PHDJFC_02896
group_4820,,hypothetical protein,JLGHJK_00100,IGABOM_02534,
group_4815,,hypothetical protein,JLGHJK_00571,IGABOM_03092,
group_4813,,hypothetical protein,JLGHJK_03186,IGABOM_02337,
group_4807,,hypothetical protein,JLGHJK_03243,1_refound_16_pseudo,
group_4800,,hypothetical protein,JLGHJK_01682,IGABOM_01085,
group_4795,,hypothetical protein,JLGHJK_02987,IGABOM_02157,
group_4794,,hypothetical protein,JLGHJK_00659,IGABOM_03180,
group_4785,,hypothetical protein,JLGHJK_02174,IGABOM_01499,
group_4784,,hypothetical protein,JLGHJK_02090,IGABOM_01430,
group_4778,,Metal homeostasis protein,JLGHJK_01373,IGABOM_00810,
group_4774,,hypothetical protein,JLGHJK_01963,IGABOM_01319,
group_4773,,hypothetical protein,JLGHJK_00623,IGABOM_03147,
group_4766,,hypothetical protein,JLGHJK_00561,IGABOM_03083,
group_4765,,hypothetical protein,JLGHJK_00504,IGABOM_03017,
group_4764,,hypothetical protein,JLGHJK_00008,IGABOM_02462,
group_4755,,hypothetical protein,JLGHJK_02960,IGABOM_02137,
group_4754,,hypothetical protein,JLGHJK_02958,IGABOM_02133,
group_4753,,hypothetical protein,JLGHJK_02957,IGABOM_02132,
group_4752,,hypothetical protein,JLGHJK_02955,IGABOM_02131,
group_4746,,hypothetical protein,JLGHJK_03120,IGABOM_02278,
group_4744,,Large ribosomal subunit protein bL34,JLGHJK_00544,1_refound_7,
group_4740,,hypothetical protein,JLGHJK_00154,IGABOM_02585,
group_4735,,hypothetical protein,0_refound_3_pseudo,IGABOM_01591,
group_4728,,hypothetical protein,JLGHJK_02959,IGABOM_02136,
group_4726,,hypothetical protein,JLGHJK_00348,IGABOM_02841,
group_4717,,hypothetical protein,JLGHJK_01004,IGABOM_00362,
group_4708,,D-Ala-teichoic acid biosynthesis protein,JLGHJK_02389,IGABOM_01688,
group_4707,,hypothetical protein,JLGHJK_02331,IGABOM_01641,
group_4706,,Large ribosomal subunit protein bL33,JLGHJK_01945,IGABOM_01300,
group_4705,,Isochorismatase,JLGHJK_01291,IGABOM_00740,
group_4704,,Large ribosomal subunit protein bL33C,JLGHJK_01082,IGABOM_00490,
group_4703,,hypothetical protein,JLGHJK_00270,IGABOM_02775,
group_4702,,hypothetical protein,JLGHJK_00061,IGABOM_02505,
group_4696,,hypothetical protein,JLGHJK_03284,IGABOM_02424,
group_4689,,hypothetical protein,JLGHJK_02947,1_refound_15_pseudo,
group_4688,,hypothetical protein,JLGHJK_02027,IGABOM_01376,
group_4687,,hypothetical protein,JLGHJK_01964,IGABOM_01320,
group_4686,,hypothetical protein,JLGHJK_01301,1_refound_11_pseudo,
group_4685,,hypothetical protein,JLGHJK_00617,1_refound_8,
plnF,plnF,two-peptide bacteriocin plantaricin EF subunit PlnF,JLGHJK_00887,IGABOM_00270,
group_4671,,hypothetical protein,0_refound_6_pseudo,IGABOM_03054,
group_4666,,DUF1056 domain-containing protein,JLGHJK_01272,IGABOM_00725,
group_4659,,hypothetical protein,JLGHJK_02986,IGABOM_02156,
group_4658,,hypothetical protein,JLGHJK_02708,IGABOM_01905,
group_4651,,Phage protein,JLGHJK_00256,IGABOM_02762,
group_4644,,Prophage P2a protein 11,JLGHJK_02912,IGABOM_02083,
group_4643,,hypothetical protein,JLGHJK_02550,IGABOM_01770,
group_4634,,hypothetical protein,JLGHJK_01325,IGABOM_00771,
group_4625,,DUF3042 domain-containing protein,JLGHJK_01952,IGABOM_01307,
group_4624,,DUF2187 domain-containing protein,JLGHJK_01550,IGABOM_00956,
group_4603,,Integral membrane protein,JLGHJK_03181,IGABOM_02332,
group_4599,,hypothetical protein,JLGHJK_01351,IGABOM_00797,
group_4598,,hypothetical protein,JLGHJK_00365,IGABOM_02853,
group_4589,,Integral membrane protein,JLGHJK_02848,IGABOM_02027,
group_4586,,Large ribosomal subunit protein bL28,JLGHJK_02002,IGABOM_01353,
group_4584,,hypothetical protein,JLGHJK_01506,1_refound_12,
secE,secE,Protein translocase subunit SecE,JLGHJK_01083,IGABOM_00491,
group_4583,,Integral membrane protein,JLGHJK_00831,IGABOM_00190,
group_4572,,hypothetical protein,JLGHJK_02357,IGABOM_01663,
group_4570,,LPXTG cell wall anchor domain-containing protein,JLGHJK_00904,IGABOM_00284,
group_4564,,Integral membrane protein,JLGHJK_02964,IGABOM_02142,
group_4562,,hypothetical protein,JLGHJK_00722,IGABOM_00094,
group_4561,,DUF951 domain-containing protein,JLGHJK_00206,IGABOM_02711,
group_4546,,hypothetical protein,JLGHJK_02095,IGABOM_01435,
group_4545,,hypothetical protein,JLGHJK_01895,IGABOM_01255,
group_4544,,Antitoxin,JLGHJK_01624,IGABOM_01030,
group_4542,,Prophage protein,JLGHJK_00957,IGABOM_00328,
pspC,pspC,Phage shock protein PspC N-terminal domain-containing protein,JLGHJK_00650,IGABOM_03172,
group_4541,,Integral membrane protein,JLGHJK_00052,IGABOM_02498,
betT,betT,BetT protein,0_refound_5_pseudo,IGABOM_02254,
group_4532,,Prophage protein,JLGHJK_01700,IGABOM_01099,
group_4531,,Prophage protein,JLGHJK_01649,IGABOM_01054,
group_4530,,Insertion element IS150 protein InsJ-like helix-turn-helix domain-containing protein,JLGHJK_01396,IGABOM_00824,
group_4529,,Phosphagen kinase C-terminal domain-containing protein,JLGHJK_00396,IGABOM_02880,
group_4515,,Integral membrane protein,JLGHJK_02285,IGABOM_01590,
yozE,yozE,YozE SAM-like domain-containing protein,JLGHJK_02223,IGABOM_01536,
group_4514,,hypothetical protein,JLGHJK_02075,IGABOM_01420,
group_4513,,Transcription regulator,JLGHJK_01961,IGABOM_01316,
group_4512,,Extracellular protein,JLGHJK_01592,IGABOM_00992,
group_4511,,Major cold shock protein,JLGHJK_01584,IGABOM_00984,
group_4510,,Major cold shock protein,JLGHJK_01422,IGABOM_00849,
group_4509,,NfeD-like C-terminal domain-containing protein,JLGHJK_00842,IGABOM_00199,
group_4507,,Major cold shock protein,JLGHJK_00577,IGABOM_03097,
group_4492,,Transcriptional regulator,0_refound_1_pseudo,IGABOM_00106,
group_4491,,Coil containing protein,JLGHJK_02600,IGABOM_01808,
group_4490,,hypothetical protein,JLGHJK_00420,IGABOM_02898,
group_4474,,Prophage Lp3 protein 24,JLGHJK_02924,IGABOM_02103,
group_4473,,Integral membrane protein,JLGHJK_02511,IGABOM_01741,
group_4461,,hypothetical protein,JLGHJK_00563,IGABOM_03085,
group_4453,,hypothetical protein,JLGHJK_02832,IGABOM_02014,
group_4451,,DNA-directed RNA polymerase subunit omega,JLGHJK_01988,IGABOM_01342,
group_4435,,hypothetical protein,JLGHJK_01723,1_refound_13_pseudo,
group_4423,,hypothetical protein,JLGHJK_02596,IGABOM_01805,
group_4420,,HTH merR-type domain-containing protein,JLGHJK_01415,IGABOM_00842,
group_4419,,hypothetical protein,JLGHJK_00671,1_refound_9_pseudo,
group_4418,,hypothetical protein,JLGHJK_00101,IGABOM_02535,
group_4412,,Integral membrane protein,JLGHJK_03227,IGABOM_02373,
group_4411,,hypothetical protein,JLGHJK_03197,IGABOM_02346,
group_4410,,Integral membrane protein,JLGHJK_02992,IGABOM_02161,
group_4408,,UPF0346 protein LRC_09710,JLGHJK_02248,IGABOM_01560,
group_4407,,CsbD-like domain-containing protein,JLGHJK_02092,IGABOM_01432,
group_4406,,DUF910 domain-containing protein,JLGHJK_01948,IGABOM_01303,
group_4405,,DUF2642 domain-containing protein,JLGHJK_00718,IGABOM_00090,
group_4394,,hypothetical protein,JLGHJK_02650,IGABOM_01850,
group_4393,,Ferrous iron transporter FeoA-like domain-containing protein,JLGHJK_01846,IGABOM_01238,
group_4392,,Transposase,JLGHJK_00578,IGABOM_03098,
group_4381,,DUF2969 domain-containing protein,JLGHJK_02821,IGABOM_02003,
group_4379,,hypothetical protein,JLGHJK_01614,IGABOM_01021,
group_4378,,hypothetical protein,JLGHJK_01257,1_refound_10,
group_4376,,Cardiolipin synthase N-terminal domain-containing protein,JLGHJK_00250,IGABOM_02756,
group_4364,,Integral membrane protein,JLGHJK_02993,IGABOM_02162,
group_4363,,hypothetical protein,JLGHJK_02951,IGABOM_02126,
group_4362,,UPF0154 protein LCA_1273,JLGHJK_02431,IGABOM_01723,
group_4361,,Exodeoxyribonuclease 7 small subunit,JLGHJK_01976,IGABOM_01331,
group_4359,,Prophage protein,JLGHJK_01264,IGABOM_00716,
nrdH,nrdH,Glutaredoxin-like protein NrdH,JLGHJK_01098,IGABOM_00574,
group_4345,,hypothetical protein,JLGHJK_00626,IGABOM_03149,
yaaA,yaaA,S4 domain-containing protein YaaA,JLGHJK_00547,IGABOM_03069,
group_4344,,hypothetical protein,JLGHJK_00508,IGABOM_03020,
group_4343,,Integral membrane protein,JLGHJK_00289,IGABOM_02789,
group_4326,,D-alanyl carrier protein,JLGHJK_02385,IGABOM_01685,
group_4325,,D-alanyl carrier protein,JLGHJK_01784,IGABOM_01171,
group_4324,,DUF1797 domain-containing protein,JLGHJK_01657,IGABOM_01062,
secG,secG,Protein-export membrane protein SecG,JLGHJK_01205,IGABOM_00678,
group_4323,,Small ribosomal subunit protein bS18,JLGHJK_00553,IGABOM_03076,
group_4312,,hypothetical protein,JLGHJK_03539,,PHDJFC_02888
group_4303,,Cytochrome b5 heme-binding domain-containing protein,JLGHJK_00038,IGABOM_02487,
group_4290,,Acyl carrier protein,JLGHJK_02008,IGABOM_01358,
group_4288,,DUF2187 domain-containing protein,JLGHJK_01764,IGABOM_01154,
group_4287,,Large ribosomal subunit protein bL31B,JLGHJK_00963,IGABOM_00331,
group_4286,,hypothetical protein,JLGHJK_00845,IGABOM_00201,
group_4285,,hypothetical protein,JLGHJK_00499,IGABOM_03012,
group_4284,,hypothetical protein,JLGHJK_00316,IGABOM_02815,
group_4270,,Acyl carrier protein,JLGHJK_02051,IGABOM_01395,
group_4252,,hypothetical protein,JLGHJK_03290,IGABOM_02430,
group_4250,,hypothetical protein,JLGHJK_02617,IGABOM_01826,
group_4248,,hypothetical protein,JLGHJK_01300,IGABOM_00749,
group_4247,,DUF2508 domain-containing protein,JLGHJK_01105,IGABOM_00581,
group_4246,,Veg protein,JLGHJK_00927,IGABOM_00304,
group_4245,,hypothetical protein,JLGHJK_00786,IGABOM_00145,
purS,purS,Phosphoribosylformylglycinamidine synthase subunit PurS,JLGHJK_03160,IGABOM_02310,
yggT,yggT,YggT family protein,JLGHJK_02627,IGABOM_01832,
group_4239,,Small ribosomal subunit protein bS20,JLGHJK_02565,IGABOM_01782,
group_4237,,GlsB/YeaQ/YmgE family stress response membrane protein,JLGHJK_01349,IGABOM_00795,
group_4223,,hypothetical protein,JLGHJK_02822,IGABOM_02004,
zapA,zapA,Cell division protein ZapA,JLGHJK_02738,IGABOM_01931,
group_4222,khpA,RNA-binding protein KhpA,JLGHJK_02017,IGABOM_01365,
group_4220,,Bacteriocin immunity protein,JLGHJK_00062,IGABOM_02506,
group_4212,,hypothetical protein,JLGHJK_02142,1_refound_14_pseudo,
group_4209,,DUF2187 domain-containing protein,JLGHJK_00305,IGABOM_02803,
group_4180,,Integral membrane protein,JLGHJK_02093,IGABOM_01433,
group_4179,,GlsB/YeaQ/YmgE family stress response membrane protein,JLGHJK_02091,IGABOM_01431,
group_4178,,Phosphocarrier protein HPr,JLGHJK_01650,IGABOM_01055,
ybeA,ybeA,UPF0297 protein YbeA,JLGHJK_02741,IGABOM_01934,
group_4167,,Small ribosomal subunit protein uS14A,JLGHJK_02653,IGABOM_01852,
group_4166,,Small ribosomal subunit protein uS15,JLGHJK_02564,IGABOM_01781,
group_4164,,hypothetical protein,JLGHJK_00862,IGABOM_00218,
group_4163,,Metal-sensing transcriptional repressor,JLGHJK_00419,IGABOM_02897,
group_4155,,hypothetical protein,0_refound_4_pseudo,IGABOM_02127,
group_4152,,UPF0291 protein L248_0887,JLGHJK_02432,IGABOM_01724,
group_4151,,Small ribosomal subunit protein bS16,JLGHJK_02016,IGABOM_01364,
group_4150,,Acylphosphatase,JLGHJK_01930,IGABOM_01286,
group_4149,,Small conserved membrane protein,JLGHJK_00703,IGABOM_00070,
group_4148,,Bacteriocin immunity protein,JLGHJK_00358,IGABOM_02850,
group_4147,,hypothetical protein,JLGHJK_00107,IGABOM_02541,
group_4146,,hypothetical protein,JLGHJK_00042,IGABOM_02491,
group_4131,,SPbeta prophage-derived DNA-binding protein HU 2,JLGHJK_02263,IGABOM_01572,
group_4118,,DUF3847 domain-containing protein,JLGHJK_03474,,PHDJFC_02904
group_4116,,HTH arsR-type domain-containing protein,JLGHJK_02793,IGABOM_01979,
group_4115,,Large ribosomal subunit protein bL27,JLGHJK_01968,IGABOM_01324,
group_4114,,DUF2089 domain-containing protein,JLGHJK_00770,IGABOM_00130,
group_4113,,Cell surface protein (Putative),JLGHJK_00432,IGABOM_02909,
group_4103,,ABM domain-containing protein,JLGHJK_02920,IGABOM_02096,
group_4093,,Integral membrane protein,JLGHJK_02805,IGABOM_01989,
group_4092,,hypothetical protein,JLGHJK_02525,IGABOM_01751,
group_4090,,Co-chaperonin GroES,JLGHJK_01128,IGABOM_00610,
group_4081,,Prophage Lp1 protein 21,JLGHJK_02905,IGABOM_02075,
group_4080,,Heavy metal-binding domain-containing protein,JLGHJK_01740,IGABOM_01134,
group_4079,,RNA-binding S4 domain-containing protein,JLGHJK_01003,IGABOM_00361,
group_4078,,Prophage protein,JLGHJK_00799,IGABOM_00157,
group_4077,,Prophage protein,JLGHJK_00792,IGABOM_00150,
group_4071,,Phage protein,JLGHJK_02376,IGABOM_01681,
group_4070,,RNA-binding protein,JLGHJK_02187,IGABOM_01513,
group_4055,,hypothetical protein,JLGHJK_00366,IGABOM_02854,
group_4039,,Glycine cleavage system H protein,JLGHJK_02819,IGABOM_02001,
group_4038,,UPF0473 protein Lreu_0536,JLGHJK_02739,IGABOM_01932,
group_4028,,Secreted protein,JLGHJK_02102,IGABOM_01439,
group_4027,,Beta-glucosides PTS EIIB,JLGHJK_01778,IGABOM_01165,
group_4026,,Bacteriocin immunity protein,JLGHJK_01407,IGABOM_00834,
group_4025,,Small ribosomal subunit protein bS6,JLGHJK_00551,IGABOM_03074,
group_4024,,hypothetical protein,JLGHJK_00434,IGABOM_02911,
group_4013,,UPF0298 protein lp_2135,JLGHJK_02575,IGABOM_01790,
group_4011,,Iron-sulfur cluster biosynthesis protein,JLGHJK_01942,IGABOM_01297,
group_4010,,Transposase,JLGHJK_01286,IGABOM_00735,
group_4003,,hypothetical protein,JLGHJK_03291,IGABOM_02431,
group_4002,,hypothetical protein,JLGHJK_02412,IGABOM_01705,
group_4001,,hypothetical protein,JLGHJK_01613,IGABOM_01020,
group_4000,,Extracellular protein,JLGHJK_00785,IGABOM_00144,
group_3993,,GTP cyclohydrolase,JLGHJK_02191,IGABOM_01517,
group_3992,,Large ribosomal subunit protein bL21,JLGHJK_01966,IGABOM_01322,
group_3989,,Phage protein,JLGHJK_01254,IGABOM_00707,
group_3988,,Nucleoid-associated protein LL0120,JLGHJK_01103,IGABOM_00579,
group_3987,,Quaternary ammonium compound-resistance protein,JLGHJK_00284,IGABOM_02784,
group_3980,,Stress-responsive transcription regulator,0_refound_2_pseudo,IGABOM_00630,
group_3978,,Transposase,JLGHJK_03471,,PHDJFC_03034
group_3976,,Thioredoxin,JLGHJK_02736,IGABOM_01929,
group_3975,,hypothetical protein,JLGHJK_01520,IGABOM_00933,
group_3974,,MIP18 family-like domain-containing protein,JLGHJK_00313,IGABOM_02811,
group_3962,,CRM domain-containing protein,JLGHJK_01910,IGABOM_01267,
group_3959,,hypothetical protein,JLGHJK_00116,IGABOM_02550,
group_3958,,HTH arsR-type domain-containing protein,JLGHJK_00109,IGABOM_02543,
group_3947,,hypothetical protein,JLGHJK_01025,IGABOM_00384,
group_3946,,PTS system cellobiose-specific IIB component,JLGHJK_03211,IGABOM_02359,
group_3945,,Integral membrane protein,JLGHJK_03185,IGABOM_02336,
group_3944,,ANTAR domain-containing protein,JLGHJK_02981,IGABOM_02153,
group_3928,,Transcriptional regulator,JLGHJK_03091,IGABOM_02253,
group_3927,,Thiol-disulfide isomerase and thioredoxin,JLGHJK_03077,IGABOM_02238,
group_3926,,Phosphoribosyl-ATP pyrophosphatase,JLGHJK_03022,IGABOM_02184,
group_3925,,hypothetical protein,JLGHJK_02021,IGABOM_01369,
group_3924,,Aspartyl/glutamyl-tRNA(Asn/Gln) amidotransferase subunit C,JLGHJK_01571,IGABOM_00973,
group_3922,,Thioredoxin,JLGHJK_00418,IGABOM_02896,
group_3911,,PepSY domain-containing protein,JLGHJK_01839,IGABOM_01231,
group_3908,,DUF4870 domain-containing protein,JLGHJK_00385,IGABOM_02871,
group_3907,,Prophage protein,JLGHJK_00342,IGABOM_02835,
group_3899,,hypothetical protein,JLGHJK_03180,IGABOM_02331,
group_3898,,Phosphoribosyl-AMP cyclohydrolase,JLGHJK_03023,IGABOM_02185,
group_3897,,12-phenylacetyl-CoA epoxidase subunit D,JLGHJK_01509,IGABOM_00925,
azlD,azlD,AzlD domain-containing protein,JLGHJK_01413,IGABOM_00840,
group_3896,arsR,Transcription regulator ArsR family,JLGHJK_01399,IGABOM_00827,
group_3895,,hypothetical protein,JLGHJK_00748,IGABOM_00119,
group_3893,,PTS system cellobiose-specific EIIB component,JLGHJK_00120,IGABOM_02553,
mpsC,mpsC,Na+-translocating membrane putative-generating system MpsC domain-containing protein,JLGHJK_02850,IGABOM_02029,
group_3882,padR,Transcription regulator PadR N-terminal domain-containing protein,JLGHJK_00673,IGABOM_03192,
group_3881,arsR,Transcription regulator ArsR family,JLGHJK_00657,IGABOM_03178,
group_3880,,hypothetical protein,JLGHJK_00264,IGABOM_02769,
group_3879,arsR,Transcription regulator ArsR family,JLGHJK_00017,IGABOM_02471,
group_3868,,hypothetical protein,JLGHJK_02190,IGABOM_01516,
group_3866,,PTS lactose/cellobiose transporter subunit IIA,JLGHJK_01359,IGABOM_00802,
group_3865,,Thioredoxin,JLGHJK_00747,IGABOM_00118,
group_3855,,hypothetical protein,JLGHJK_02372,IGABOM_01677,
group_3853,,DUF2642 domain-containing protein,JLGHJK_01986,IGABOM_01340,
group_3852,,Ribosomal processing cysteine protease Prp,JLGHJK_01967,IGABOM_01323,
group_3851,,Cupin type-2 domain-containing protein,JLGHJK_01026,IGABOM_00385,
group_3850,,hypothetical protein,JLGHJK_00399,IGABOM_02883,
group_3841,,Bacteriocin immunity protein,JLGHJK_02074,IGABOM_01419,
group_3840,,Prophage protein,JLGHJK_01960,IGABOM_01315,
group_3838,,PTS system beta-glucosides-specific EIIA component,JLGHJK_01777,IGABOM_01164,
group_3837,,hypothetical protein,JLGHJK_01735,IGABOM_01128,
group_3836,,Prophage protein,JLGHJK_00347,IGABOM_02840,
group_3828,,hypothetical protein,JLGHJK_00536,IGABOM_03057,
group_3824,,Prophage protein,JLGHJK_03104,IGABOM_02266,
group_3823,,hypothetical protein,JLGHJK_02998,IGABOM_02167,
group_3822,,Cysteine desulfurase,JLGHJK_02614,IGABOM_01823,
group_3821,gpsB,Cell cycle protein GpsB,JLGHJK_02137,IGABOM_01470,
group_3819,,Extracellular protein membrane-anchored,JLGHJK_01832,IGABOM_01224,
group_3818,,hypothetical protein,JLGHJK_01586,IGABOM_00986,
mazG,mazG,MazG nucleotide pyrophosphohydrolase domain protein,JLGHJK_02552,IGABOM_01772,
group_3806,,UPF0342 protein lp_1415,JLGHJK_01792,IGABOM_01178,
group_3805,,hypothetical protein,JLGHJK_01420,IGABOM_00847,
group_3804,,HTH hxlR-type domain-containing protein,JLGHJK_01337,IGABOM_00790,
group_3802,,Ribonuclease P protein component,JLGHJK_00543,IGABOM_03066,
arsR,arsR,Transcription regulator ArsR family,JLGHJK_00286,IGABOM_02786,
group_3792,,Lichenan-specific phosphotransferase enzyme IIA component,JLGHJK_03210,IGABOM_02358,
group_3791,,Integral membrane protein,JLGHJK_03115,IGABOM_02273,
group_3790,,UPF0145 protein,JLGHJK_02514,IGABOM_01743,
group_3788,,HTH hxlR-type domain-containing protein,JLGHJK_01902,IGABOM_01261,
yabA,yabA,Initiation-control protein YabA,JLGHJK_01109,IGABOM_00592,
group_3787,,ASCH domain-containing protein,JLGHJK_00129,IGABOM_02561,
group_3773,,Lipopolysaccharide assembly protein A domain-containing protein,JLGHJK_02521,IGABOM_01748,
group_3772,fluC,Fluoride-specific ion channel FluC 1,JLGHJK_00727,IGABOM_00095,
group_3771,,YdhG-like domain-containing protein,JLGHJK_00719,IGABOM_00091,
group_3770,,Branched-chain amino acid transport protein,JLGHJK_00194,IGABOM_02700,
group_3763,,Ribosome-binding factor A,JLGHJK_02410,IGABOM_01703,
group_3762,gntR,Acetoin transport repressor GntR family,JLGHJK_00832,IGABOM_00191,
group_3761,,Cyclophilin-like domain-containing protein,JLGHJK_00143,IGABOM_02575,
group_3752,,Prophage protein,JLGHJK_03071,IGABOM_02233,
group_3751,,Competence type IV pilus major pilin ComGC,JLGHJK_02711,IGABOM_01909,
group_3750,,Large ribosomal subunit protein bL19,JLGHJK_02020,IGABOM_01368,
rsfS,rsfS,Ribosomal silencing factor RsfS,JLGHJK_01913,IGABOM_01270,
group_3749,,Large ribosomal subunit protein bL20,JLGHJK_01896,IGABOM_01256,
group_3748,,Bacteriocin immunity protein,JLGHJK_00249,IGABOM_02755,
group_3739,,HTH hxlR-type domain-containing protein,JLGHJK_01934,IGABOM_01289,
group_3737,,UPF0344 protein lp_1373,JLGHJK_01749,IGABOM_01143,
group_3736,,Integral membrane protein,JLGHJK_00192,IGABOM_02698,
group_3720,,hypothetical protein,JLGHJK_03102,IGABOM_02264,
group_3719,,Uncharacterized protein Spy1614,JLGHJK_02003,IGABOM_01354,
group_3717,,Holo-[acyl-carrier-protein] synthase,JLGHJK_00973,IGABOM_00339,
group_3716,,Integral membrane protein,JLGHJK_00114,IGABOM_02548,
group_3706,,Putative membrane protein,JLGHJK_02087,IGABOM_01427,
group_3705,,Extracellular protein,JLGHJK_01583,IGABOM_00983,
group_3704,,Integral inner membrane protein,JLGHJK_01154,IGABOM_00631,
group_3703,,hypothetical protein,JLGHJK_00344,IGABOM_02837,
group_3689,,Integral membrane protein,JLGHJK_02643,IGABOM_01844,
group_3688,,Large ribosomal subunit protein bL12,JLGHJK_01089,IGABOM_00497,
group_3687,,Integral membrane protein,JLGHJK_00866,IGABOM_00222,
group_3686,,phosphoenolpyruvate--glycerone phosphotransferase,JLGHJK_00690,IGABOM_00057,
group_3684,,78-dihydroneopterin aldolase,JLGHJK_00299,IGABOM_02798,
luxR,luxR,LuxR family transcriptional regulator,JLGHJK_02176,IGABOM_01501,
group_3675,,Integral membrane protein,JLGHJK_01736,IGABOM_01129,
group_3673,,hypothetical protein,JLGHJK_00496,IGABOM_03009,
group_3672,,DUF1648 domain-containing protein,JLGHJK_00491,IGABOM_02953,
group_3671,,hypothetical protein,JLGHJK_00400,IGABOM_02884,
group_3656,,Glycine cleavage system protein H,JLGHJK_00813,IGABOM_00169,
group_3655,,hypothetical protein,JLGHJK_00164,IGABOM_02594,
group_3644,,HTH merR-type domain-containing protein,JLGHJK_03113,IGABOM_02271,
group_3643,,Transcription regulator Cro/CI family,JLGHJK_01623,IGABOM_01029,
group_3628,merR,Glutamine synthetase transcriptional regulator MerR family,JLGHJK_01955,IGABOM_01310,
group_3627,,Large-conductance mechanosensitive channel,JLGHJK_01717,IGABOM_01114,
group_3626,,Membrane transporter,JLGHJK_00283,IGABOM_02783,
group_3620,,hypothetical protein,JLGHJK_02746,IGABOM_01939,
group_3619,,N-acetyltransferase,JLGHJK_02277,IGABOM_01583,
group_3618,,MORN motif family protein,JLGHJK_01347,IGABOM_00793,
group_3617,fluC,Fluoride-specific ion channel FluC 2,JLGHJK_00728,IGABOM_00096,
group_3607,,DUF1398 domain-containing protein,JLGHJK_00367,IGABOM_02855,
ftsL,ftsL,Cell division protein FtsL,JLGHJK_02639,IGABOM_01841,
group_3603,,Pore-forming protein,JLGHJK_02162,IGABOM_01489,
group_3602,,RNase H type-1 domain-containing protein,JLGHJK_02161,IGABOM_01488,
group_3601,,DUF956 domain-containing protein,JLGHJK_01051,IGABOM_00464,
group_3588,,HTH gntR-type domain-containing protein,JLGHJK_03065,IGABOM_02227,
group_3587,gntR,Acetoin transport repressor GntR family,JLGHJK_02342,IGABOM_01651,
group_3586,,HTH marR-type domain-containing protein,JLGHJK_01645,IGABOM_01051,
group_3576,,Extracellular protein DUF 1093 familymembrane-bound,JLGHJK_02856,IGABOM_02033,
group_3575,,Prophage protein,JLGHJK_02437,IGABOM_01728,
group_3574,merR,Transcription regulator MerR family,JLGHJK_01725,IGABOM_01121,
group_3573,,Small ribosomal subunit protein uS9,JLGHJK_01496,IGABOM_00916,
group_3564,,D-ribose pyranase,JLGHJK_00518,IGABOM_03042,
group_3563,,Aggregation promoting factor surface protein,JLGHJK_00159,IGABOM_02589,
group_3551,,4-carboxymuconolactone decarboxylase,JLGHJK_03277,IGABOM_02419,
group_3550,,hypothetical protein,JLGHJK_02754,IGABOM_01946,
group_3548,,Glycerol-3-phosphate cytidylyltransferase,JLGHJK_01627,IGABOM_01035,
group_3547,,Septum formation initiator,JLGHJK_01005,IGABOM_00363,
group_3532,,Acetyl-CoA carboxylase biotin carboxyl carrier protein,JLGHJK_01057,IGABOM_00469,
group_3531,,PTS EIIA type-1 domain-containing protein,JLGHJK_00750,IGABOM_00121,
group_3520,,Redox protein regulator of disulfide bond formation,JLGHJK_01285,IGABOM_00734,
group_3519,,RNA polymerase (RNAP)-binding regulatory protein arsenate reductase (ArsC) family Spx subfamily,JLGHJK_00339,IGABOM_02833,
group_3507,,S1 motif domain-containing protein,JLGHJK_02696,IGABOM_01894,
group_3506,,FeS cluster biogenesis domain-containing protein,JLGHJK_02551,IGABOM_01771,
group_3495,,Mini-ribonuclease 3,JLGHJK_01078,IGABOM_00486,
group_3493,,4-carboxymuconolactone decarboxylase,JLGHJK_00142,IGABOM_02574,
group_3492,,Polypeptide deformylase family protein,JLGHJK_00047,IGABOM_02495,
group_3491,,hypothetical protein,JLGHJK_00041,IGABOM_02490,
group_3484,fabZ,3-hydroxyacyl-[acyl-carrier-protein] dehydratase FabZ,JLGHJK_02056,IGABOM_01400,
group_3483,,Hydroxyacylglutathione hydrolase,JLGHJK_01951,IGABOM_01306,
group_3482,,Integral membrane protein,JLGHJK_00736,IGABOM_00105,
group_3472,,GtrA/DPMS transmembrane domain-containing protein,JLGHJK_03178,IGABOM_02329,
group_3471,,HTH cro/C1-type domain-containing protein,JLGHJK_03069,IGABOM_02231,
group_3470,,Chemotaxis protein,JLGHJK_02725,IGABOM_01920,
group_3453,,Small heat shock protein,JLGHJK_03103,IGABOM_02265,
group_3451,,Bis(5'-nucleosyl)-tetraphosphatase [asymmetrical],JLGHJK_01290,IGABOM_00739,
group_3450,,PTS system mannose-specific EIIAcomponent,JLGHJK_01053,IGABOM_00466,
group_3448,,Murein hydrolase export protein,JLGHJK_00253,IGABOM_02759,
sepF,sepF,Cell division protein SepF,JLGHJK_02628,IGABOM_01833,
group_3431,,Stress response regulator gls24-like protein,JLGHJK_01352,IGABOM_00798,
group_3430,,Transcriptional regulator Spx,JLGHJK_01263,IGABOM_00715,
group_3429,,DUF3284 domain-containing protein,JLGHJK_00905,IGABOM_00285,
group_3428,,HTH marR-type domain-containing protein,JLGHJK_00820,IGABOM_00176,
group_3427,,Small heat shock protein,JLGHJK_00653,IGABOM_03175,
group_3426,,Transcription regulator Xre family,JLGHJK_00528,IGABOM_03052,
group_3414,,Lipoprotein,JLGHJK_01745,IGABOM_01139,
group_3413,,Transcriptional regulator,JLGHJK_01255,IGABOM_00708,
group_3412,,Large ribosomal subunit protein uL11,JLGHJK_01086,IGABOM_00494,
group_3411,,Arsenate reductase,JLGHJK_00594,IGABOM_03118,
group_3410,,Flavodoxin domain-containing protein,JLGHJK_00593,IGABOM_03117,
group_3408,,hypothetical protein,JLGHJK_00134,IGABOM_02566,
group_3399,,hypothetical protein,JLGHJK_02826,IGABOM_02008,
group_3397,,CopY/TcrY family copper transport repressor,JLGHJK_00357,IGABOM_02849,
group_3396,,Prophage protein,JLGHJK_00317,IGABOM_02816,
group_3387,,HTH marR-type domain-containing protein,JLGHJK_01314,IGABOM_00761,
group_3377,merR,MerR family transcriptional regulator,JLGHJK_03278,IGABOM_02420,
group_3375,,Putative pre-16S rRNA nuclease,JLGHJK_02740,IGABOM_01933,
msrB,msrB,Peptide methionine sulfoxide reductase MsrB,JLGHJK_02225,IGABOM_01538,
group_3374,,Pyridoxamine 5'-phosphate oxidase-like domain-containing protein,JLGHJK_00620,IGABOM_03144,
group_3373,,XRE family transcriptional regulator,JLGHJK_00191,IGABOM_02697,
group_3360,,Phosphohydrolase [Lactobacillus sp],JLGHJK_01321,IGABOM_00766,
group_3359,,RNA polymerase (RNAP)-binding regulatory protein arsenate reductase (ArsC) family Spx subfamily,JLGHJK_00501,IGABOM_03014,
group_3348,,Universal stress protein,JLGHJK_01589,IGABOM_00989,
group_3347,,hypothetical protein,JLGHJK_01353,IGABOM_00799,
group_3346,,DUF1934 domain-containing protein,JLGHJK_00948,IGABOM_00320,
group_3345,,Transcription regulator Rrf2 family,JLGHJK_00781,IGABOM_00140,
group_3332,,Universal stress protein,JLGHJK_03301,IGABOM_02454,
mraZ,mraZ,Transcriptional regulator MraZ,JLGHJK_02642,IGABOM_01843,
group_3330,,Aspartyl-tRNA amidotransferase subunit B,JLGHJK_02356,IGABOM_01662,
group_3329,fabZ,3-hydroxyacyl-[acyl-carrier-protein] dehydratase FabZ,JLGHJK_02049,IGABOM_01393,
group_3328,,Large ribosomal subunit protein uL13,JLGHJK_01495,IGABOM_00915,
group_3327,,Fur family transcriptional regulator,JLGHJK_01293,IGABOM_00742,
group_3326,,GNAT family N-acetyltransferase,JLGHJK_00819,IGABOM_00175,
group_3325,,Small heat shock protein,JLGHJK_00346,IGABOM_02839,
group_3324,,hypothetical protein,JLGHJK_00233,IGABOM_02737,
group_3323,,HTH merR-type domain-containing protein,JLGHJK_00124,IGABOM_02557,
group_3317,,Flavodoxin,JLGHJK_03223,IGABOM_02370,
group_3314,,D-aminoacyl-tRNA deacylase,JLGHJK_02370,IGABOM_01675,
group_3313,,N-acetyltransferase domain-containing protein,JLGHJK_01767,IGABOM_01157,
group_3312,,PTS system cellobiose-specific EIIA component,JLGHJK_00118,IGABOM_02552,
group_3306,,VOC domain-containing protein,JLGHJK_02997,IGABOM_02166,
group_3305,marR,MarR family transcriptional regulator,JLGHJK_02310,IGABOM_01609,
group_3304,,Lipoprotein signal peptidase,JLGHJK_02165,IGABOM_01491,
group_3303,,Mannitol-specific phosphotransferase enzyme IIA component,JLGHJK_00744,IGABOM_00115,
group_3302,,ASCH domain-containing protein,JLGHJK_00604,IGABOM_03129,
group_3293,,Phage tail protein,JLGHJK_02257,IGABOM_01567,
group_3292,,DUF3290 domain-containing protein,JLGHJK_01176,IGABOM_00648,
group_3279,marR,Transcriptional regulator MarR family,JLGHJK_03230,IGABOM_02376,
group_3278,,hypothetical protein,JLGHJK_01941,IGABOM_01296,
group_3277,,hypothetical protein,JLGHJK_01123,IGABOM_00605,
group_3276,,Nucleoside 2-deoxyribosyltransferase,JLGHJK_00663,IGABOM_03183,
group_3261,,UPF0756 membrane protein lp_1894,JLGHJK_02280,IGABOM_01586,
group_3260,uspA,UspA domain-containing protein,JLGHJK_02086,IGABOM_01426,
group_3259,,Alkaline shock protein,JLGHJK_01971,IGABOM_01327,
thrE,thrE,Threonine/Serine exporter ThrE domain-containing protein,JLGHJK_01424,IGABOM_00851,
group_3258,,hypothetical protein,JLGHJK_01024,IGABOM_00383,
group_3257,,GNAT family N-acetyltransferase,JLGHJK_00350,IGABOM_02843,
group_3246,,Universal stress protein,JLGHJK_03089,IGABOM_02248,
group_3245,,GAF domain-containing protein,JLGHJK_02788,IGABOM_01974,
group_3244,merR,Transcription regulator MerR family,JLGHJK_02723,IGABOM_01918,
group_3243,,Biotin carboxyl carrier protein of acetyl-CoA carboxylase,JLGHJK_02055,IGABOM_01399,
group_3241,,Arginine regulator,JLGHJK_01789,IGABOM_01175,
group_3240,tsaE,tRNA threonylcarbamoyladenosine biosynthesis protein TsaE,JLGHJK_01222,IGABOM_00690,
group_3239,uspA,UspA domain-containing protein,JLGHJK_00522,IGABOM_03046,
group_3238,,Membrane protein,JLGHJK_00380,IGABOM_02866,
group_3227,,HTH merR-type domain-containing protein,JLGHJK_01419,IGABOM_00846,
group_3215,,PTS EIIB type-4 domain-containing protein,JLGHJK_02799,IGABOM_01984,
group_3214,,N-acetyltransferase domain-containing protein,JLGHJK_02332,IGABOM_01642,
nifU,nifU,NIF system FeS cluster assembly NifU N-terminal domain-containing protein,JLGHJK_01850,IGABOM_01242,
ctsR,ctsR,Transcriptional regulator CtsR,JLGHJK_01444,IGABOM_00869,
group_3212,,ASCH domain-containing protein,JLGHJK_00828,IGABOM_00187,
group_3202,,Conjugal transfer protein,JLGHJK_03460,,PHDJFC_02963
group_3201,,Universal stress protein,JLGHJK_03177,IGABOM_02327,
group_3200,,Alcohol dehydrogenase,JLGHJK_02023,IGABOM_01372,
group_3199,,DUF3284 domain-containing protein,JLGHJK_01776,IGABOM_01163,
group_3198,,SsrA-binding protein,JLGHJK_01208,IGABOM_00681,
group_3197,,Transcription regulator,JLGHJK_00869,IGABOM_00225,
group_3196,greA,Transcription elongation factor GreA,JLGHJK_00735,IGABOM_00104,
group_3195,,hypothetical protein,JLGHJK_00645,IGABOM_03166,
group_3193,,DUF1836 domain-containing protein,JLGHJK_00372,IGABOM_02859,
group_3177,,hypothetical protein,JLGHJK_03179,IGABOM_02330,
group_3176,,Phage terminase small subunit P27 family,JLGHJK_02933,IGABOM_02114,
group_3175,marR,MarR family transcriptional regulator,JLGHJK_01387,IGABOM_00817,
group_3173,,hypothetical protein,JLGHJK_01288,IGABOM_00737,
group_3172,,N-acetyltransferase domain-containing protein,JLGHJK_00426,IGABOM_02903,
group_3171,,Nucleoside deoxyribosyltransferase,JLGHJK_00373,IGABOM_02860,
group_3170,,Lipoprotein,JLGHJK_00046,IGABOM_02494,
rimP,rimP,Ribosome maturation factor RimP,JLGHJK_02415,IGABOM_01708,
group_3164,,Integral membrane protein,JLGHJK_01770,IGABOM_01159,
sarZ,sarZ,HTH-type transcriptional regulator SarZ,JLGHJK_01738,IGABOM_01131,
group_3163,,S-ribosylhomocysteine lyase,JLGHJK_01185,IGABOM_00658,
group_3151,,67-dimethyl-8-ribityllumazine synthase,JLGHJK_01815,IGABOM_01211,
group_3148,,Ribosomal RNA large subunit methyltransferase H,JLGHJK_00586,IGABOM_03107,
group_3140,,N5-carboxyaminoimidazole ribonucleotide mutase,JLGHJK_03163,IGABOM_02313,
group_3139,,Universal stress protein,JLGHJK_02806,IGABOM_01990,
greA,greA,Transcription elongation factor GreA,JLGHJK_01939,IGABOM_01294,
group_3138,,Cell division protein,JLGHJK_01907,IGABOM_01264,
group_3137,,N-acetyltransferase domain-containing protein,JLGHJK_00526,IGABOM_03050,
group_3136,,Ferric uptake regulator,JLGHJK_00248,IGABOM_02754,
nrdI,nrdI,Class Ib ribonucleoside-diphosphate reductase assembly flavoprotein NrdI,JLGHJK_03108,IGABOM_02268,
group_3129,marR,Transcription regulator MarR family,JLGHJK_02952,IGABOM_02128,
group_3128,comE,ComE operon protein 2,JLGHJK_02570,IGABOM_01785,
group_3127,,Sensory protein,JLGHJK_02085,IGABOM_01425,
group_3126,,hypothetical protein,JLGHJK_01324,IGABOM_00770,
group_3125,,HTH marR-type domain-containing protein,JLGHJK_01271,IGABOM_00724,
group_3124,,N-acetyltransferase domain-containing protein,JLGHJK_00829,IGABOM_00188,
group_3123,,Glutathione peroxidase,JLGHJK_00733,IGABOM_00102,
group_3122,,Teichoic acid glycosylation protein,JLGHJK_00103,IGABOM_02537,
group_3116,,hypothetical protein,JLGHJK_03215,IGABOM_02363,
group_3114,,Bacterial type II secretion/trafficking system protein,JLGHJK_02709,IGABOM_01906,
group_3101,,CBS domain-containing protein,JLGHJK_02731,IGABOM_01924,
group_3100,,Phosphopantetheine adenylyltransferase,JLGHJK_02573,IGABOM_01788,
group_3099,,Dihydrofolate reductase,JLGHJK_02253,IGABOM_01564,
group_3097,nusG,NusG domain-containing protein,JLGHJK_01484,IGABOM_00907,
group_3096,,hypothetical protein,JLGHJK_01306,IGABOM_00754,
group_3095,,Alcohol dehydrogenase,JLGHJK_00676,IGABOM_03195,
group_3087,,MutT/NUdiX family protein,JLGHJK_02178,IGABOM_01504,
group_3077,,Phosphinothricin N-acetyltransferase,JLGHJK_00196,IGABOM_02702,
group_3070,,Methylated-DNA--protein-cysteine methyltransferase,JLGHJK_03272,IGABOM_02414,
group_3069,,Phosphohydrolase,JLGHJK_03183,IGABOM_02334,
group_3068,,ABM domain-containing protein,JLGHJK_02669,IGABOM_01867,
group_3067,uspA,Nucleotide-binding protein universal stress protein UspA family,JLGHJK_02128,IGABOM_01462,
group_3066,,DUF5590 domain-containing protein,JLGHJK_02120,IGABOM_01454,
group_3065,,HotDog ACOT-type domain-containing protein,JLGHJK_02064,IGABOM_01409,
group_3064,,Translation initiation factor IF-3,JLGHJK_01894,IGABOM_01254,
group_3063,,Phosphatidylglycerophosphatase,JLGHJK_00334,IGABOM_02830,
group_3053,,Periplasmic secreted protein,JLGHJK_03251,IGABOM_02393,
group_3052,,DUF1694 domain-containing protein,JLGHJK_03245,IGABOM_02389,
group_3051,,Cys-tRNA(Pro)/Cys-tRNA(Cys) deacylase,JLGHJK_03097,IGABOM_02259,
group_3048,,Large ribosomal subunit protein uL10,JLGHJK_01088,IGABOM_00496,
group_3047,marR,Transcription regulator MarR family,JLGHJK_00393,IGABOM_02877,
group_3038,,Integral membrane protein,JLGHJK_03238,IGABOM_02384,
group_3037,,Integral membrane protein,JLGHJK_03081,IGABOM_02242,
group_3036,,Secreted protein,JLGHJK_02595,IGABOM_01804,
group_3035,,N-acetyltransferase domain-containing protein,JLGHJK_02040,IGABOM_01386,
group_3034,,tRNA-specific adenosine deaminase,JLGHJK_01100,IGABOM_00576,
queT,queT,QueT transporter family protein,JLGHJK_00996,IGABOM_00354,
group_3033,,Imm-5-like domain-containing protein,JLGHJK_00345,IGABOM_02838,
group_3021,,Small molecule binding protein,JLGHJK_03201,IGABOM_02349,
group_3020,,HD superfamily metal-dependent phosphohydrolase,JLGHJK_01933,IGABOM_01288,
group_3018,,Phospholipid-binding protein,JLGHJK_00867,IGABOM_00223,
group_3011,,hypothetical protein,JLGHJK_02724,IGABOM_01919,
group_3010,,Putative tRNA (cytidine(34)-2'-O)-methyltransferase,JLGHJK_02646,IGABOM_01847,
group_3008,,hypothetical protein,JLGHJK_01739,IGABOM_01133,
group_3007,,VanZ-like domain-containing protein,JLGHJK_01265,IGABOM_00717,
group_3006,marR,Transcription regulator MarR family,JLGHJK_01230,IGABOM_00697,
group_3005,,Integral membrane protein,JLGHJK_00684,IGABOM_03201,
group_3004,,2-amino-4-hydroxy-6-hydroxymethyldihydropteridine diphosphokinase,JLGHJK_00298,IGABOM_02797,
msrA,msrA,Peptide methionine sulfoxide reductase MsrA,JLGHJK_02224,IGABOM_01537,
nrdR,nrdR,Transcriptional repressor NrdR,JLGHJK_01890,IGABOM_01250,
group_2996,,hypothetical protein,JLGHJK_01294,IGABOM_00743,
group_2994,,N-acetyltransferase domain-containing protein,JLGHJK_01223,IGABOM_00691,
group_2993,,VanZ-like domain-containing protein,JLGHJK_00309,IGABOM_02807,
group_2980,mreD,Cell shape determining protein MreD,JLGHJK_02774,IGABOM_01963,
group_2979,,Phosphoesterase,JLGHJK_02732,IGABOM_01925,
group_2978,,Adenine phosphoribosyltransferase,JLGHJK_02518,IGABOM_01746,
group_2977,,N-acetyltransferase domain-containing protein,JLGHJK_01680,IGABOM_01083,
group_2976,,putative membrane transporter protein,JLGHJK_01317,IGABOM_00763,
group_2975,,O-acetyl-ADP-ribose deacetylase,JLGHJK_00383,IGABOM_02869,
group_2970,,Shikimate kinase,JLGHJK_02400,IGABOM_01697,
group_2969,,Teichoic acid glycosylation protein,JLGHJK_01748,IGABOM_01142,
group_2954,,DUF1836 domain-containing protein,JLGHJK_03101,IGABOM_02263,
group_2953,pyrR,Bifunctional protein PyrR,JLGHJK_02167,IGABOM_01493,
rimM,rimM,Ribosome maturation factor RimM,JLGHJK_02018,IGABOM_01366,
group_2951,,Transcription regulator Rrf2 family,JLGHJK_01430,IGABOM_00856,
group_2947,,Protease synthase and sporulation negative regulatory protein pai 1,JLGHJK_02211,IGABOM_01529,
group_2946,,Acetyltransferase GNAT family,JLGHJK_00830,IGABOM_00189,
group_2944,,hypothetical protein,JLGHJK_00020,IGABOM_02474,
group_2939,yigB,5-amino-6-(5-phospho-D-ribitylamino)uracil phosphatase YigB,JLGHJK_01908,IGABOM_01265,
group_2925,,hypothetical protein,JLGHJK_02300,IGABOM_01602,
group_2924,,Integral membrane protein,JLGHJK_00300,IGABOM_02799,
group_2915,,Large ribosomal subunit protein uL6,JLGHJK_01469,IGABOM_00893,
group_2914,,DNA polymerase III subunit epsilon,JLGHJK_01224,IGABOM_00692,
group_2913,,Integral membrane protein,JLGHJK_01188,IGABOM_00661,
padC,padC,Phenolic acid decarboxylase PadC,JLGHJK_00524,IGABOM_03048,
group_2903,,Dihydrofolate reductase,JLGHJK_03256,IGABOM_02398,
group_2902,,2-deoxyuridine 5-triphosphate nucleotidohydrolase (dUTPase),JLGHJK_01959,IGABOM_01314,
group_2901,,RNA binding protein,JLGHJK_01006,IGABOM_00364,
pyrR,pyrR,Bifunctional protein PyrR,JLGHJK_03139,IGABOM_02294,
hslV,hslV,ATP-dependent protease subunit HslV,JLGHJK_02234,IGABOM_01546,
group_2891,,Hypoxanthine-guanine phosphoribosyltransferase,JLGHJK_01008,IGABOM_00367,
group_2890,,HTH cro/C1-type domain-containing protein,JLGHJK_00827,IGABOM_00186,
group_2878,,hypothetical protein,JLGHJK_02830,IGABOM_02012,
group_2877,,[ribosomal protein uS5]-alanine N-acetyltransferase,JLGHJK_01429,IGABOM_00855,
amaP,amaP,Alkaline shock response membrane anchor protein AmaP,JLGHJK_01350,IGABOM_00796,
group_2876,,hypothetical protein,JLGHJK_01122,IGABOM_00604,
group_2875,padR,Transcriptional regulator of phenolic acid metabolism PadR family,JLGHJK_00523,IGABOM_03047,
group_2866,,Nucleoside triphosphate/diphosphate phosphatase,JLGHJK_01621,IGABOM_01027,
group_2865,,Sigma-70 family RNA polymerase sigma factor,JLGHJK_01617,IGABOM_01024,
group_2864,,UPF0316 protein lp_1140,JLGHJK_01565,IGABOM_00968,
nusG,nusG,Transcription termination/antitermination protein NusG,JLGHJK_01084,IGABOM_00492,
group_2862,,NYN domain-containing protein,JLGHJK_01080,IGABOM_00488,
group_2861,,FMN-dependent NADPH-azoreductase,JLGHJK_00754,IGABOM_00124,
group_2860,,Folate transporter,JLGHJK_00497,IGABOM_03010,
group_2859,,DNA-3-methyladenine glycosylase I,JLGHJK_00293,IGABOM_02792,
group_2858,,hypothetical protein,JLGHJK_00044,IGABOM_02492,
group_2845,,Integral membrane protein,JLGHJK_03254,IGABOM_02396,
group_2844,,4'-phosphopantetheinyl transferase psf-1,JLGHJK_02061,IGABOM_01406,
group_2843,,N-acetyltransferase domain-containing protein,JLGHJK_00252,IGABOM_02758,
group_2842,,NADPH-dependent FMN reductase family protein,JLGHJK_00245,IGABOM_02751,
pncA,pncA,Uncharacterized isochorismatase family protein PncA,JLGHJK_03062,IGABOM_02224,
group_2832,,Ribosomal protein serine-acetylating enzyme,JLGHJK_02824,IGABOM_02006,
group_2831,,ADP-ribose pyrophosphatase,JLGHJK_02618,IGABOM_01827,
group_2830,,Nucleic acid-binding protein,JLGHJK_01916,IGABOM_01273,
group_2829,,hypothetical protein,JLGHJK_01204,IGABOM_00677,
group_2828,,Extracellular protein,JLGHJK_00749,IGABOM_00120,
group_2827,,DUF4352 domain-containing protein,JLGHJK_00190,IGABOM_02696,
group_2819,,Ribosomal protein serine-acetylating enzyme,JLGHJK_03265,IGABOM_02407,
group_2817,,Elongation factor P 2,JLGHJK_01970,IGABOM_01326,
group_2815,,Peptidyl-tRNA hydrolase,JLGHJK_01000,IGABOM_00358,
group_2803,,Nitroreductase family 1 protein,JLGHJK_03050,IGABOM_02214,
group_2802,,Integral membrane protein,JLGHJK_02980,IGABOM_02152,
group_2800,,Peptide deformylase,JLGHJK_02594,IGABOM_01803,
group_2798,tetR,Transcription regulator TetR family,JLGHJK_01318,IGABOM_00764,
group_2797,lemA,Protein LemA,JLGHJK_00967,IGABOM_00334,
group_2796,,UPF0397 protein lp_0150,JLGHJK_00670,IGABOM_03190,
rsmD,rsmD,16S rRNA (Guanine(966)-N(2))-methyltransferase RsmD,JLGHJK_02574,IGABOM_01789,
group_2783,,Ribosome-recycling factor,JLGHJK_02421,IGABOM_01714,
group_2782,,EF-hand domain-containing protein,JLGHJK_01819,IGABOM_01213,
group_2781,yxjI,YxjI,JLGHJK_01216,IGABOM_00686,
group_2780,,DNA-directed RNA polymerase sigma-H factor,JLGHJK_01081,IGABOM_00489,
group_2779,,Ribonuclease M5,JLGHJK_00925,IGABOM_00302,
group_2778,,Extracellular zinc metalloproteinase M10 family,JLGHJK_00863,IGABOM_00219,
group_2777,,DNA-3-methyladenine glycosylase I,JLGHJK_00803,IGABOM_00161,
group_2766,,ADP-ribose pyrophosphatase,JLGHJK_03194,IGABOM_02343,
group_2765,,5-formyltetrahydrofolate cyclo-ligase,JLGHJK_01946,IGABOM_01301,
group_2763,,Ribosome hibernation promotion factor,JLGHJK_01140,IGABOM_00618,
group_2762,,Biotin transporter,JLGHJK_00846,IGABOM_00202,
group_2761,,Cadmium resistance transporter family protein,JLGHJK_00110,IGABOM_02544,
group_2758,,Acetyltransferase,JLGHJK_03302,IGABOM_02455,
group_2756,,UPF0398 protein PEPE_0933,JLGHJK_02136,IGABOM_01469,
group_2755,,Heptaprenyl diphosphate synthase component I,JLGHJK_01483,IGABOM_00906,
group_2754,,N-acetyltransferase domain-containing protein,JLGHJK_01405,IGABOM_00832,
group_2753,,ABC transporter permease,JLGHJK_00732,IGABOM_00101,
group_2752,,GTP cyclohydrolase 1,JLGHJK_00297,IGABOM_02796,
group_2744,,Biotin carboxyl carrier protein of acetyl-CoA carboxylase,JLGHJK_00872,IGABOM_00227,
group_2743,tetR,Transcription regulator TetR family,JLGHJK_00801,IGABOM_00159,
group_2742,cscB,Cell surface protein CscB family,JLGHJK_00431,IGABOM_02908,
group_2741,tetR,Transcription regulator TetR family,JLGHJK_00384,IGABOM_02870,
group_2730,,Transcriptional regulator,JLGHJK_01576,IGABOM_00978,
group_2729,,Cytokinin riboside 5'-monophosphate phosphoribohydrolase,JLGHJK_01094,IGABOM_00571,
group_2728,,Zinc ribbon domain-containing protein,JLGHJK_00220,IGABOM_02726,
group_2713,,Thiamine transporter protein,JLGHJK_01549,IGABOM_00955,
group_2712,,Guanylate kinase,JLGHJK_01292,IGABOM_00741,
group_2705,,Imidazoleglycerol-phosphate dehydratase,JLGHJK_03027,IGABOM_02189,
group_2704,,Peptidyl-prolyl cis-trans isomerase,JLGHJK_02697,IGABOM_01895,
group_2703,,PepSY domain-containing protein,JLGHJK_01917,IGABOM_01274,
group_2691,,hypothetical protein,JLGHJK_02996,IGABOM_02165,
group_2690,,Thymidine kinase,JLGHJK_02843,IGABOM_02022,
group_2689,,Xanthine phosphoribosyltransferase,JLGHJK_01564,IGABOM_00967,
group_2688,,Signal peptidase I,JLGHJK_00530,IGABOM_03055,
cscD,cscD,Cell surface protein CscD familyLPXTG-motif cell wall anchor,JLGHJK_00433,IGABOM_02910,
group_2683,,ATP-dependent Clp protease proteolytic subunit,JLGHJK_01194,IGABOM_00667,
engB,engB,putative GTP-binding protein EngB,JLGHJK_02553,IGABOM_01773,
group_2673,,hypothetical protein,JLGHJK_00288,IGABOM_02788,
group_2671,,Pyrroline-5-carboxylate reductase catalytic N-terminal domain-containing protein,JLGHJK_00003,IGABOM_02458,
group_2664,,NAD(P)-binding domain-containing protein,JLGHJK_03297,IGABOM_02435,
group_2663,,Putative AgrB-like protein,JLGHJK_00505,IGABOM_03018,
group_2647,,Segregation and condensation protein B,JLGHJK_02275,IGABOM_01581,
group_2646,,histidine phosphatase family protein,JLGHJK_02172,IGABOM_01497,
recR,recR,Recombination protein RecR,JLGHJK_01104,IGABOM_00580,
group_2637,tetR,Transcription regulator TetR family,JLGHJK_01446,IGABOM_00871,
group_2636,,hypothetical protein,JLGHJK_01297,IGABOM_00746,
group_2635,,NADPH-dependent FMN reductase family protein,JLGHJK_00651,IGABOM_03173,
group_2634,,Single-stranded DNA-binding protein,JLGHJK_00552,IGABOM_03075,
yvfU,yvfU,Uncharacterized transcriptional regulatory protein YvfU,JLGHJK_02327,IGABOM_01637,
group_2623,,Phosphohydrolase MutT/nudix family,JLGHJK_02315,IGABOM_01614,
group_2617,,NADPH-dependent FMN reductase-like domain-containing protein,JLGHJK_03165,IGABOM_02315,
group_2616,,Small ribosomal subunit protein uS4,JLGHJK_02789,IGABOM_01975,
group_2615,,Peroxiredoxin,JLGHJK_02783,IGABOM_01969,
group_2614,,Calcineurin-like phosphoesterase domain-containing protein,JLGHJK_02704,IGABOM_01901,
grpE,grpE,Protein GrpE,JLGHJK_02394,IGABOM_01692,
group_2613,,Anthranilate synthase amidotransferase component,JLGHJK_02030,IGABOM_01378,
group_2612,,Phage protein,JLGHJK_01731,IGABOM_01125,
group_2611,,hypothetical protein,JLGHJK_00949,IGABOM_00321,
ruvA,ruvA,Holliday junction branch migration complex subunit RuvA,JLGHJK_02750,IGABOM_01943,
group_2606,erfK,Cell surface protein ErfK family,JLGHJK_01783,IGABOM_01170,
group_2600,,NADPH-dependent FMN reductase-like domain-containing protein,JLGHJK_01800,IGABOM_01185,
group_2599,,Peptidoglycan-binding protein,JLGHJK_00125,IGABOM_02558,
group_2594,,Resolvase/invertase-type recombinase catalytic domain-containing protein,,IGABOM_00046,PHDJFC_03015
group_2593,,Signal peptidase I,JLGHJK_03287,IGABOM_02427,
group_2592,,bis(5'-nucleosyl)-tetraphosphatase (symmetrical),JLGHJK_01912,IGABOM_01269,
group_2589,,Acetyltransferase,JLGHJK_03286,IGABOM_02426,
group_2588,,Guanylate kinase,JLGHJK_01987,IGABOM_01341,
group_2587,tetR,Transcription regulator TetR family,JLGHJK_00072,IGABOM_02514,
recU,recU,Holliday junction resolvase RecU,JLGHJK_02135,IGABOM_01468,
group_2578,,Adenylyl-sulfate kinase,JLGHJK_01755,IGABOM_01148,
group_2577,,Phosphoglycerate mutase family protein,JLGHJK_00716,IGABOM_00088,
hisH,hisH,Imidazole glycerol phosphate synthase subunit HisH,JLGHJK_03026,IGABOM_02188,
group_2572,,DUF1648 domain-containing protein,JLGHJK_02792,IGABOM_01978,
group_2571,,UPF0637 protein lp_2332,JLGHJK_02790,IGABOM_01976,
group_2570,,Glycerol-3-phosphate acyltransferase,JLGHJK_02230,IGABOM_01543,
group_2569,,N-(5'-phosphoribosyl)anthranilate isomerase,JLGHJK_02033,IGABOM_01381,
group_2568,tetR,Transcription regulator TetR family,JLGHJK_01821,IGABOM_01215,
group_2557,,Uracil phosphoribosyltransferase,JLGHJK_02836,IGABOM_02017,
group_2556,,DUF1027 domain-containing protein,JLGHJK_02702,IGABOM_01899,
group_2555,,ABC transmembrane type-1 domain-containing protein,JLGHJK_01983,IGABOM_01337,
group_2554,tetR,Transcription regulator TetR family,JLGHJK_01965,IGABOM_01321,
group_2553,,Uridine kinase,JLGHJK_01938,IGABOM_01293,
lexA,lexA,LexA repressor,JLGHJK_02433,IGABOM_01725,
group_2542,lysM,LysM domain-containing protein,JLGHJK_02267,IGABOM_01576,
yetF,yetF,Membrane protein yetF,JLGHJK_01175,IGABOM_00647,
group_2534,,carbonic anhydrase,JLGHJK_03168,IGABOM_02318,
group_2533,,Dithiol-disulfide isomerase,JLGHJK_02661,IGABOM_01860,
group_2532,,putative nicotinate-nucleotide adenylyltransferase,JLGHJK_01911,IGABOM_01268,
group_2521,,phosphoglycerate mutase (23-diphosphoglycerate-dependent),JLGHJK_03292,IGABOM_02432,
group_2520,,Extracellular protein,JLGHJK_03184,IGABOM_02335,
group_2519,,Orotate phosphoribosyltransferase,JLGHJK_03130,IGABOM_02287,
cutC,cutC,PF03932 family protein CutC,JLGHJK_02657,IGABOM_01856,
group_2517,,Cell wall hydrolase/muramidase,JLGHJK_01563,IGABOM_00966,
group_2515,,CBS domain-containing protein,JLGHJK_00997,IGABOM_00355,
group_2514,,Saccharopine dehydrogenase related protein,JLGHJK_00349,IGABOM_02842,
group_2513,,Hemolysin III,JLGHJK_00285,IGABOM_02785,
group_2512,,DUF1700 domain-containing protein,JLGHJK_00222,IGABOM_02728,
group_2511,,NAD(P)-binding domain-containing protein,JLGHJK_00140,IGABOM_02572,
group_2499,,Acetyltransferase,JLGHJK_03193,IGABOM_02342,
group_2498,,ABC transmembrane type-1 domain-containing protein,JLGHJK_02771,IGABOM_01960,
group_2497,,ABC superfamily ATP binding cassette transporter ABC protein,JLGHJK_02770,IGABOM_01959,
group_2496,,PheT_2 protein,JLGHJK_01840,IGABOM_01232,
group_2495,,Glutamine ABC transporter permease protein,JLGHJK_01304,IGABOM_00752,
group_2492,,Extracellular protein,JLGHJK_02249,IGABOM_01561,
group_2491,,Membrane-bound protease CAAX family,JLGHJK_01127,IGABOM_00609,
group_2476,,AMP-dependent synthetase/ligase domain-containing protein,JLGHJK_00784,IGABOM_00143,
group_2474,,NAD(P)-binding domain-containing protein,JLGHJK_02647,IGABOM_01848,
group_2472,,Deoxyadenosine kinase/deoxyguanosine kinase,JLGHJK_01716,IGABOM_01113,
group_2471,,VTT domain-containing protein,JLGHJK_01328,IGABOM_00774,
yfbR,yfbR,5'-nucleotidase yfbR,JLGHJK_01182,IGABOM_00655,
group_2460,,Endonuclease III,JLGHJK_03285,IGABOM_02425,
group_2458,,Glycerol uptake facilitator protein-like 6,JLGHJK_00438,IGABOM_02914,
group_2457,,ABC transporter ATP-binding protein,JLGHJK_00231,IGABOM_02735,
group_2447,,Choline transport system permease protein OpuBD,JLGHJK_01985,IGABOM_01339,
group_2445,,ABC transmembrane type-1 domain-containing protein,JLGHJK_01305,IGABOM_00753,
group_2444,,L-serine ammonia-lyase,JLGHJK_00954,IGABOM_00325,
group_2443,,Thiamine-phosphate synthase,JLGHJK_00640,IGABOM_03162,
group_2441,,Nitroreductase domain-containing protein,JLGHJK_00084,IGABOM_02519,
group_2436,,HD/PDEase domain-containing protein,JLGHJK_03099,IGABOM_02261,
group_2435,,VTT domain-containing protein,JLGHJK_02698,IGABOM_01896,
group_2434,,CobQ/CobB/MinD/ParA nucleotide binding domain-containing protein,JLGHJK_01773,IGABOM_01161,
group_2433,,hypothetical protein,JLGHJK_00145,IGABOM_02578,
group_2432,,hypothetical protein,JLGHJK_00086,IGABOM_02521,
group_2423,,ABC transporter domain-containing protein,JLGHJK_00807,IGABOM_00164,
group_2422,,ABC transporter,JLGHJK_00730,IGABOM_00099,
group_2408,,(S)-2-haloacid dehalogenase,JLGHJK_03262,IGABOM_02404,
yjbM,yjbM,GTP pyrophosphokinase YjbM,JLGHJK_02660,IGABOM_01859,
group_2407,,Potassium uptake protein,JLGHJK_02611,IGABOM_01819,
group_2405,,Phosphatase PAP2 family,JLGHJK_01427,IGABOM_00853,
group_2404,,HTH tetR-type domain-containing protein,JLGHJK_00682,IGABOM_03199,
group_2403,,Peptidoglycan-binding protein,JLGHJK_00127,IGABOM_02559,
group_2399,,Phosphoglycerate mutase family protein,JLGHJK_02607,IGABOM_01815,
group_2398,,Undecaprenyl-phosphate galactose phosphotransferase,JLGHJK_02540,IGABOM_01762,
group_2397,,DUF1361 domain-containing protein,JLGHJK_01231,IGABOM_00698,
group_2396,,Thymidylate kinase,JLGHJK_01106,IGABOM_00588,
group_2394,,Transcription regulator,JLGHJK_00423,IGABOM_02901,
group_2391,,Methionine synthase,JLGHJK_03148,IGABOM_02302,
group_2390,,Integral membrane protein,JLGHJK_02334,IGABOM_01644,
group_2389,,Chloramphenicol O-acetyltransferase,JLGHJK_02175,IGABOM_01500,
group_2388,,Phosphoglycerate mutase (23-diphosphoglycerate-independent),JLGHJK_01406,IGABOM_00833,
group_2387,,Prophage Lp1 protein 66 lipoprotein,JLGHJK_01091,IGABOM_00569,
group_2386,,Ribose 5-phosphate isomerase A,JLGHJK_00864,IGABOM_00220,
group_2385,,Class I glutamine amidotransferase,JLGHJK_00605,IGABOM_03130,
tetR,tetR,Transcription regulator TetR family,JLGHJK_00394,IGABOM_02878,
group_2383,,Endonuclease III,JLGHJK_00243,IGABOM_02749,
group_2379,,HTH tetR-type domain-containing protein,JLGHJK_03203,IGABOM_02351,
group_2377,,ABC transmembrane type-1 domain-containing protein,JLGHJK_02126,IGABOM_01460,
group_2376,,Beta-phosphoglucomutase,JLGHJK_00599,IGABOM_03123,
group_2375,,Beta-phosphoglucomutase,JLGHJK_00573,IGABOM_03094,
group_2368,,Phosphoglycerate mutase family protein,JLGHJK_03214,IGABOM_02362,
group_2367,,Tetratricopeptide repeat protein,JLGHJK_02606,IGABOM_01814,
group_2366,phoU,Phosphate-specific transport system accessory protein PhoU,JLGHJK_01153,IGABOM_00629,
group_2365,,Phosphoribosyltransferase domain-containing protein,JLGHJK_01139,IGABOM_00617,
group_2364,,ThiJ/PfpI family protein protease/amidase,JLGHJK_00613,IGABOM_03138,
group_2357,,Transport protein,JLGHJK_03247,IGABOM_02390,
group_2356,,Phosphoglycerate mutase family protein,JLGHJK_01323,IGABOM_00769,
group_2355,,Redox-sensing transcriptional repressor Rex,JLGHJK_01126,IGABOM_00608,
group_2354,,23-bisphosphoglycerate-dependent phosphoglycerate mutase 2,JLGHJK_01064,IGABOM_00476,
group_2344,hrtA,Putative hemin import ATP-binding protein HrtA,JLGHJK_03253,IGABOM_02395,
purQ,purQ,Phosphoribosylformylglycinamidine synthase subunit PurQ,JLGHJK_03159,IGABOM_02309,
group_2343,,hypothetical protein,JLGHJK_03020,IGABOM_02182,
group_2342,,WxL domain-containing protein,JLGHJK_01829,IGABOM_01221,
group_2341,,Prepilin peptidase,JLGHJK_01450,IGABOM_00874,
group_2340,,Diguanylate cyclase phosphodiesterase domain-containing protein,JLGHJK_01159,IGABOM_00637,
group_2339,,TVP38/TMEM64 family membrane protein,JLGHJK_00108,IGABOM_02542,
group_2334,,DUF2507 domain-containing protein,JLGHJK_02735,IGABOM_01928,
group_2332,,Ribose-5-phosphate isomerase A,JLGHJK_01070,IGABOM_00479,
group_2325,,Cytidylate kinase,JLGHJK_02266,IGABOM_01575,
arlR,arlR,Response regulator ArlR,JLGHJK_01922,IGABOM_01278,
plnW,plnW,Integral membrane protein PlnW membrane-boundprotease CAAX family,JLGHJK_00895,IGABOM_00277,
group_2311,,Large ribosomal subunit protein uL1,JLGHJK_01087,IGABOM_00495,
group_2310,,Transcription regulator,JLGHJK_00782,IGABOM_00141,
group_2309,,DUF1275 domain-containing protein,JLGHJK_00200,IGABOM_02706,
phoB,phoB,Phosphate regulon transcriptional regulatory protein PhoB,JLGHJK_00199,IGABOM_02705,
metI,metI,Methionine import system permease protein metI,JLGHJK_02817,IGABOM_01999,
group_2300,,5'-methylthioadenosine/S-adenosylhomocysteine nucleosidase,JLGHJK_02616,IGABOM_01825,
group_2298,,GTP pyrophosphokinase,JLGHJK_00800,IGABOM_00158,
group_2297,cscB,Cell surface protein CscB family,JLGHJK_00430,IGABOM_02907,
group_2296,,23-bisphosphoglycerate-dependent phosphoglycerate mutase,JLGHJK_00180,IGABOM_02688,
group_2289,,DUF218 domain-containing protein,JLGHJK_00413,IGABOM_02892,
group_2283,,V-type ATP synthase subunit E,JLGHJK_02625,IGABOM_01830,
comE,comE,ComE operon protein 1 DNA receptor,JLGHJK_02571,IGABOM_01786,
group_2282,,Pyrroline-5-carboxylate reductase catalytic N-terminal domain-containing protein,JLGHJK_02244,IGABOM_01556,
group_2281,,ABC transporter domain-containing protein,JLGHJK_00931,IGABOM_00307,
group_2280,,Integral membrane protein,JLGHJK_00352,IGABOM_02845,
group_2279,,Putative metal-dependent protease/peptidase,JLGHJK_00257,IGABOM_02763,
group_2276,macB,Macrolide export ATP-binding/permease protein MacB,JLGHJK_03283,IGABOM_02423,
group_2275,,Ribitol-5-phosphate cytidylyltransferase,JLGHJK_02206,IGABOM_01525,
azlC,azlC,Azaleucine resistance protein AzlC,JLGHJK_01414,IGABOM_00841,
group_2274,,HTH gntR-type domain-containing protein,JLGHJK_01033,IGABOM_00391,
group_2273,,Acyltransferase,JLGHJK_00069,IGABOM_02512,
group_2267,,WxL domain-containing protein,JLGHJK_01830,IGABOM_01222,
group_2266,,Sortase A,JLGHJK_00966,IGABOM_00333,
group_2265,,NAD-dependent protein deacetylase,JLGHJK_00915,IGABOM_00296,
group_2264,,Two-component system response regulator,JLGHJK_00791,IGABOM_00149,
group_2255,,HTH gntR-type domain-containing protein,JLGHJK_03212,IGABOM_02360,
group_2253,,Lipoprotein,JLGHJK_02816,IGABOM_01998,
group_2252,epsD,Tyrosine-protein kinase EpsD,JLGHJK_02544,IGABOM_01765,
group_2249,,ABC transmembrane type-1 domain-containing protein,JLGHJK_00217,IGABOM_02722,
group_2239,,ABC transporter ATP-binding protein,JLGHJK_03064,IGABOM_02226,
group_2238,,hypothetical protein,JLGHJK_02730,IGABOM_01923,
group_2237,,Alpha-acetolactate decarboxylase,JLGHJK_02396,IGABOM_01694,
group_2235,,EAL domain-containing protein,JLGHJK_01178,IGABOM_00651,
group_2234,gntR,GntR family transcriptional regulator,JLGHJK_00901,IGABOM_00282,
group_2227,,Orotidine 5'-phosphate decarboxylase,JLGHJK_03131,IGABOM_02288,
group_2226,,ATP synthase subunit a,JLGHJK_02833,IGABOM_02015,
group_2225,,MurR/RpiR family transcriptional regulator,JLGHJK_02318,IGABOM_01629,
group_2223,,Glucosamine-6-phosphate deaminase,JLGHJK_00737,IGABOM_00107,
group_2221,,Demethylmenaquinone methyltransferase,JLGHJK_00412,IGABOM_02891,
group_2212,,BAX inhibitor (BI)-1/YccA family protein,JLGHJK_01886,IGABOM_01246,
group_2211,,hypothetical protein,JLGHJK_01618,IGABOM_01025,
group_2210,,D/L-lactic acid transporter,JLGHJK_01604,IGABOM_00999,
group_2209,,DUF4365 domain-containing protein,JLGHJK_00815,IGABOM_00171,
group_2208,,D/L-lactic acid transporter,JLGHJK_00635,IGABOM_03157,
group_2200,,1-(5-phosphoribosyl)-5-[(5-phosphoribosylamino)methylideneamino] imidazole-4-carboxamide isomerase,JLGHJK_03025,IGABOM_02187,
group_2198,,Integral membrane protein,JLGHJK_01691,IGABOM_01091,
group_2197,,Trehalose operon repressor,JLGHJK_00772,IGABOM_00132,
group_2195,,HTH gntR-type domain-containing protein,JLGHJK_00035,IGABOM_02485,
group_2187,,DUF4811 domain-containing protein,JLGHJK_01417,IGABOM_00844,
gatD,gatD,Lipid II isoglutaminyl synthase (glutamine-hydrolyzing) subunit GatD,JLGHJK_02845,IGABOM_02024,
group_2185,,Hydrolase HAD superfamily,JLGHJK_02425,IGABOM_01718,
group_2184,,Uridylate kinase,JLGHJK_02422,IGABOM_01715,
group_2183,,3-oxoacyl-[acyl-carrier-protein] reductase,JLGHJK_02053,IGABOM_01397,
liaF,liaF,LiaF transmembrane domain-containing protein,JLGHJK_01940,IGABOM_01295,
phoP,phoP,Alkaline phosphatase synthesis transcriptional regulatory protein PhoP,JLGHJK_01146,IGABOM_00622,
group_2182,,putative membrane transporter protein,JLGHJK_00193,IGABOM_02699,
group_2174,,HTH gntR-type domain-containing protein,JLGHJK_03096,IGABOM_02258,
group_2173,,DUF2087 domain-containing protein,JLGHJK_02177,IGABOM_01502,
dnaD,dnaD,DNA replication protein DnaD,JLGHJK_02123,IGABOM_01457,
tsaB,tsaB,tRNA (Adenosine(37)-N6)-threonylcarbamoyltransferase complex dimerization subunit type 1 TsaB,JLGHJK_01121,IGABOM_00603,
group_2165,,putative transcriptional regulatory protein BW721_02700,JLGHJK_02717,IGABOM_01913,
group_2164,,YheO-like PAS domain,JLGHJK_00956,IGABOM_00327,
group_2163,,Murein hydrolase regulator,JLGHJK_00254,IGABOM_02760,
group_2160,,Phosphoribosylaminoimidazole-succinocarboxamide synthase,JLGHJK_03161,IGABOM_02311,
mecA,mecA,Adapter protein MecA,JLGHJK_02665,IGABOM_01864,
group_2158,cscC,Cell surface protein CscC family,JLGHJK_02610,IGABOM_01818,
group_2157,rpiR,Transcription regulator RpiR family,JLGHJK_00793,IGABOM_00151,
larO,larO,Nickel import ATP-binding protein LarO,JLGHJK_00627,IGABOM_03150,
group_2152,,Glycosyltransferase,JLGHJK_03213,IGABOM_02361,
group_2151,,hypothetical protein,JLGHJK_01953,IGABOM_01308,
group_2150,,Methyltransferase domain-containing protein,JLGHJK_01914,IGABOM_01271,
group_2149,,ABC transporter domain-containing protein,JLGHJK_01215,IGABOM_00685,
group_2147,,Ribosomal RNA small subunit methyltransferase G,JLGHJK_00210,IGABOM_02715,
group_2140,,Integral membrane protein,JLGHJK_02185,IGABOM_01511,
group_2139,,Integral membrane protein,JLGHJK_02062,IGABOM_01407,
group_2138,,ABC transporter ATP-binding protein,JLGHJK_01834,IGABOM_01226,
group_2137,,ABC transporter permease protein,JLGHJK_01720,IGABOM_01117,
group_2136,,ABC transporter domain-containing protein,JLGHJK_01516,IGABOM_00930,
group_2135,,Serine-type D-Ala-D-Ala carboxypeptidase,JLGHJK_01433,IGABOM_00859,
group_2134,,N-acetylglucosaminyldiphosphoundecaprenol N-acetyl-beta-D-mannosaminyltransferase,JLGHJK_01034,IGABOM_00392,
group_2122,,ABC transporter domain-containing protein,JLGHJK_02548,IGABOM_01768,
group_2121,,tRNA (guanine-N(1)-)-methyltransferase,JLGHJK_02019,IGABOM_01367,
group_2120,,Pseudouridine synthase,JLGHJK_01706,IGABOM_01104,
glnQ,glnQ,Glutamine transport ATP-binding protein glnQ,JLGHJK_01302,IGABOM_00750,
group_2119,,Glutamine amidotransferase class I,JLGHJK_00642,IGABOM_03164,
group_2114,,Uncharacterized oxidoreductase Lmo0432,JLGHJK_03275,IGABOM_02417,
group_2113,,ABC transporter domain-containing protein,JLGHJK_03205,IGABOM_02354,
group_2112,,8-oxo-dGTP diphosphatase,JLGHJK_02985,IGABOM_02155,
group_2111,,Metallo-beta-lactamase domain-containing protein,JLGHJK_02668,IGABOM_01866,
group_2110,,Two-component system response regulator,JLGHJK_00502,IGABOM_03015,
group_2099,,Levodione reductase,JLGHJK_03196,IGABOM_02345,
group_2098,,Carboxylesterase,JLGHJK_01206,IGABOM_00679,
group_2097,rpiR,RpiR family transcriptional regulator,JLGHJK_00909,IGABOM_00289,
group_2096,,UPF0246 protein lp_0089,JLGHJK_00619,IGABOM_03143,
group_2092,,Two-component system response regulator,JLGHJK_03100,IGABOM_02262,
group_2091,,Threonine/serine exporter-like N-terminal domain-containing protein,JLGHJK_01423,IGABOM_00850,
group_2090,,Prophage protein,JLGHJK_00622,IGABOM_03146,
group_2082,,Putative exodeoxyribonuclease 8 PDDEXK-like domain-containing protein,JLGHJK_02907,IGABOM_02077,
group_2081,,ABC transporter permease protein,JLGHJK_02336,IGABOM_01647,
group_2080,,Lipase/esterase,JLGHJK_02140,IGABOM_01475,
group_2079,,HTH cro/C1-type domain-containing protein,JLGHJK_01378,IGABOM_00812,
group_2078,,FMN reductase (NAD(P)H),JLGHJK_01256,IGABOM_00709,
group_2077,,HTH gntR-type domain-containing protein,JLGHJK_00672,IGABOM_03191,
group_2076,,Glycerol uptake facilitator protein-like 5,JLGHJK_00417,IGABOM_02895,
group_2075,,Threonine/serine exporter-like N-terminal domain-containing protein,JLGHJK_00379,IGABOM_02865,
group_2069,deoR,DeoR family transcriptional regulator,JLGHJK_02527,IGABOM_01753,
group_2068,pstB,Phosphate import ATP-binding protein PstB 2,JLGHJK_01152,IGABOM_00628,
group_2067,fetB,putative iron export permease protein FetB,JLGHJK_00230,IGABOM_02734,
group_2059,,ABC transporter ATP-binding protein,JLGHJK_03171,IGABOM_02321,
group_2056,,tRNA1(Val) (Adenine(37)-N6)-methyltransferase,JLGHJK_02428,IGABOM_01721,
deoR,deoR,Transcription regulator DeoR family,JLGHJK_02314,IGABOM_01613,
group_2055,,Enoyl-[acyl-carrier-protein] reductase [NADH],JLGHJK_02060,IGABOM_01405,
group_2054,,Chitin disaccharide deacetylase,JLGHJK_01309,IGABOM_00757,
group_2053,,Triosephosphate isomerase,JLGHJK_01200,IGABOM_00673,
group_2052,,Protein-tyrosine phosphatase,JLGHJK_00602,IGABOM_03127,
group_2051,,3-dehydroquinate dehydratase,JLGHJK_00480,IGABOM_02942,
group_2043,,CPBP family intramembrane metalloprotease,JLGHJK_00808,IGABOM_00165,
group_2042,,Amino acid ABC transporter ATP-binding protein,JLGHJK_00218,IGABOM_02723,
group_2041,araC,Transcription regulator AraC family,JLGHJK_00167,IGABOM_02596,
group_2034,,YibE/F family protein,JLGHJK_01404,IGABOM_00831,
group_2033,,NADPH-dependent FMN reductase-like domain-containing protein,JLGHJK_01400,IGABOM_00828,
group_2032,,Branched-chain amino acid ABC transporter permease,JLGHJK_00195,IGABOM_02701,
group_2024,,Segregation and condensation protein A,JLGHJK_02276,IGABOM_01582,
group_2023,,Ribonuclease HII,JLGHJK_02240,IGABOM_01551,
group_2022,,Two-component system response regulator,JLGHJK_01734,IGABOM_01127,
trmH,trmH,RNA methyltransferase TrmH family,JLGHJK_01079,IGABOM_00487,
group_2021,,Hydrolase HAD superfamily Cof family,JLGHJK_00572,IGABOM_03093,
group_2020,,AAA domain-containing protein,JLGHJK_00208,IGABOM_02713,
group_2016,,Multidrug ABC transporter permease protein,JLGHJK_02329,IGABOM_01639,
phnC,phnC,Phosphonates import ATP-binding protein PhnC,JLGHJK_01117,IGABOM_00601,
ssuB,ssuB,Aliphatic sulfonates import ATP-binding protein SsuB,JLGHJK_00982,IGABOM_00345,
group_2009,,putative membrane transporter protein,JLGHJK_03121,IGABOM_02279,
group_2008,,ABC transporter permease protein,JLGHJK_03063,IGABOM_02225,
group_2007,suhB,Inositol-1-monophosphatase SuhB,JLGHJK_02586,IGABOM_01796,
group_2006,,acetyl-CoA carboxytransferase,JLGHJK_01060,IGABOM_00472,
group_1997,,Kef-type K+ transporter NAD-binding component,JLGHJK_02101,IGABOM_01438,
group_1996,,Lysozyme,JLGHJK_01582,IGABOM_00982,
group_1995,,D-aminoacyl-tRNA deacylase,JLGHJK_00924,IGABOM_00301,
group_1994,,Nitrilase/cyanide hydratase and apolipoprotein N-acyltransferase,JLGHJK_00899,IGABOM_00280,
group_1989,,Integral membrane protein,JLGHJK_03098,IGABOM_02260,
group_1988,,Ditranspolycis-undecaprenyl-diphosphate synthase ((2E6E)-farnesyl-diphosphate specific),JLGHJK_02420,IGABOM_01713,
group_1986,,ABC transporter domain-containing protein,JLGHJK_00095,IGABOM_02530,
group_1978,araC,AraC family transcriptional regulator,JLGHJK_00778,IGABOM_00136,
group_1977,,Nicotinamide mononucleotide transporter,JLGHJK_00769,IGABOM_00129,
group_1976,,Halo peroxidase,JLGHJK_00648,IGABOM_03169,
group_1971,,Alpha/beta fold hydrolase,JLGHJK_03076,IGABOM_02237,
group_1970,,RNA-binding S4 domain-containing protein,JLGHJK_02626,IGABOM_01831,
group_1968,,Phosphatidate cytidylyltransferase,JLGHJK_02419,IGABOM_01712,
group_1967,,4-hydroxy-tetrahydrodipicolinate reductase,JLGHJK_02259,IGABOM_01569,
group_1966,,Acyl-[acyl-carrier protein] thioesterase,JLGHJK_01111,IGABOM_00594,
group_1957,,Galactose-1-phosphate uridylyltransferase,JLGHJK_02188,IGABOM_01514,
group_1954,,Protein-tyrosine phosphatase,JLGHJK_03167,IGABOM_02317,
group_1953,,Short-chain dehydrogenase/oxidoreductase,JLGHJK_02522,IGABOM_01749,
group_1952,,Extracellular protein gamma-d-glutamate-meso-dia minopimelate muropeptidase,JLGHJK_01622,IGABOM_01028,
group_1951,,Pyrroline-5-carboxylate reductase,JLGHJK_01031,IGABOM_00389,
group_1950,,Methionine aminopeptidase,JLGHJK_00768,IGABOM_00128,
group_1949,,Hydroxyethylthiazole kinase,JLGHJK_00638,IGABOM_03160,
group_1935,,hypothetical protein,JLGHJK_02159,IGABOM_01486,
group_1934,,Tryptophan synthase alpha chain,JLGHJK_02036,IGABOM_01383,
group_1933,,BD-FAE-like domain-containing protein,JLGHJK_01428,IGABOM_00854,
group_1924,,Haloacid dehalogenase-like hydrolase,JLGHJK_03191,IGABOM_02340,
group_1923,,Phosphotransferase system mannose/fructose/N-acetylgalactosamine-specific component IIC,JLGHJK_02798,IGABOM_01983,
group_1922,,putative ABC transporter ATP-binding protein SPy_0285/M5005_Spy0242,JLGHJK_01847,IGABOM_01239,
group_1921,,Phosphonoacetaldehyde hydrolase,JLGHJK_01114,IGABOM_00597,
group_1920,,Glutamate 5-kinase,JLGHJK_00559,IGABOM_03081,
group_1914,,2-keto-4-pentenoate hydratase,JLGHJK_00525,IGABOM_03049,
group_1913,,Extracellular zinc metalloproteinase M10 family,JLGHJK_00102,IGABOM_02536,
group_1903,lysM,LysM domain-containing protein,JLGHJK_00810,IGABOM_00167,
group_1902,,NAD kinase,JLGHJK_02659,IGABOM_01858,
group_1901,,Small ribosomal subunit protein uS2,JLGHJK_02424,IGABOM_01717,
group_1900,,Phosphonates ABC transporter permease protein,JLGHJK_01116,IGABOM_00600,
group_1899,,ABC transporter permease protein,JLGHJK_00932,IGABOM_00308,
group_1898,,Sorbitol-6-phosphate 2-dehydrogenase,JLGHJK_00516,IGABOM_03040,
group_1897,,Mucus adhesion promoting protein,JLGHJK_00216,IGABOM_02721,
minD,minD,Septum site-determining protein MinD,JLGHJK_02772,IGABOM_01961,
group_1884,,ABC transporter permease protein,JLGHJK_03176,IGABOM_02326,
group_1883,,DUF915 domain-containing protein,JLGHJK_03169,IGABOM_02319,
group_1882,,2-C-methyl-D-erythritol 4-phosphate cytidylyltransferase,JLGHJK_01270,IGABOM_00723,
group_1881,pstB,Phosphate import ATP-binding protein PstB 3,JLGHJK_01151,IGABOM_00627,
group_1880,,PTS system mannose-specific transporter subunit IIC,JLGHJK_01049,IGABOM_00462,
yidA,yidA,Phosphatase yidA,JLGHJK_00945,IGABOM_00317,
group_1879,cscB,Cell surface protein CscB family,JLGHJK_00391,IGABOM_02875,
group_1875,,Short chain dehydrogenase,JLGHJK_02046,IGABOM_01391,
group_1874,,DUF2207 domain-containing protein,JLGHJK_00675,IGABOM_03194,
group_1873,,Histone H1,JLGHJK_00665,IGABOM_03185,
merR,merR,Transcription regulator of multidrug-efflux transporter MerR family,JLGHJK_03249,IGABOM_02391,
group_1863,,Transport permease protein,JLGHJK_00851,IGABOM_00211,
group_1862,,ABC transmembrane type-1 domain-containing protein,JLGHJK_00824,IGABOM_00183,
group_1861,yycJ,Exodeoxyribonuclease YycJ,JLGHJK_00584,IGABOM_03105,
group_1860,,Mucus adhesion promoting protein,JLGHJK_00219,IGABOM_02725,
group_1856,,Putative pyruvate phosphate dikinase regulatory protein,JLGHJK_02358,IGABOM_01664,
group_1855,,23S rRNA (Cytidine1920-2'-O)/16S rRNA (Cytidine1409-2'-O)-methyltransferase,JLGHJK_01979,IGABOM_01333,
group_1854,,pyridoxal kinase,JLGHJK_01289,IGABOM_00738,
group_1853,,Peptidase C39-like domain-containing protein,JLGHJK_01047,IGABOM_00460,
group_1848,,Glutamate racemase,JLGHJK_02734,IGABOM_01927,
group_1847,,HAD family hydrolase,JLGHJK_01730,IGABOM_01124,
larQ,larQ,Nickel permease LarQ,JLGHJK_00628,IGABOM_03151,
group_1846,,Pyruvate formate-lyase-activating enzyme,JLGHJK_00312,IGABOM_02810,
group_1845,,HTH cro/C1-type domain-containing protein,JLGHJK_00117,IGABOM_02551,
group_1836,,Formamidopyrimidine-DNA glycosylase,JLGHJK_01888,IGABOM_01248,
group_1834,,Hydrolase HAD superfamily Cof family,JLGHJK_00235,IGABOM_02739,
group_1828,lysR,Transcription regulator LysR family,JLGHJK_03267,IGABOM_02409,
group_1827,,NH(3)-dependent NAD(+) synthetase,JLGHJK_01036,IGABOM_00394,
group_1825,,Undecaprenyl-diphosphatase,JLGHJK_00382,IGABOM_02868,
group_1816,,Histidinol-phosphatase,JLGHJK_03031,IGABOM_02193,
group_1815,,25-diketo-D-gluconic acid reductase B,JLGHJK_00734,IGABOM_00103,
group_1814,,Maltodextrin ABC transporter accessory protein,JLGHJK_00697,IGABOM_00065,
group_1813,,Pyridinium-35-bisthiocarboxylic acid mononucleotide synthase,JLGHJK_00636,IGABOM_03158,
group_1808,,Haloacid dehalogenase,JLGHJK_03216,IGABOM_02364,
group_1806,,ABC transmembrane type-1 domain-containing protein,JLGHJK_00825,IGABOM_00184,
group_1805,yidC,Membrane protein insertase YidC 2,JLGHJK_00542,IGABOM_03065,
group_1799,,Diguanylate cyclase phosphodiesterase domain 2 containing protein,JLGHJK_03144,IGABOM_02299,
group_1798,,Protein-serine/threonine phosphatase,JLGHJK_01681,IGABOM_01084,
glnH,glnH,GlnH,JLGHJK_01303,IGABOM_00751,
group_1797,,Purine operon repressor,JLGHJK_00936,IGABOM_00311,
group_1796,,Hydrolase,JLGHJK_00213,IGABOM_02718,
group_1795,,Calcineurin-like phosphoesterase domain-containing protein,JLGHJK_00115,IGABOM_02549,
group_1789,,Amino acid ABC transporter substrate-binding protein,JLGHJK_02769,IGABOM_01958,
group_1788,,ABC transmembrane type-1 domain-containing protein,JLGHJK_00668,IGABOM_03188,
group_1787,,Short chain dehydrogenase,JLGHJK_00487,IGABOM_02949,
group_1783,,Acetyl-coenzyme A carboxylase carboxyl transferase subunit beta 2,JLGHJK_02058,IGABOM_01402,
group_1782,,ABC transmembrane type-1 domain-containing protein,JLGHJK_01713,IGABOM_01110,
ecfA1,ecfA1,Energy-coupling factor transporter ATP-binding protein EcfA1,JLGHJK_01491,IGABOM_00911,
group_1781,,PRD domain-containing protein,JLGHJK_01307,IGABOM_00755,
group_1780,,Diadenylate cyclase,JLGHJK_01232,IGABOM_00699,
group_1779,,hypothetical protein,JLGHJK_01027,IGABOM_00386,
group_1778,,HTH cro/C1-type domain-containing protein,JLGHJK_00709,IGABOM_00082,
group_1769,,putative membrane transporter protein,JLGHJK_01638,IGABOM_01044,
group_1768,,CLA biosynthesis isomerase,JLGHJK_00596,IGABOM_03120,
group_1762,,Acetyl xylosidase (Promiscuous),JLGHJK_03095,IGABOM_02257,
group_1761,,PTS system mannose/fructose/sorbose family IID component,JLGHJK_02797,IGABOM_01982,
lytH,lytH,putative cell wall amidase lytH,JLGHJK_02367,IGABOM_01672,
group_1760,,Phosphatidylglycerol--prolipoprotein diacylglyceryl transferase,JLGHJK_01156,IGABOM_00633,
group_1747,,Peroxisomal trans-2-enoyl-CoA reductase,JLGHJK_03299,IGABOM_02437,
group_1746,,SAM-dependent methyltransferase,JLGHJK_03070,IGABOM_02232,
group_1745,,Polysaccharide deacetylase family protein,JLGHJK_02857,IGABOM_02034,
group_1744,,Sugar phosphate epimerase/isomerase,JLGHJK_00488,IGABOM_02950,
group_1734,,Ribosome biogenesis GTPase A,JLGHJK_02241,IGABOM_01552,
group_1733,,Core-binding (CB) domain-containing protein,JLGHJK_02222,IGABOM_01535,
group_1732,,Regulatory protein YycH-like domain-containing protein,JLGHJK_00583,IGABOM_03104,
group_1726,,Glucose uptake protein,JLGHJK_02966,IGABOM_02144,
group_1725,,Lipoprotein,JLGHJK_02127,IGABOM_01461,
ccmA,ccmA,Heme ABC exporter ATP-binding protein CcmA,JLGHJK_01721,IGABOM_01118,
group_1724,,Ggdef domain protein,JLGHJK_01173,IGABOM_00645,
group_1720,folD,Bifunctional protein FolD,JLGHJK_01973,IGABOM_01329,
group_1719,,CLA biosynthesis dehydrogenase/reductase,JLGHJK_00595,IGABOM_03119,
group_1718,,Aldo keto reductase family oxidoreductase,JLGHJK_00378,IGABOM_02864,
group_1717,,NAD(P)H azoreductase,JLGHJK_00337,IGABOM_02831,
group_1709,,ARA1 protein,JLGHJK_03232,IGABOM_02378,
group_1708,rpiR,RpiR family transcriptional regulator,JLGHJK_03056,IGABOM_02219,
group_1705,,Fructose-bisphosphate aldolase,JLGHJK_00838,IGABOM_00195,
group_1699,,Release factor glutamine methyltransferase,JLGHJK_02841,IGABOM_02020,
group_1695,,Alpha beta hydrolase,JLGHJK_01591,IGABOM_00991,
group_1694,,4-diphosphocytidyl-2-C-methyl-D-erythritol kinase,JLGHJK_00928,IGABOM_00305,
group_1693,,fructokinase,JLGHJK_00704,IGABOM_00071,
group_1692,degV,DegV family protein,JLGHJK_00527,IGABOM_03051,
group_1691,,Hydrogenase,JLGHJK_00006,IGABOM_02460,
group_1688,,4-hydroxy-tetrahydrodipicolinate synthase,JLGHJK_03119,IGABOM_02277,
group_1687,degV,DegV family protein,JLGHJK_02183,IGABOM_01509,
group_1686,degV,DegV family protein,JLGHJK_01497,IGABOM_00917,
group_1682,,Cytoskeleton protein RodZ-like C-terminal domain-containing protein,JLGHJK_02765,IGABOM_01954,
group_1681,,4-hydroxy-tetrahydrodipicolinate synthase,JLGHJK_02559,IGABOM_01779,
group_1679,,NFACT RNA-binding domain-containing protein,JLGHJK_00720,IGABOM_00092,
group_1671,,Cell division protein DivIB,JLGHJK_02632,IGABOM_01836,
group_1670,,DUF2179 domain-containing protein,JLGHJK_02363,IGABOM_01668,
mntC,mntC,Manganese transport system membrane protein MntC,JLGHJK_01517,IGABOM_00931,
group_1669,,Aminoglycoside phosphotransferase domain-containing protein,JLGHJK_01202,IGABOM_00675,
group_1668,pstS,Phosphate-binding protein PstS 1,JLGHJK_01148,IGABOM_00624,
group_1667,degV,DegV family protein,JLGHJK_00255,IGABOM_02761,
group_1662,,ABC transporter domain-containing protein,JLGHJK_03175,IGABOM_02325,
group_1661,,Elongation factor Ts,JLGHJK_02423,IGABOM_01716,
group_1660,,Putative aldose-1 epimerase,JLGHJK_02231,IGABOM_01544,
rpiR,rpiR,Transcription regulator RpiR family,JLGHJK_01581,IGABOM_00981,
group_1659,,LIV-I protein H,JLGHJK_00098,IGABOM_02532,
group_1650,lysR,Transcription regulator LysR family,JLGHJK_01637,IGABOM_01043,
group_1649,,HTH lysR-type domain-containing protein,JLGHJK_01538,IGABOM_00950,
group_1648,,Pseudouridine synthase,JLGHJK_01398,IGABOM_00826,
group_1647,,Dehydrosqualene synthase,JLGHJK_00260,IGABOM_02765,
group_1637,,Polyphosphate kinase-2-related domain-containing protein,JLGHJK_03049,IGABOM_02213,
group_1636,,Nucleotide-binding protein SSA_0810,JLGHJK_01189,IGABOM_00662,
group_1635,yqgI,putative ABC transporter permease protein YqgI,JLGHJK_01150,IGABOM_00626,
rbsU,rbsU,Putative ribose uptake protein RbsU,JLGHJK_00517,IGABOM_03041,
group_1634,,Shikimate dehydrogenase (NADP(+)),JLGHJK_00486,IGABOM_02948,
group_1633,,Shikimate dehydrogenase (NADP(+)),JLGHJK_00485,IGABOM_02947,
group_1632,,Shikimate dehydrogenase (NADP(+)),JLGHJK_00481,IGABOM_02943,
group_1624,,hypothetical protein,JLGHJK_02908,IGABOM_02078,
group_1623,,Heme-transporting ATPase,JLGHJK_02330,IGABOM_01640,
group_1622,,S1 motif domain-containing protein,JLGHJK_02279,IGABOM_01585,
group_1621,lysR,Transcription regulator LysR family,JLGHJK_02063,IGABOM_01408,
ecfA2,ecfA2,Energy-coupling factor transporter ATP-binding protein EcfA2,JLGHJK_01492,IGABOM_00912,
group_1620,,Alpha/beta hydrolase,JLGHJK_01085,IGABOM_00493,
group_1619,,33 kDa chaperonin,JLGHJK_01010,IGABOM_00369,
group_1618,,Ribosomal RNA small subunit methyltransferase A,JLGHJK_00926,IGABOM_00303,
group_1617,,HTH lysR-type domain-containing protein,JLGHJK_00592,IGABOM_03116,
fieF,fieF,Cation-efflux pump FieF,JLGHJK_00287,IGABOM_02787,
group_1609,lysR,Transcriptional regulator LysR family,JLGHJK_02322,IGABOM_01633,
group_1607,,Chromosome partitioning protein,JLGHJK_00207,IGABOM_02712,
group_1606,,Oxidoreductase short chain dehydrogenase/reductase family protein,JLGHJK_00153,IGABOM_02584,
group_1599,,Extracellular protein NlpC/P60 familygamma-D-glutamate-meso-diaminopimelate muropeptidase,JLGHJK_02990,IGABOM_02159,
group_1598,,Mechanosensitive ion channel family protein,JLGHJK_02726,IGABOM_01921,
group_1597,,Abc transporter atp-binding protein,JLGHJK_02341,IGABOM_01650,
group_1596,,Shikimate dehydrogenase (NADP(+)),JLGHJK_01503,IGABOM_00921,
group_1595,,Fe(3+)-transporting ATPase,JLGHJK_00833,IGABOM_00192,
group_1594,eamA,EamA domain-containing protein,JLGHJK_00611,IGABOM_03136,
group_1593,,ABC transporter substrate-binding protein,JLGHJK_00130,IGABOM_02562,
group_1587,lysR,Transcription regulator LysR family,JLGHJK_03122,IGABOM_02280,
group_1586,,ribonuclease H,JLGHJK_03052,IGABOM_02216,
degV,degV,DegV family protein,JLGHJK_03002,IGABOM_02170,
group_1585,,HTH cro/C1-type domain-containing protein,JLGHJK_02809,IGABOM_01992,
group_1584,,DAGKc domain-containing protein,JLGHJK_02088,IGABOM_01428,
group_1583,prsA,Foldase protein PrsA,JLGHJK_01831,IGABOM_01223,
group_1582,,Partial 6-phosphogluconate dehydrogenase,JLGHJK_01630,IGABOM_01038,
group_1581,,Ribosomal RNA small subunit methyltransferase I,JLGHJK_01110,IGABOM_00593,
group_1580,,N-acetylmannosamine kinase,JLGHJK_00908,IGABOM_00288,
group_1579,,HTH lysR-type domain-containing protein,JLGHJK_00214,IGABOM_02719,
group_1576,,ABC transporter domain-containing protein,JLGHJK_03273,IGABOM_02415,
group_1575,lysR,LysR family transcriptional regulator,JLGHJK_03233,IGABOM_02379,
group_1574,,putative endonuclease 4,JLGHJK_02361,IGABOM_01666,
group_1571,,Protease HtpX-like protein,JLGHJK_00968,IGABOM_00335,
group_1566,,L-serine dehydratase,JLGHJK_00955,IGABOM_00326,
group_1565,,NmrA-like domain-containing protein,JLGHJK_03143,IGABOM_02298,
group_1564,,Pseudouridine synthase,JLGHJK_02658,IGABOM_01857,
group_1563,,Putative oxidoreductase,JLGHJK_01226,IGABOM_00694,
pstS,pstS,Phosphate-binding protein PstS 1,JLGHJK_01133,IGABOM_00614,
group_1562,,Band 7 domain-containing protein,JLGHJK_00841,IGABOM_00198,
group_1561,,Transcription regulator,JLGHJK_00054,IGABOM_02500,
group_1554,,Transcription regulator,JLGHJK_00489,IGABOM_02951,
group_1553,eamA,EamA domain-containing protein,JLGHJK_00068,IGABOM_02511,
group_1542,,Mg2+/Co2+ transport protein,JLGHJK_03033,IGABOM_02195,
group_1541,,ABC transporter membrane spanning permease,JLGHJK_03009,IGABOM_02176,
group_1540,,GTPase Era,JLGHJK_02350,IGABOM_01658,
group_1539,,UDP-N-acetylenolpyruvoylglucosamine reductase,JLGHJK_01227,IGABOM_00695,
group_1521,,TPR repeat-containing protein,JLGHJK_02557,IGABOM_01777,
group_1520,,14-dihydroxy-2-naphthoate octaprenyltransferase,JLGHJK_01559,IGABOM_00964,
group_1519,,Citrate lyase subunit beta,JLGHJK_01528,IGABOM_00940,
group_1512,,L-2-hydroxyisocaproate dehydrogenase,JLGHJK_02815,IGABOM_01997,
group_1511,,Tagatose-6-phosphate kinase,JLGHJK_02528,IGABOM_01754,
group_1510,xerD,Tyrosine recombinase XerD,JLGHJK_02278,IGABOM_01584,
group_1509,,Prenyltransferase,JLGHJK_02099,IGABOM_01437,
group_1508,,Exopolyphosphatase,JLGHJK_00911,IGABOM_00293,
group_1507,,Sce7725 family protein,JLGHJK_00814,IGABOM_00170,
group_1506,,ABC transporter domain-containing protein,JLGHJK_00679,IGABOM_03197,
group_1505,eamA,EamA domain-containing protein,JLGHJK_00351,IGABOM_02844,
group_1503,,HTH deoR-type domain-containing protein,JLGHJK_00606,IGABOM_03131,
group_1499,,Ribokinase,JLGHJK_02716,IGABOM_01912,
group_1497,,UTP--glucose-1-phosphate uridylyltransferase,JLGHJK_01158,IGABOM_00635,
group_1496,,Inosine-uridine preferring nucleoside hydrolase,JLGHJK_00873,IGABOM_00228,
group_1495,,Ribokinase,JLGHJK_00519,IGABOM_03043,
group_1494,ycsN,Oxidoreductase YcsN,JLGHJK_00314,IGABOM_02812,
group_1488,,tRNA pseudouridine synthase B,JLGHJK_02399,IGABOM_01696,
group_1487,,Pseudouridine synthase,JLGHJK_02166,IGABOM_01492,
yidC,yidC,Membrane protein insertase YidC,JLGHJK_01929,IGABOM_01285,
group_1486,,Zinc ABC transporter periplasmic-binding protein,JLGHJK_00301,IGABOM_02800,
group_1481,,Transporter,JLGHJK_03259,IGABOM_02401,
group_1480,,Drug/metabolite transport protein DMT family,JLGHJK_03218,IGABOM_02366,
group_1479,,L-2-hydroxyisocaproate dehydrogenase,JLGHJK_01625,IGABOM_01033,
group_1478,,FMN-binding domain-containing protein,JLGHJK_01489,IGABOM_00909,
group_1477,lysR,Transcription regulator LysR family,JLGHJK_01382,IGABOM_00814,
group_1470,,Pantothenate kinase,JLGHJK_01331,IGABOM_00777,
group_1469,lysR,Transcriptional regulator LysR family,JLGHJK_02243,IGABOM_01554,
group_1468,,putative manganese-dependent inorganic pyrophosphatase,JLGHJK_02226,IGABOM_01539,
group_1467,,ABC transmembrane type-1 domain-containing protein,JLGHJK_01641,IGABOM_01047,
group_1466,,Ribonuclease BN family protein,JLGHJK_01603,IGABOM_00998,
group_1465,,L-lactate dehydrogenase,JLGHJK_01521,IGABOM_00934,
group_1464,,Nitronate monooxygenase domain-containing protein,JLGHJK_01330,IGABOM_00776,
group_1463,,Proline iminopeptidase,JLGHJK_01280,IGABOM_00730,
group_1462,,Phosphate transport system permease protein,JLGHJK_01149,IGABOM_00625,
group_1461,,HTH lysR-type domain-containing protein,JLGHJK_00482,IGABOM_02944,
group_1455,,Malonyl CoA-acyl carrier protein transacylase,JLGHJK_02052,IGABOM_01396,
group_1454,whiA,putative cell division protein WhiA,JLGHJK_01191,IGABOM_00664,
group_1453,,PTS system mannose-specific transporter subunit IID,JLGHJK_01050,IGABOM_00463,
group_1452,,Transport protein,JLGHJK_00377,IGABOM_02863,
group_1446,,Aspartate carbamoyltransferase catalytic subunit,JLGHJK_03138,IGABOM_02293,
group_1445,,ABC transporter osmoprotectant-binding protein glycine betaine/carnitine/choline ABC transporter,JLGHJK_01984,IGABOM_01338,
group_1444,,tRNA dimethylallyltransferase,JLGHJK_01954,IGABOM_01309,
dnaI,dnaI,Primosomal protein DnaI,JLGHJK_01892,IGABOM_01252,
group_1443,,DUF4097 domain-containing protein,JLGHJK_00223,IGABOM_02729,
group_1438,,Thioredoxin reductase,JLGHJK_01174,IGABOM_00646,
group_1432,,Glycosyltransferase 2-like domain-containing protein,JLGHJK_02439,IGABOM_01730,
group_1431,,Serine aminopeptidase S33 domain-containing protein,JLGHJK_00261,IGABOM_02766,
group_1419,,Bifunctional protein: zinc-containing alcohol dehydrogenase quinone oxidoreductase (NADPH:quinone reductase) / Similar to arginate lyase,JLGHJK_03114,IGABOM_02272,
group_1417,,ATP synthase gamma chain,JLGHJK_02828,IGABOM_02010,
xerC,xerC,Tyrosine recombinase XerC,JLGHJK_02235,IGABOM_01547,
group_1416,,Cation (Cobalt-zinc-cadmium) efflux protein,JLGHJK_00280,IGABOM_02780,
group_1415,,Extracellular/cell surface DNA-entry nuclease,JLGHJK_00018,IGABOM_02472,
lysR,lysR,Transcription regulator LysR family,JLGHJK_01799,IGABOM_01184,
group_1407,,Ribosomal protein L11 methyltransferase,JLGHJK_02374,IGABOM_01679,
group_1406,,Thymidylate synthase,JLGHJK_02254,IGABOM_01565,
group_1397,,Penicillin V acylase family protein,JLGHJK_03037,IGABOM_02201,
group_1395,,Iron ABC transporter ATP-binding protein,JLGHJK_02133,IGABOM_01466,
group_1394,,Phosphohydrolase [Lactobacillus sp],JLGHJK_01327,IGABOM_00773,
group_1393,,exopolyphosphatase,JLGHJK_01267,IGABOM_00719,
tyrA,tyrA,Prephenate dehydrogenase TyrA,JLGHJK_00411,IGABOM_02890,
rihB,rihB,Pyrimidine-specific ribonucleoside hydrolase RihB,JLGHJK_03051,IGABOM_02215,
group_1389,nrnA,Putative bifunctional oligoribonuclease and PAP phosphatase NrnA,JLGHJK_02744,IGABOM_01937,
group_1388,,hypothetical protein,JLGHJK_01958,IGABOM_01313,
group_1387,,FAD:protein FMN transferase,JLGHJK_00479,IGABOM_02941,
group_1380,,Diacylglycerol/lipid kinase,JLGHJK_02599,IGABOM_01807,
group_1379,,HTH lysR-type domain-containing protein,JLGHJK_02227,IGABOM_01540,
group_1378,,IpaB/EvcA family protein,JLGHJK_00914,IGABOM_00295,
group_1377,,L-lactate dehydrogenase,JLGHJK_00861,IGABOM_00217,
group_1370,,ATP-dependent 6-phosphofructokinase,JLGHJK_02283,IGABOM_01588,
group_1369,,Glucokinase,JLGHJK_01949,IGABOM_01304,
group_1368,,Auxin efflux carrier,JLGHJK_01062,IGABOM_00474,
group_1367,,L-lactate dehydrogenase,JLGHJK_00999,IGABOM_00357,
group_1366,lacI,Transcription regulator LacI family maltose related,JLGHJK_00693,IGABOM_00060,
group_1355,,Mannose-6-phosphate isomerase,JLGHJK_02846,IGABOM_02025,
group_1352,,ABC transmembrane type-1 domain-containing protein,JLGHJK_01712,IGABOM_01109,
group_1351,,ABC-type oligopeptide transport system ATPase component,JLGHJK_01644,IGABOM_01050,
group_1350,,ABC transporter substrate binding protein,JLGHJK_00088,IGABOM_02523,
group_1346,,Mg2+ and Co2+ transport protein,JLGHJK_02644,IGABOM_01845,
khpB,khpB,RNA-binding protein KhpB,JLGHJK_00541,IGABOM_03062,
group_1344,,Extracellular protein,JLGHJK_00386,IGABOM_02872,
group_1343,,Serine aminopeptidase S33 domain-containing protein,JLGHJK_00371,IGABOM_02858,
group_1336,,Lipoprotein,JLGHJK_02853,IGABOM_02030,
group_1335,,Beta-ketoacyl-[acyl-carrier-protein] synthase III 1,JLGHJK_01056,IGABOM_00468,
group_1334,,Quaternary amine transport ATP-binding protein,JLGHJK_00878,IGABOM_00233,
group_1333,birA,Bifunctional ligase/repressor BirA,JLGHJK_00847,IGABOM_00203,
group_1327,,L-asparaginase,JLGHJK_03170,IGABOM_02320,
group_1326,,2-dehydropantoate 2-reductase,JLGHJK_03000,IGABOM_02169,
acuI,acuI,Acrylyl-CoA reductase AcuI,JLGHJK_02303,IGABOM_01605,
group_1325,,Coproporphyrin III ferrochelatase,JLGHJK_01684,IGABOM_01087,
group_1324,,Oxidoreductase Gfo/Idh/MocA family,JLGHJK_01562,IGABOM_00965,
group_1323,,Putative 2-hydroxyacid dehydrogenase SSP0606,JLGHJK_01193,IGABOM_00666,
group_1322,,PTS system mannose-specific EIIAB component,JLGHJK_01048,IGABOM_00461,
group_1321,,Putative membrane protein,JLGHJK_00060,IGABOM_02504,
group_1314,,Gfo/Idh/MocA-like oxidoreductase N-terminal domain-containing protein,JLGHJK_03057,IGABOM_02220,
group_1313,,Pyruvate dehydrogenase E1 component subunit beta,JLGHJK_02592,IGABOM_01801,
group_1312,,Cell surface protein,JLGHJK_01233,IGABOM_00700,
group_1311,,Phosphate acetyltransferase,JLGHJK_01221,IGABOM_00689,
group_1310,,GMP reductase,JLGHJK_00267,IGABOM_02772,
group_1304,,Nucleoside hydrolase,JLGHJK_03255,IGABOM_02397,
group_1302,,HD domain-containing protein,JLGHJK_01796,IGABOM_01181,
group_1301,,Ribose-phosphate pyrophosphokinase,JLGHJK_00940,IGABOM_00314,
group_1291,,Beta-ketoacyl-[acyl-carrier-protein] synthase III 2,JLGHJK_02050,IGABOM_01394,
group_1290,lytR,Bifunctional protein: ABC transporterATP-binding protein transcription regulator LytR family,JLGHJK_01722,IGABOM_01119,
group_1289,,Lipoprotein,JLGHJK_00943,IGABOM_00316,
group_1288,,putative fused nickel transport protein LarMN,JLGHJK_00629,IGABOM_03152,
group_1287,araC,Transcription regulator AraC familyGlcNAc-like induced,JLGHJK_00460,IGABOM_02925,
group_1286,,Penicillin V acylase family protein,JLGHJK_00355,IGABOM_02847,
birA,birA,Bifunctional ligase/repressor BirA,JLGHJK_01281,IGABOM_00731,
group_1283,,NADP-dependent oxidoreductase domain-containing protein,JLGHJK_00717,IGABOM_00089,
dhaQ,dhaQ,DhaKLM operon coactivator DhaQ,JLGHJK_00687,IGABOM_03204,
group_1282,,Beta-lactamase family protein,JLGHJK_00310,IGABOM_02808,
group_1280,,Heptaprenyl diphosphate synthase component II,JLGHJK_01482,IGABOM_00905,
group_1271,,Ferredoxin--NADP reductase,JLGHJK_03046,IGABOM_02209,
group_1270,,Cytochrome D ubiquinol oxidase subunit II,JLGHJK_01553,IGABOM_00959,
group_1269,,3-deoxy-D-arabino-heptulosonate 7-phosphate (DAHP) synthase,JLGHJK_01504,IGABOM_00922,
group_1268,,UDP-glucose 4-epimerase,JLGHJK_01112,IGABOM_00595,
group_1267,,HTH lacI-type domain-containing protein,JLGHJK_00474,IGABOM_02937,
group_1262,,Diaminopimelate epimerase,JLGHJK_02619,IGABOM_01828,
group_1261,,D-lactate dehydrogenase,JLGHJK_02426,IGABOM_01719,
dhaK,dhaK,PTS-dependent dihydroxyacetone kinase dihydroxyacetone-binding subunit DhaK,JLGHJK_00688,IGABOM_03205,
group_1259,,HTH lacI-type domain-containing protein,JLGHJK_00520,IGABOM_03044,
group_1255,mreB,Cell shape-determining protein MreB,JLGHJK_02823,IGABOM_02005,
group_1253,,Putative gluconeogenesis factor,JLGHJK_01190,IGABOM_00663,
group_1252,lacI,Transcription regulator LacI family galactose related,JLGHJK_00463,IGABOM_02928,
group_1251,,Amidohydrolase-related domain-containing protein,JLGHJK_00409,IGABOM_02888,
group_1250,lacI,Transcriptional regulator LacI family,JLGHJK_00227,IGABOM_02732,
group_1249,,ABC transporter permease,JLGHJK_00087,IGABOM_02522,
group_1244,,Transcriptional regulator,JLGHJK_02800,IGABOM_01985,
group_1239,,putative tRNA-dihydrouridine synthase 1,JLGHJK_01011,IGABOM_00370,
group_1238,,ABC transporter substrate binding protein,JLGHJK_03008,IGABOM_02175,
group_1237,,15-anhydro-D-fructose reductase,JLGHJK_01585,IGABOM_00985,
group_1236,,Aspartate--ammonia ligase,JLGHJK_01391,IGABOM_00820,
ydhF,ydhF,UPF0324 membrane protein YdhF,JLGHJK_03266,IGABOM_02408,
group_1229,,lipoate--protein ligase,JLGHJK_03166,IGABOM_02316,
group_1228,ruvB,Holliday junction branch migration complex subunit RuvB,JLGHJK_02749,IGABOM_01942,
group_1227,,Catabolite control protein A,JLGHJK_02721,IGABOM_01916,
group_1226,,Ribonucleoside-diphosphate reductase subunit beta,JLGHJK_01095,IGABOM_00572,
group_1218,,lipoate--protein ligase,JLGHJK_03085,IGABOM_02246,
group_1217,,Extracellular protein membrane-anchored,JLGHJK_01747,IGABOM_01141,
group_1216,,ABC transmembrane type-1 domain-containing protein,JLGHJK_00981,IGABOM_00344,
group_1215,,DUF916 domain-containing protein,JLGHJK_00429,IGABOM_02906,
group_1207,,Integrase catalytic domain-containing protein,JLGHJK_03435,IGABOM_00044,
group_1206,,Esterase,JLGHJK_01408,IGABOM_00835,
group_1205,,Glycerol-3-phosphate dehydrogenase [NAD(P)+],JLGHJK_01157,IGABOM_00634,
group_1204,,Tryptophan--tRNA ligase,JLGHJK_00900,IGABOM_00281,
group_1197,,2-dehydropantoate 2-reductase,JLGHJK_03217,IGABOM_02365,
group_1196,,Oxidoreductase,JLGHJK_03058,IGABOM_02221,
group_1195,,Serine-type D-Ala-D-Ala carboxypeptidase,JLGHJK_02847,IGABOM_02026,
group_1194,,6-phosphogluconolactonase,JLGHJK_02656,IGABOM_01855,
group_1193,,Anthranilate phosphoribosyltransferase,JLGHJK_02031,IGABOM_01379,
group_1192,,DNA polymerase III subunit delta',JLGHJK_01108,IGABOM_00591,
lacI,lacI,Maltose-related transcription regulator LacI family,JLGHJK_00692,IGABOM_00059,
group_1191,,NAD-dependent epimerase/dehydratase domain-containing protein,JLGHJK_00123,IGABOM_02556,
group_1183,,GTP cyclohydrolase 1 type 2-like protein,JLGHJK_02289,IGABOM_01594,
group_1182,,hypothetical protein,JLGHJK_01587,IGABOM_00987,
group_1181,,DAGKc domain-containing protein,JLGHJK_01574,IGABOM_00976,
group_1180,,Glyceraldehyde-3-phosphate dehydrogenase,JLGHJK_01198,IGABOM_00671,
group_1179,,Ornithine carbamoyltransferase catabolic,JLGHJK_00995,IGABOM_00353,
araC,araC,Transcription regulator tartrate operon AraC family,JLGHJK_01513,IGABOM_00928,
eamA,eamA,EamA domain-containing protein,JLGHJK_01063,IGABOM_00475,
group_1168,,Branched-chain-amino-acid aminotransferase,JLGHJK_02849,IGABOM_02028,
group_1167,,Zinc-type alcohol dehydrogenase-like protein,JLGHJK_02812,IGABOM_01995,
group_1166,,Maltose epimerase,JLGHJK_00473,IGABOM_02936,
group_1165,,Aldo/keto reductase family protein,JLGHJK_00007,IGABOM_02461,
group_1160,metN,Methionine import ATP-binding protein MetN,JLGHJK_02818,IGABOM_02000,
group_1158,,Central glycolytic genes regulator,JLGHJK_01197,IGABOM_00670,
group_1157,lytR,Transcriptional attenuator cell envelope-related LytR family,JLGHJK_00797,IGABOM_00155,
group_1153,,S-adenosylmethionine:tRNA ribosyltransferase-isomerase,JLGHJK_02748,IGABOM_01941,
group_1152,,DUF916 DUF3324 domains-containing protein,JLGHJK_02609,IGABOM_01817,
group_1151,,Oligopeptide ABC transporter membrane-spanning subunit,JLGHJK_01642,IGABOM_01048,
group_1144,,tRNA N6-adenosine threonylcarbamoyltransferase,JLGHJK_01124,IGABOM_00606,
group_1143,,hypothetical protein,JLGHJK_00185,IGABOM_02691,
group_1141,,Alcohol dehydrogenase,JLGHJK_03298,IGABOM_02436,
hrcA,hrcA,Heat-inducible transcription repressor HrcA,JLGHJK_02395,IGABOM_01693,
group_1134,,Helicase Helix-turn-helix domain-containing protein,JLGHJK_02270,IGABOM_01578,
group_1133,,DUF916 domain-containing protein,JLGHJK_00091,IGABOM_02526,
group_1129,,Phosphate acyltransferase,JLGHJK_02007,IGABOM_01357,
group_1127,,endopeptidase La,JLGHJK_02572,IGABOM_01787,
group_1126,,Isopentenyl-diphosphate delta-isomerase,JLGHJK_02114,IGABOM_01449,
group_1125,,Phenylalanine--tRNA ligase alpha subunit,JLGHJK_01935,IGABOM_01290,
group_1124,,Permease,JLGHJK_00281,IGABOM_02781,
group_1115,,Maltose epimerase,JLGHJK_01253,IGABOM_00706,
group_1114,,DUF916 domain-containing protein,JLGHJK_00537,IGABOM_03058,
group_1110,,Zinc-containing alcohol dehydrogenase,JLGHJK_02044,IGABOM_01389,
group_1109,,NMT1/THI5-like protein,JLGHJK_00980,IGABOM_00343,
group_1105,,Phosphatidylglycerol lysyltransferase,JLGHJK_01654,IGABOM_01059,
group_1104,,[Citrate [pro-3S]-lyase] ligase,JLGHJK_01526,IGABOM_00938,
group_1102,,Alkanal monooxygenase (FMN-linked),JLGHJK_02245,IGABOM_01557,
group_1099,,Aspartate-semialdehyde dehydrogenase,JLGHJK_03036,IGABOM_02200,
group_1098,,DNA polymerase III subunit delta,JLGHJK_02566,IGABOM_01783,
group_1097,,Xaa-Pro aminopeptidase,JLGHJK_01969,IGABOM_01325,
group_1092,lysM,Extracellular transglycosylase with LysM peptidoglycan binding domain,JLGHJK_03271,IGABOM_02413,
group_1091,,non-specific serine/threonine protein kinase,JLGHJK_00188,IGABOM_02694,
hrtB,hrtB,Putative hemin transport system permease protein HrtB,JLGHJK_03252,IGABOM_02394,
metN,metN,Methionine import ATP-binding protein MetN 1,JLGHJK_02125,IGABOM_01459,
group_1089,ribD,Riboflavin biosynthesis protein RibD,JLGHJK_01812,IGABOM_01208,
group_1082,,Bacterial extracellular solute-binding protein,JLGHJK_00823,IGABOM_00182,
group_1077,,SLC26A/SulP transporter domain-containing protein,JLGHJK_01678,IGABOM_01081,
group_1076,,Peptide chain release factor 2,JLGHJK_01143,IGABOM_00620,
group_1075,,tRNA-dihydrouridine synthase,JLGHJK_00910,IGABOM_00290,
group_1074,,Phosphoserine aminotransferase,JLGHJK_00715,IGABOM_00087,
group_1073,,AI-2E family transporter,JLGHJK_00181,IGABOM_02689,
group_1065,,Carboxypeptidase,JLGHJK_02147,IGABOM_01478,
group_1064,,ABC-type dipeptide transporter,JLGHJK_01643,IGABOM_01049,
group_1063,,3-dehydroquinate synthase,JLGHJK_01505,IGABOM_00923,
group_1062,,Peptide chain release factor 1,JLGHJK_02842,IGABOM_02021,
group_1051,,DUF871 domain-containing protein,JLGHJK_03198,IGABOM_02347,
group_1050,,phosphomevalonate kinase,JLGHJK_02115,IGABOM_01450,
tagH,tagH,Teichoic acids export ATP-binding protein TagH,JLGHJK_00852,IGABOM_00212,
group_1049,,Glutamine-fructose-6-phosphate transaminase (Isomerizing),JLGHJK_00326,IGABOM_02824,
group_1044,,Carbamoyl phosphate synthase pyrimidine-specific small chain,JLGHJK_03136,IGABOM_02291,
group_1043,,Type I restriction-modification system adenine-specific methyltransferase subunit,JLGHJK_02707,IGABOM_01904,
group_1042,,Phosphotransferase system EIIC domain-containing protein,JLGHJK_00064,IGABOM_02508,
group_1039,,Putative undecaprenyl-phosphate N-acetyl-glucosaminyl transferase,JLGHJK_01132,IGABOM_00613,
group_1038,potA,Spermidine/putrescine import ATP-binding protein PotA,JLGHJK_00826,IGABOM_00185,
group_1032,,ABC transporter ATP-binding protein,JLGHJK_01711,IGABOM_01108,
group_1031,,2-aminoethylphosphonate--pyruvate transaminase,JLGHJK_01113,IGABOM_00596,
group_1029,,Adenine DNA glycosylase,JLGHJK_00343,IGABOM_02836,
ychF,ychF,Ribosome-binding ATPase YchF,JLGHJK_00205,IGABOM_02710,
sigA,sigA,RNA polymerase sigma factor SigA,JLGHJK_02343,IGABOM_01652,
group_1021,,Ribitolphosphotransferase,JLGHJK_02209,IGABOM_01527,
hcnC,hcnC,Hydrogen cyanide synthase subunit HcnC,JLGHJK_02160,IGABOM_01487,
msmK,msmK,Multiple sugar-binding transport ATP-binding protein MsmK,JLGHJK_00699,IGABOM_00067,
group_1017,,Xaa-Pro dipeptidase,JLGHJK_02722,IGABOM_01917,
group_1016,,NADH-dependent flavin oxidoreductase,JLGHJK_00667,IGABOM_03187,
group_1012,,D-alanine--D-alanine ligase,JLGHJK_02811,IGABOM_01994,
group_1011,,Pyruvate dehydrogenase E1 component subunit alpha,JLGHJK_02593,IGABOM_01802,
group_1010,,Glycerate 3-kinase,JLGHJK_00262,IGABOM_02767,
group_1002,,UDP-N-acetylglucosamine 2-epimerase (non-hydrolyzing),JLGHJK_01602,IGABOM_00997,
group_1000,,Methionine synthase vitamin-B12 independent,JLGHJK_00282,IGABOM_02782,
group_996,,Cystathionine gamma-synthase and O-acetylhomoserine thiolyase,JLGHJK_03078,IGABOM_02239,
group_995,,Aryl-alcohol dehydrogenase,JLGHJK_00161,IGABOM_02591,
group_990,recF,DNA replication and repair protein RecF,JLGHJK_00548,IGABOM_03070,
group_985,,Alanine racemase,JLGHJK_00974,IGABOM_00340,
group_982,,N5-carboxyaminoimidazole ribonucleotide synthase,JLGHJK_03162,IGABOM_02312,
group_981,,GGDEF domain-containing protein,JLGHJK_00040,IGABOM_02489,
group_976,,DNA polymerase IV,JLGHJK_02745,IGABOM_01938,
group_975,,Peptidase M20 dimerisation domain-containing protein,JLGHJK_02043,IGABOM_01388,
group_971,,N-acetylglucosamine-6-phosphate deacetylase,JLGHJK_01032,IGABOM_00390,
group_965,,Glucose-1-phosphate adenylyltransferase,JLGHJK_00565,IGABOM_03087,
group_964,,Beta sliding clamp,JLGHJK_00546,IGABOM_03068,
recA,recA,Protein RecA,JLGHJK_02762,IGABOM_01951,
group_956,,Queuine tRNA-ribosyltransferase,JLGHJK_02747,IGABOM_01940,
group_955,dnaJ,Chaperone protein DnaJ,JLGHJK_02392,IGABOM_01690,
group_954,,hypothetical protein,JLGHJK_01416,IGABOM_00843,
mnmA,mnmA,tRNA-specific 2-thiouridylase MnmA,JLGHJK_02613,IGABOM_01822,
group_948,,Cystathionine gamma-synthase,JLGHJK_00766,IGABOM_00126,
group_944,,5-methyltetrahydropteroyltriglutamate--homocysteine S-methyltransferase,JLGHJK_02242,IGABOM_01553,
group_942,,Dihydropteroate synthase,JLGHJK_00294,IGABOM_02793,
group_939,,ATP phosphoribosyltransferase regulatory subunit,JLGHJK_03030,IGABOM_02192,
group_938,,tRNA(Met) cytidine acetate ligase,JLGHJK_01915,IGABOM_01272,
group_937,,IMP dehydrogenase/GMP reductase domain-containing protein,JLGHJK_00202,IGABOM_02708,
group_934,,Cysteine desulfurase / Selenocysteine lyase,JLGHJK_02786,IGABOM_01972,
group_933,,N-acetyldiaminopimelate deacetylase,JLGHJK_02729,IGABOM_01922,
group_932,,Phosphoribosylaminoimidazolesuccinocarboxamide synthase,JLGHJK_02654,IGABOM_01853,
group_931,,Glucokinase,JLGHJK_00182,IGABOM_02690,
group_926,,Mannitol-1-phosphate 5-dehydrogenase,JLGHJK_00745,IGABOM_00116,
group_921,,histidine kinase,JLGHJK_00198,IGABOM_02704,
group_911,,Major facilitator superfamily (MFS) profile domain-containing protein,JLGHJK_03111,IGABOM_02270,
group_910,,Putative membrane protein,JLGHJK_03032,IGABOM_02194,
group_907,,Galactokinase,JLGHJK_00467,IGABOM_02931,
group_900,,Cation/H+ exchanger transmembrane domain-containing protein,JLGHJK_03257,IGABOM_02399,
ftsW,ftsW,putative peptidoglycan glycosyltransferase FtsW,JLGHJK_02577,IGABOM_01792,
group_899,,DUF5689 domain-containing protein,JLGHJK_00850,IGABOM_00210,
group_896,,Chorismate synthase,JLGHJK_02405,IGABOM_01701,
group_895,,Phosphoribosylaminoimidazole carboxylaseATPase subunit,JLGHJK_01566,IGABOM_00969,
group_894,,Acetylornithine aminotransferase,JLGHJK_00994,IGABOM_00352,
group_890,,Aminotransferase,JLGHJK_03118,IGABOM_02276,
group_889,,Cyclopropane-fatty-acyl-phospholipid synthase,JLGHJK_02078,IGABOM_01421,
glgD,glgD,Glucose-1-phosphate adenylyltransferase subunit GlgD,JLGHJK_00566,IGABOM_03088,
group_888,,13-propanediol dehydrogenase,JLGHJK_00160,IGABOM_02590,
group_886,,Sulfate adenylyltransferase,JLGHJK_01754,IGABOM_01147,
camS,camS,CamS family sex pheromone protein,JLGHJK_01570,IGABOM_00972,
yacL,yacL,Putative PIN and TRAM-domain containing protein YacL,JLGHJK_01075,IGABOM_00483,
group_881,,Glycosyltransferase,JLGHJK_01652,IGABOM_01057,
group_878,,N-acetyltransferase domain-containing protein,JLGHJK_03199,IGABOM_02348,
group_877,,23S rRNA (Cytosine(1962)-C(5))-methyltransferase,JLGHJK_02967,IGABOM_02145,
group_875,,Nuclease SbcCD subunit D,JLGHJK_01927,IGABOM_01283,
group_872,,Quaternary amine transport ATP-binding protein,JLGHJK_01982,IGABOM_01336,
group_871,,hypothetical protein,JLGHJK_00324,IGABOM_02822,
group_863,,Major facilitator superfamily (MFS) profile domain-containing protein,JLGHJK_03261,IGABOM_02403,
group_862,,Elongation factor Tu,JLGHJK_02556,IGABOM_01776,
group_861,,S-adenosylmethionine synthase,JLGHJK_01692,IGABOM_01092,
group_860,,Aminotransferase,JLGHJK_01656,IGABOM_01061,
group_859,,Acetate kinase,JLGHJK_00721,IGABOM_00093,
group_851,,Endolytic murein transglycosylase,JLGHJK_01937,IGABOM_01292,
group_850,,ABC transporter permease,JLGHJK_00146,IGABOM_02579,
group_847,,Acetate kinase 1,JLGHJK_02706,IGABOM_01903,
group_846,,AI-2E family transporter,JLGHJK_01626,IGABOM_01034,
lytR,lytR,Transcriptional attenuator cell envelope-related LytR family,JLGHJK_01061,IGABOM_00473,
group_845,,Major facilitator superfamily (MFS) profile domain-containing protein,JLGHJK_00658,IGABOM_03179,
group_844,,Cyclopropane-fatty-acyl-phospholipid synthase,JLGHJK_00186,IGABOM_02692,
group_841,,Major facilitator superfamily (MFS) profile domain-containing protein,JLGHJK_01181,IGABOM_00654,
group_840,,DNA replication initiation protein,JLGHJK_00868,IGABOM_00224,
group_839,,Acetate kinase,JLGHJK_00818,IGABOM_00174,
group_838,,Branched-chain amino acid ABC transporter substrate-binding protein,JLGHJK_00099,IGABOM_02533,
cytX,cytX,Hydroxymethylpyrimidine transporter CytX,JLGHJK_00641,IGABOM_03163,
group_837,,Amidohydrolase,JLGHJK_00152,IGABOM_02583,
group_833,,Methylase,JLGHJK_02139,IGABOM_01472,
group_832,,Aspartokinase,JLGHJK_01411,IGABOM_00838,
group_831,,Phosphoglycerate kinase,JLGHJK_01199,IGABOM_00672,
group_830,,NADH dehydrogenase,JLGHJK_00821,IGABOM_00177,
rodA,rodA,Rod shape-determining protein RodA,JLGHJK_02820,IGABOM_02002,
group_822,,Aminotransferase,JLGHJK_02121,IGABOM_01455,
group_821,,CAAX protease,JLGHJK_00021,IGABOM_02475,
group_814,,Teichoic acid D-alanyltransferase,JLGHJK_02386,IGABOM_01686,
group_812,,Multifunctional fusion protein,JLGHJK_01814,IGABOM_01210,
argJ,argJ,Arginine biosynthesis bifunctional protein ArgJ,JLGHJK_00991,IGABOM_00350,
group_807,,ABC transporter permease,JLGHJK_03274,IGABOM_02416,
group_806,,putative tRNA sulfurtransferase,JLGHJK_02785,IGABOM_01971,
nusA,nusA,Transcription termination/antitermination protein NusA,JLGHJK_02414,IGABOM_01707,
group_802,,CCA-adding enzyme,JLGHJK_02258,IGABOM_01568,
group_801,,Transport protein major facilitator superfamily (MFS),JLGHJK_00558,IGABOM_03080,
group_800,,Transport protein,JLGHJK_00490,IGABOM_02952,
group_797,,PLP-dependent aminotransferase,JLGHJK_00215,IGABOM_02720,
group_792,,Major facilitator superfamily (MFS) profile domain-containing protein,JLGHJK_00656,IGABOM_03177,
group_787,,Argininosuccinate synthase,JLGHJK_01186,IGABOM_00659,
group_784,,Glutamate--cysteine ligase,JLGHJK_02784,IGABOM_01970,
group_783,,Peptidase T,JLGHJK_02288,IGABOM_01593,
group_782,,Cysteine desulfurase,JLGHJK_01849,IGABOM_01241,
group_781,,Gamma-glutamyl phosphate reductase,JLGHJK_00560,IGABOM_03082,
group_771,,Major facilitator superfamily (MFS) profile domain-containing protein,JLGHJK_00031,IGABOM_02482,
group_768,,Maltodextrin-binding protein,JLGHJK_00695,IGABOM_00062,
group_763,,Tyrosine--tRNA ligase,JLGHJK_03239,IGABOM_02385,
group_762,,Siderophore/Surfactin synthetase related protein,JLGHJK_00246,IGABOM_02752,
group_750,,Acetylornithine deacetylase,JLGHJK_03281,IGABOM_02421,
group_749,,Putative competence-damage inducible protein,JLGHJK_02763,IGABOM_01952,
group_748,,Two-component system histidine protein kinase sensor protein,JLGHJK_01733,IGABOM_01126,
group_747,,Serine protease DO,JLGHJK_00585,IGABOM_03106,
group_744,,Insulinase family protein,JLGHJK_02767,IGABOM_01956,
clpX,clpX,ATP-dependent Clp protease ATP-binding subunit ClpX,JLGHJK_02554,IGABOM_01774,
group_731,,Lactate racemase,JLGHJK_00631,IGABOM_03154,
group_726,,Zinc metalloprotease,JLGHJK_02418,IGABOM_01711,
group_725,dltD,Protein DltD,JLGHJK_02384,IGABOM_01684,
group_724,,Major facilitator superfamily (MFS) profile domain-containing protein,JLGHJK_00459,IGABOM_02924,
group_721,,Replication-associated recombination protein A,JLGHJK_02803,IGABOM_01987,
group_720,,Histidine--tRNA ligase,JLGHJK_02366,IGABOM_01671,
group_719,,Serine transporter,JLGHJK_00953,IGABOM_00324,
group_716,,Permease,JLGHJK_03142,IGABOM_02297,
group_715,ftsZ,Cell division protein FtsZ,JLGHJK_02629,IGABOM_01834,
group_714,,NupC/NupG family nucleoside CNT transporter,JLGHJK_00211,IGABOM_02716,
group_711,,Methionine gamma-lyase,JLGHJK_03005,IGABOM_02173,
group_709,,Histidinol dehydrogenase,JLGHJK_03028,IGABOM_02190,
group_704,,30S ribosomal protein S1,JLGHJK_02265,IGABOM_01574,
group_703,,Adenylosuccinate synthetase,JLGHJK_00266,IGABOM_02771,
group_698,,Dihydroorotase,JLGHJK_03137,IGABOM_02292,
group_697,,Transcription termination factor Rho,JLGHJK_00962,IGABOM_00330,
group_695,,NADPH-dependent FMN reductase-like domain-containing protein,JLGHJK_03164,IGABOM_02314,
group_694,,GTPase Obg,JLGHJK_02526,IGABOM_01752,
group_693,,Asparagine--tRNA ligase,JLGHJK_01390,IGABOM_00819,
group_692,,Alkaline phosphodiesterase I / Nucleotide pyrophosphatase,JLGHJK_00032,IGABOM_02483,
gltT,gltT,Proton/sodium-glutamate symport protein GltT,JLGHJK_03250,IGABOM_02392,
group_686,,3-phosphoshikimate 1-carboxyvinyltransferase,JLGHJK_02402,IGABOM_01699,
group_685,,Asparagine--tRNA ligase,JLGHJK_02122,IGABOM_01456,
group_684,,Carbohydrate (Prephenate-like) transport protein major facilitator superfamily (MFS),JLGHJK_01338,IGABOM_00791,
group_683,,Adenylosuccinate lyase,JLGHJK_00265,IGABOM_02770,
sufD,sufD,Fe-S cluster assembly protein SufD,JLGHJK_01848,IGABOM_01240,
group_676,,Permease IIC component,JLGHJK_01590,IGABOM_00990,
group_675,,Permease,JLGHJK_01273,IGABOM_00726,
group_671,,GTPase Der,JLGHJK_02264,IGABOM_01573,
group_670,,UDP-N-acetylmuramate--L-alanine ligase,JLGHJK_01842,IGABOM_01234,
group_664,,Dihydrolipoamide acetyltransferase component of pyruvate dehydrogenase complex,JLGHJK_02591,IGABOM_01800,
group_663,,UDP-N-acetylglucosamine 1-carboxyvinyltransferase 2,JLGHJK_02825,IGABOM_02007,
group_662,,Ammonium transporter,JLGHJK_00860,IGABOM_00216,
group_661,,Major facilitator superfamily (MFS) profile domain-containing protein,JLGHJK_00840,IGABOM_00197,
group_660,,Aminopeptidase E,JLGHJK_00529,IGABOM_03053,
group_653,,Trigger factor,JLGHJK_02555,IGABOM_01775,
group_651,,Acetyl-CoA carboxylase biotin carboxylase subunit,JLGHJK_01058,IGABOM_00470,
group_650,,Alpha-amylase maltodextrins and cyclomaltodextrins,JLGHJK_00698,IGABOM_00066,
group_648,mntH,Divalent metal cation transporter MntH,JLGHJK_01683,IGABOM_01086,
group_644,,Enolase,JLGHJK_01201,IGABOM_00674,
group_643,,Two-component system histidine protein kinase sensor protein,JLGHJK_00168,IGABOM_02598,
group_637,,Aminopeptidase C,JLGHJK_01069,IGABOM_00478,
group_636,,Glutathione reductase,JLGHJK_00879,IGABOM_00234,
mepA,mepA,Multidrug export protein MepA,JLGHJK_00616,IGABOM_03141,
group_628,,Glutathione amide reductase,JLGHJK_00263,IGABOM_02768,
group_627,,serine-type D-Ala-D-Ala carboxypeptidase,JLGHJK_00197,IGABOM_02703,
group_625,,DUF5776 domain-containing protein,JLGHJK_02149,IGABOM_01480,
group_624,,RNA polymerase sigma-54 factor,JLGHJK_01196,IGABOM_00669,
group_623,,VWA-like domain-containing protein,JLGHJK_00435,IGABOM_02912,
group_622,,Xanthine permease,JLGHJK_03141,IGABOM_02296,
group_616,,UPF0210 protein SP_0239,JLGHJK_02972,IGABOM_02148,
cshB,cshB,DEAD-box ATP-dependent RNA helicase CshB,JLGHJK_02743,IGABOM_01936,
group_615,,16S rRNA (cytosine(967)-C(5))-methyltransferase,JLGHJK_01994,IGABOM_01346,
group_614,,Threonine/serine exporter family protein,JLGHJK_00601,IGABOM_03126,
group_609,,Glutamine synthetase,JLGHJK_01956,IGABOM_01311,
group_602,,Glycerol-3-phosphate ABC transporter substrate-binding protein,JLGHJK_01714,IGABOM_01111,
group_600,,Glucose-6-phosphate isomerase,JLGHJK_02965,IGABOM_02143,
group_599,,Aspartokinase,JLGHJK_02768,IGABOM_01957,
group_598,,HD domain-containing protein,JLGHJK_00946,IGABOM_00318,
group_597,,NADH oxidase,JLGHJK_00427,IGABOM_02904,
group_590,,NADH peroxidase,JLGHJK_03012,IGABOM_02178,
group_589,,Permease IIC component,JLGHJK_01779,IGABOM_01166,
yojA,yojA,Uncharacterized permease YojA,JLGHJK_01628,IGABOM_01036,
group_588,,Phosphoglucosamine mutase,JLGHJK_01234,IGABOM_00701,
group_583,,hypothetical protein,JLGHJK_00906,IGABOM_00286,
gntR,gntR,Bifunctional protein: transcriptional regulator GntR family domain / Aspartate aminotransferase,JLGHJK_03117,IGABOM_02275,
group_577,,Amino acid permease/ SLC12A domain-containing protein,JLGHJK_00646,IGABOM_03167,
group_576,,tetrahydrofolate synthase,JLGHJK_00296,IGABOM_02795,
group_571,,Hemolysin,JLGHJK_03105,IGABOM_02267,
group_570,,23S rRNA m(5)C methyltransferase,JLGHJK_02108,IGABOM_01444,
group_569,,Alcohol dehydrogenase Acetaldehyde dehydrogenase,JLGHJK_00837,IGABOM_00194,
dnaA,dnaA,Chromosomal replication initiator protein DnaA,JLGHJK_00545,IGABOM_03067,
group_560,,RNA methyltransferase,JLGHJK_01575,IGABOM_00977,
group_554,,Bacteriocin ABC superfamily ATP binding cassette transporter,JLGHJK_00890,IGABOM_00273,
group_553,,histidine kinase,JLGHJK_00790,IGABOM_00148,
group_549,,UDP-N-acetylmuramoylalanine--D-glutamate ligase,JLGHJK_02635,IGABOM_01838,
radA,radA,DNA repair protein RadA,JLGHJK_01074,IGABOM_00482,
group_547,,Fumarate hydratase class II,JLGHJK_01533,IGABOM_00947,
glmU,glmU,Bifunctional protein GlmU,JLGHJK_00937,IGABOM_00312,
pepV,pepV,Uncharacterized transporter in pepV 3'region,JLGHJK_00329,IGABOM_02828,
group_546,,6-phospho-beta-glucosidase,JLGHJK_00122,IGABOM_02555,
group_543,,Amino acid permease/ SLC12A domain-containing protein,JLGHJK_02705,IGABOM_01902,
group_540,,Biotin carboxylase,JLGHJK_02057,IGABOM_01401,
group_539,,UDP-N-acetylmuramoyl-tripeptide--D-alanyl-D-alanine ligase,JLGHJK_00971,IGABOM_00337,
group_538,,Calcineurin-like phosphoesterase domain-containing protein,JLGHJK_02703,IGABOM_01900,
norM,norM,putative multidrug resistance protein NorM,JLGHJK_01763,IGABOM_01153,
group_537,mnmE,tRNA modification GTPase MnmE,JLGHJK_00540,IGABOM_03061,
group_536,,Branched-chain amino acid transport system carrier protein,JLGHJK_00440,IGABOM_02916,
group_531,,LD-TPase catalytic domain-containing protein,JLGHJK_00998,IGABOM_00356,
group_530,,Glycolate dehydrogenase subunit GlcDFAD-binding,JLGHJK_00798,IGABOM_00156,
group_529,mntH,Divalent metal cation transporter MntH,JLGHJK_00783,IGABOM_00142,
group_528,,Major facilitator superfamily (MFS) profile domain-containing protein,JLGHJK_00011,IGABOM_02465,
group_525,,Amino acid permease,JLGHJK_01287,IGABOM_00736,
group_521,,Aspartate ammonia-lyase,JLGHJK_03260,IGABOM_02402,
group_520,,Na+ xyloside symporter related transporter,JLGHJK_01409,IGABOM_00836,
group_519,,Transport protein major facilitator superfamily (MFS),JLGHJK_00787,IGABOM_00146,
group_515,,ATP synthase subunit beta,JLGHJK_02827,IGABOM_02009,
group_514,dnaB,Helicase loader DnaB,JLGHJK_01891,IGABOM_01251,
group_513,,Argininosuccinate lyase,JLGHJK_01187,IGABOM_00660,
group_511,,NADH oxidase,JLGHJK_02326,IGABOM_01636,
sufB,sufB,FeS assembly protein SufB,JLGHJK_01851,IGABOM_01243,
group_510,,Dipeptidase A,JLGHJK_01392,IGABOM_00821,
group_509,,ABC transporter domain-containing protein,JLGHJK_00731,IGABOM_00100,
group_508,,Citrate transporter-like domain-containing protein,JLGHJK_00139,IGABOM_02571,
group_504,,Glutamate decarboxylase beta,JLGHJK_00397,IGABOM_02881,
group_503,,Tannase (Tannin acylhydrolase),JLGHJK_00065,IGABOM_02509,
group_495,,Tartrate transport protein,JLGHJK_01522,IGABOM_00935,
group_488,,Aspartyl/glutamyl-tRNA(Asn/Gln) amidotransferase subunit B,JLGHJK_01573,IGABOM_00975,
dnaB,dnaB,Replicative DNA helicase DnaB,JLGHJK_00557,IGABOM_03079,
group_487,,Na+/H+ antiporter NhaC-like C-terminal domain-containing protein,JLGHJK_00328,IGABOM_02827,
group_484,,histidine kinase,JLGHJK_01147,IGABOM_00623,
group_479,,Multi drug transporter major facilitator superfamily (MFS) EmrB/QacA subfamily,JLGHJK_01266,IGABOM_00718,
acaP,acaP,Aspartate/glutamate permease AcaP,JLGHJK_03229,IGABOM_02375,
group_477,,6-phosphogluconate dehydrogenase decarboxylating,JLGHJK_01919,IGABOM_01276,
group_476,,6-phospho-beta-glucosidase,JLGHJK_00907,IGABOM_00287,
group_474,,6-phospho-beta-glucosidase,JLGHJK_03209,IGABOM_02357,
group_473,,Dipeptidase,JLGHJK_02094,IGABOM_01434,
group_472,,Cytochrome bb' ubiquinol oxidase (Subunit I),JLGHJK_01552,IGABOM_00958,
group_471,,Glycogen synthase,JLGHJK_00567,IGABOM_03089,
group_469,,6-phospho-beta-glucosidase,JLGHJK_03208,IGABOM_02356,
group_468,,Major facilitator superfamily (MFS) profile domain-containing protein,JLGHJK_00857,IGABOM_00215,
group_467,,Uncharacterized RNA methyltransferase lmo1703,JLGHJK_00232,IGABOM_02736,
cscB,cscB,Cell surface protein CscB family,JLGHJK_02608,IGABOM_01816,
group_465,,Cardiolipin synthase,JLGHJK_00269,IGABOM_02774,
group_462,,Polysaccharide biosynthesis protein C-terminal domain-containing protein,JLGHJK_02532,IGABOM_01757,
group_461,,HTH gntR-type domain-containing protein,JLGHJK_01785,IGABOM_01172,
group_460,,PTS system beta-glucosides-specific EIIBC component,JLGHJK_01308,IGABOM_00756,
group_458,,Signal recognition particle protein,JLGHJK_02015,IGABOM_01363,
group_457,,Catalase,JLGHJK_00500,IGABOM_03013,
group_450,,Glutamyl-tRNA(Gln) amidotransferase subunit A,JLGHJK_01572,IGABOM_00974,
group_449,,Galactose-1-phosphate uridylyltransferase,JLGHJK_00464,IGABOM_02929,
group_440,,Amino acid/peptide transporter,JLGHJK_01020,IGABOM_00379,
group_439,,Permease IIC component,JLGHJK_00121,IGABOM_02554,
group_436,,ABC transmembrane type-1 domain-containing protein,JLGHJK_02549,IGABOM_01769,
group_435,,MFS-type drug efflux transporter P55,JLGHJK_02246,IGABOM_01558,
group_432,,Carboxy-terminal processing proteinase,JLGHJK_02247,IGABOM_01559,
group_431,,Major facilitator superfamily permease,JLGHJK_01418,IGABOM_00845,
group_430,,Nicotinate phosphoribosyltransferase,JLGHJK_01035,IGABOM_00393,
macB,macB,Macrolide export ATP-binding/permease protein MacB,JLGHJK_00806,IGABOM_00163,
group_426,,UDP-N-acetylmuramoyl-L-alanyl-D-glutamate--26-diaminopimelate ligase,JLGHJK_01410,IGABOM_00837,
group_423,,Major facilitator superfamily (MFS) profile domain-containing protein,JLGHJK_03263,IGABOM_02405,
group_422,,Glucose-6-phosphate 1-dehydrogenase,JLGHJK_03116,IGABOM_02274,
yjeM,yjeM,Inner membrane transporter YjeM,JLGHJK_00158,IGABOM_02588,
lysM,lysM,LysM peptidoglycan-binding domain-containing protein,JLGHJK_02601,IGABOM_01810,
group_417,,Glutamate--tRNA ligase,JLGHJK_01076,IGABOM_00484,
group_415,,Threonine synthase,JLGHJK_03190,IGABOM_02339,
bcaP,bcaP,Branched-chain amino acid permease BcaP,JLGHJK_02106,IGABOM_01442,
group_413,,Lysine--tRNA ligase,JLGHJK_01012,IGABOM_00371,
group_410,,Multidrug MFS transporter,JLGHJK_01693,IGABOM_01093,
group_404,sufI,Cell division protein SufI,JLGHJK_00865,IGABOM_00221,
group_400,,Poly(Glycerol-phosphate) alpha-glucosyltransferase,JLGHJK_03268,IGABOM_02410,
group_399,,Extracellular protein,JLGHJK_00089,IGABOM_02524,
group_397,,hypothetical protein,JLGHJK_03459,,PHDJFC_02962
group_394,,Xylulose kinase,JLGHJK_01629,IGABOM_01037,
group_393,,Replication protein,JLGHJK_00666,IGABOM_03186,
group_390,,ATP synthase subunit alpha,JLGHJK_02829,IGABOM_02011,
group_389,,ABC transporter ATP-binding protein,JLGHJK_00729,IGABOM_00097,
group_385,,Poly(Glycerol-phosphate) alpha-glucosyltransferase,JLGHJK_01699,IGABOM_01098,
group_384,,ABC transmembrane type-1 domain-containing protein,JLGHJK_00877,IGABOM_00232,
purH,purH,Bifunctional purine biosynthesis protein PurH,JLGHJK_03151,IGABOM_02304,
group_381,,Exopolyphosphatase,JLGHJK_01269,IGABOM_00722,
pucR,pucR,PucR C-terminal helix-turn-helix domain-containing protein,JLGHJK_00598,IGABOM_03122,
group_375,,Acyl-CoA dehydrogenase,JLGHJK_00683,IGABOM_03200,
group_374,,Poly(Glycerol-phosphate) alpha-glucosyltransferase,JLGHJK_03269,IGABOM_02411,
group_372,,hypothetical protein,JLGHJK_02013,IGABOM_01361,
group_371,,Bifunctional protein: 2'3'-cyclic-nucleotide 2'-phosphodiesterase 3'-nucleotidase,JLGHJK_00376,IGABOM_02862,
group_370,,ABC transporter ATP-binding protein,JLGHJK_02995,IGABOM_02164,
group_364,,GMP synthase [glutamine-hydrolyzing],JLGHJK_01332,IGABOM_00778,
group_362,,Glycerophosphodiester phosphodiesterase,JLGHJK_02810,IGABOM_01993,
group_361,,Ribonuclease Y,JLGHJK_02761,IGABOM_01950,
group_349,,Poly(Glycerol-phosphate) alpha-glucosyltransferase,JLGHJK_02962,IGABOM_02139,
group_348,,Peptide chain release factor 3,JLGHJK_01632,IGABOM_01040,
group_347,,Alpha-L-rhamnosidase,JLGHJK_00458,IGABOM_02923,
cshA,cshA,DEAD-box ATP-dependent RNA helicase CshA,JLGHJK_00972,IGABOM_00338,
group_344,,Purine transport regulator,JLGHJK_03140,IGABOM_02295,
group_342,,Cation/H+ exchanger transmembrane domain-containing protein,JLGHJK_03110,IGABOM_02269,
mntH,mntH,Divalent metal cation transporter MntH,JLGHJK_00105,IGABOM_02539,
group_335,,Polysaccharide biosynthesis protein C-terminal domain-containing protein,JLGHJK_01002,IGABOM_00360,
group_330,,CTP synthase,JLGHJK_00950,IGABOM_00322,
group_329,,Lipoprotein peptide binding protein oppa like protein,JLGHJK_00562,IGABOM_03084,
group_326,ykpA,Uncharacterized ABC transporter ATP-binding protein YkpA,JLGHJK_00022,IGABOM_02476,
group_324,,Chaperonin GroEL,JLGHJK_01129,IGABOM_00611,
group_319,,Sulfotransferase family protein,JLGHJK_01753,IGABOM_01146,
arlS,arlS,Signal transduction histidine-protein kinase ArlS,JLGHJK_01923,IGABOM_01279,
group_316,,Solute-binding protein family 5 domain-containing protein,JLGHJK_01640,IGABOM_01046,
group_315,,Oligopeptide ABC transporterlipoprotein-binding protein,JLGHJK_00621,IGABOM_03145,
group_312,,Solute-binding protein family 5 domain-containing protein,JLGHJK_01192,IGABOM_00665,
group_309,,Solute-binding protein family 5 domain-containing protein,JLGHJK_00711,IGABOM_00084,
group_308,,Solute-binding protein family 5 domain-containing protein,JLGHJK_00710,IGABOM_00083,
group_307,,phosphoenolpyruvate carboxykinase (ATP),JLGHJK_00395,IGABOM_02879,
group_306,,Glycine/betaine ABC transporter,JLGHJK_00320,IGABOM_02818,
group_305,,Alpha amylase catalytic domain protein,JLGHJK_00226,IGABOM_02731,
group_304,,Polysaccharide biosynthesis protein C-terminal domain-containing protein,JLGHJK_01705,IGABOM_01103,
group_301,,Alpha amylase catalytic domain protein,JLGHJK_00694,IGABOM_00061,
group_296,,Alpha-acetolactate synthase,JLGHJK_01431,IGABOM_00857,
group_294,,NADH oxidase,JLGHJK_02313,IGABOM_01612,
group_293,,Adenine deaminase,JLGHJK_00325,IGABOM_02823,
group_288,,Oligo-16-glucosidase,JLGHJK_02794,IGABOM_01980,
recN,recN,DNA repair protein RecN,JLGHJK_01981,IGABOM_01335,
group_287,,Linoleate hydratase,JLGHJK_00664,IGABOM_03184,
group_283,,Transporter major facilitator family protein,JLGHJK_02067,IGABOM_01412,
group_282,,Energy-coupling factor transporter ATP-binding protein,JLGHJK_00669,IGABOM_03189,
group_281,,Prophage Lp3 protein 15 terminase large subunit,JLGHJK_02932,IGABOM_02113,
group_279,,DNA-directed DNA polymerase,JLGHJK_01102,IGABOM_00578,
group_277,,Proline--tRNA ligase,JLGHJK_02417,IGABOM_01710,
group_275,ezrA,Septation ring formation regulator EzrA,JLGHJK_02787,IGABOM_01973,
group_270,,Maltogenic alpha-amylase,JLGHJK_03189,IGABOM_02338,
group_269,,Ribonuclease J,JLGHJK_02558,IGABOM_01778,
group_266,,ATP-binding and permease components of an ABC superfamily transporter,JLGHJK_02855,IGABOM_02032,
group_265,,Phosphoenolpyruvate-protein phosphotransferase,JLGHJK_01651,IGABOM_01056,
cydC,cydC,ATP-binding/permease protein cydC,JLGHJK_01554,IGABOM_00960,
ubiB,ubiB,Ubiquinone biosynthesis protein UbiB,JLGHJK_00439,IGABOM_02915,
group_260,,Arylsulfate sulfotransferase,JLGHJK_01757,IGABOM_01151,
group_258,,Integral membrane protein,JLGHJK_02171,IGABOM_01496,
group_254,,Multidrug ABC superfamily ATP binding cassette transporter,JLGHJK_00010,IGABOM_02464,
group_252,,Pyruvate oxidase,JLGHJK_03073,IGABOM_02235,
group_248,,Pyruvate kinase,JLGHJK_02281,IGABOM_01587,
group_247,,Cytochrome bd biosynthesis ABC-type transporter ATPase and permease component,JLGHJK_01555,IGABOM_00961,
group_246,,ABC transporter ATP-binding protein,JLGHJK_02961,IGABOM_02138,
group_240,,ABC3 transporter permease C-terminal domain-containing protein,JLGHJK_03172,IGABOM_02322,
group_239,,ABC transporter ATP-binding protein,JLGHJK_00147,IGABOM_02580,
yheH,yheH,YheH protein,JLGHJK_00009,IGABOM_02463,
group_235,,Glycerophosphodiester phosphodiesterase,JLGHJK_03044,IGABOM_02208,
group_234,,Aspartate--tRNA ligase,JLGHJK_02365,IGABOM_01670,
group_233,,Oligoendopeptidase F,JLGHJK_03068,IGABOM_02230,
recQ,recQ,DNA helicase RecQ,JLGHJK_01397,IGABOM_00825,
group_224,,Oligoendopeptidase F plasmid,JLGHJK_02662,IGABOM_01861,
group_222,,UvrABC system protein C,JLGHJK_02547,IGABOM_01767,
group_219,,Glutamine--fructose-6-phosphate aminotransferase [isomerizing],JLGHJK_01249,IGABOM_00702,
group_215,,Alpha-glycerophosphate oxidase,JLGHJK_00882,IGABOM_00236,
group_212,bipA,Large ribosomal subunit assembly factor BipA,JLGHJK_02585,IGABOM_01795,
group_211,,PTS system mannitol-specific EIICB component,JLGHJK_00741,IGABOM_00113,
group_209,,Cd(2+)-exporting ATPase,JLGHJK_00321,IGABOM_02819,
group_207,,Acyltransferase,JLGHJK_01348,IGABOM_00794,
group_202,,Bifunctional protein: homocysteine methyltransferase (Cobalamin-dependent) methylenetetrahydrofolate reductase,JLGHJK_01750,IGABOM_01144,
group_201,,RCK C-terminal domain-containing protein,JLGHJK_01326,IGABOM_00772,
group_199,,Succinate dehydrogenase/fumarate reductase flavoprotein subunit,JLGHJK_01383,IGABOM_00815,
dnaK,dnaK,Chaperone protein DnaK,JLGHJK_02393,IGABOM_01691,
group_192,,Beta-galactosidase large subunit,JLGHJK_00468,IGABOM_02932,
group_188,,Multidrug ABC transporter ATP-binding protein,JLGHJK_02854,IGABOM_02031,
group_186,,Ribitolphosphotransferase,JLGHJK_02210,IGABOM_01528,
group_181,,Asparagine synthetase [glutamine-hydrolyzing] 1,JLGHJK_01412,IGABOM_00839,
glgB,glgB,14-alpha-glucan branching enzyme GlgB,JLGHJK_00564,IGABOM_03086,
group_180,,Cd(2+)-exporting ATPase,JLGHJK_00416,IGABOM_02894,
mnmG,mnmG,tRNA uridine 5-carboxymethylaminomethyl modification enzyme MnmG,JLGHJK_00539,IGABOM_03060,
group_179,,P-type Cu(+) transporter,JLGHJK_00162,IGABOM_02592,
group_178,,Integral membrane protein,JLGHJK_00024,IGABOM_02478,
group_171,,Lactose permease,JLGHJK_00441,IGABOM_02917,
group_168,,Alpha-L-rhamnosidase,JLGHJK_00453,IGABOM_02921,
group_166,,Acyltransferase 3 domain-containing protein,JLGHJK_01282,IGABOM_00732,
group_165,,Lactose permease,JLGHJK_00472,IGABOM_02935,
group_163,,Phosphoenolpyruvate-dependent sugar phosphotransferase system EIIABC probably fructose specific,JLGHJK_02529,IGABOM_01755,
lepB,lepB,LepB,JLGHJK_02953,IGABOM_02129,
group_162,,ABC transporter family protein,JLGHJK_01125,IGABOM_00607,
group_161,,PTS system N-acetylglucosamine-specific IIA component/ PTS system N-acetylglucosamine-specific IIB component/ PTS system N-acetylglucosamine-specific IIC component,JLGHJK_00085,IGABOM_02520,
group_159,,PTS system N-acetylglucosamine-specific IIA component/ PTS system N-acetylglucosamine-specific IIB component/ PTS system N-acetylglucosamine-specific IIC component,JLGHJK_02999,IGABOM_02168,
group_152,,Abc transporter atp-binding and permease protein,JLGHJK_00111,IGABOM_02545,
group_150,,Na(+)/H(+) antiporter,JLGHJK_03059,IGABOM_02222,
group_149,,UvrABC system protein B,JLGHJK_01183,IGABOM_00656,
group_147,,DNA topoisomerase 4 subunit B,JLGHJK_02229,IGABOM_01542,
group_145,,Transketolase,JLGHJK_01502,IGABOM_00920,
group_144,,Cyclic-di-AMP phosphodiesterase,JLGHJK_00554,IGABOM_03077,
group_141,,Tr-type G domain-containing protein,JLGHJK_00608,IGABOM_03133,
group_140,,non-specific serine/threonine protein kinase,JLGHJK_01996,IGABOM_01349,
group_137,,Transpeptidase (Penicillin binding protein 2B),JLGHJK_01944,IGABOM_01299,
recG,recG,ATP-dependent DNA helicase RecG,JLGHJK_02006,IGABOM_01356,
group_135,,P-type Cu(+) transporter,JLGHJK_00356,IGABOM_02848,
group_134,,putative potassium transport system protein Kup 2,JLGHJK_00279,IGABOM_02779,
group_132,,Methionine--tRNA ligase,JLGHJK_00918,IGABOM_00299,
group_127,,Threonine--tRNA ligase,JLGHJK_01893,IGABOM_01253,
group_126,,ATP-dependent Clp protease ATP-binding protein,JLGHJK_01648,IGABOM_01053,
group_122,,Glycine--tRNA ligase beta subunit,JLGHJK_02345,IGABOM_01655,
group_113,,putative cadmium-transporting ATPase,0_refound_0_pseudo,IGABOM_00042,
ftsI,ftsI,Cell division protein FtsI,JLGHJK_02638,IGABOM_01840,
group_111,,DNA topoisomerase 1,JLGHJK_02238,IGABOM_01549,
comA,comA,Transport/processing ATP-binding protein ComA,JLGHJK_00889,IGABOM_00272,
cscC,cscC,Cell surface protein CscC family,JLGHJK_00428,IGABOM_02905,
group_109,,peptidoglycan glycosyltransferase,JLGHJK_01791,IGABOM_01177,
group_106,,S1 motif domain-containing protein,JLGHJK_01040,IGABOM_00397,
group_101,,Anaerobic ribonucleoside-triphosphate reductase,JLGHJK_00045,IGABOM_02493,
ftsH,ftsH,ATP-dependent zinc metalloprotease FtsH,JLGHJK_01009,IGABOM_00368,
group_99,,Family 65 glycosyl hydrolase,JLGHJK_02112,IGABOM_01447,
group_95,,Formate acetyltransferase,JLGHJK_00311,IGABOM_02809,
group_93,,GTP pyrophosphokinase,JLGHJK_02371,IGABOM_01676,
group_92,,ATP-dependent DNA helicase,JLGHJK_01567,IGABOM_00970,
group_91,,Family 65 glycosyl hydrolase,JLGHJK_00700,IGABOM_00068,
group_90,,Fumarate reductase flavoprotein subunit,JLGHJK_00478,IGABOM_02940,
group_87,,peptidoglycan glycosyltransferase,JLGHJK_02134,IGABOM_01467,
group_85,,DNA 3'-5' helicase,JLGHJK_01329,IGABOM_00775,
group_84,,Helicase IV,JLGHJK_00898,IGABOM_00279,
group_82,,Putative cation-transporting ATPase exp7,JLGHJK_01577,IGABOM_00979,
group_78,,hypothetical protein,JLGHJK_03086,IGABOM_02247,
mutS2,mutS2,Endonuclease MutS2,JLGHJK_02737,IGABOM_01930,
group_77,,Phosphoketolase,JLGHJK_03094,IGABOM_02256,
group_75,,DNA 5'-3' helicase,JLGHJK_00816,IGABOM_00172,
group_73,ftsK,DNA translocase FtsK,JLGHJK_02645,IGABOM_01846,
group_70,,Phosphoenolpyruvate synthase,JLGHJK_02298,IGABOM_01600,
group_66,,Primosomal protein N',JLGHJK_01991,IGABOM_01344,
group_65,,Phenylalanine--tRNA ligase beta subunit,JLGHJK_01936,IGABOM_01291,
group_63,,Leucine--tRNA ligase,JLGHJK_01703,IGABOM_01102,
group_61,,Ribonuclease R,JLGHJK_01207,IGABOM_00680,
group_60,,DNA topoisomerase 4 subunit A,JLGHJK_02228,IGABOM_01541,
yhaN,yhaN,Uncharacterized protein YhaN AAA domain-containing protein,JLGHJK_01795,IGABOM_01180,
group_56,,UvrABC system protein A,JLGHJK_00025,IGABOM_02479,
group_53,,Aminopeptidase,JLGHJK_01364,IGABOM_00804,
group_51,,carbamoyl-phosphate synthase (ammonia),JLGHJK_02170,IGABOM_01495,
group_50,,DNA gyrase subunit A,JLGHJK_00550,IGABOM_03073,
group_49,,hypothetical protein,JLGHJK_02411,IGABOM_01704,
group_48,,Phosphatidylglycerol lysyltransferase,JLGHJK_01092,IGABOM_00570,
group_47,,Aldehyde-alcohol dehydrogenase,JLGHJK_00521,IGABOM_03045,
group_42,,Alanine--tRNA ligase,JLGHJK_02742,IGABOM_01935,
group_41,,Integral membrane protein,JLGHJK_01943,IGABOM_01298,
group_39,,DNA polymerase I,JLGHJK_01887,IGABOM_01247,
group_35,,Trehalose 6-phosphate phosphorylase,JLGHJK_00574,IGABOM_03095,
group_34,,LPXTG cell wall anchor domain-containing protein,JLGHJK_02954,IGABOM_02130,
group_33,,Cation transporting P-type ATPase,JLGHJK_00649,IGABOM_03170,
group_30,,Isoleucine--tRNA ligase,JLGHJK_02624,IGABOM_01829,
dinG,dinG,3'-5' exonuclease DinG,JLGHJK_02119,IGABOM_01453,
ftsK,ftsK,DNA translocase FtsK,JLGHJK_01052,IGABOM_00465,
group_27,,UvrABC system protein A,JLGHJK_01184,IGABOM_00657,
group_25,,DUF3533 domain-containing protein,JLGHJK_01718,IGABOM_01115,
group_19,,DNA polymerase III subunit alpha,JLGHJK_02284,IGABOM_01589,
group_18,,Pyruvate carboxylase,JLGHJK_02576,IGABOM_01791,
group_15,,Transcription-repair-coupling factor,JLGHJK_01001,IGABOM_00359,
group_10,,ATP-dependent helicase/nuclease subunit A,JLGHJK_03126,IGABOM_02283,
group_6,,DNA polymerase III PolC-type,JLGHJK_02416,IGABOM_01709,
group_5017,,Integrase catalytic domain-containing protein,,,PHDJFC_03024
group_5016,,Integrase catalytic domain-containing protein,,,PHDJFC_02903
group_5015,,HTH cro/C1-type domain-containing protein,,,PHDJFC_02885
group_5014,tnp,IS30 family ISLpl1 transposase,,,PHDJFC_02705
group_5013,,Transposase IS30 family,,,PHDJFC_02663
group_5012,,Putative transposase for insertion-like sequence element IS1161,,,PHDJFC_02650
group_5011,tnp,IS30 family ISLpl1 transposase,,,PHDJFC_02635
group_5010,,Transposase,,,PHDJFC_02570
group_5009,,Integrase catalytic domain-containing protein,,,PHDJFC_02414
group_5008,,Putative transposase for insertion-like sequence element IS1161,,,PHDJFC_02395
group_5007,,Transposase,,,PHDJFC_02296
group_5006,,Transposase,,,PHDJFC_02201
group_5005,,Transposase,,,PHDJFC_02176
group_5004,,IS982 family transposase,,,PHDJFC_02147
group_5003,,Integrase catalytic domain-containing protein,,,PHDJFC_02061
group_5002,,IS982 family transposase,,,PHDJFC_02053
group_5001,,Transposase,,,PHDJFC_01875
group_5000,,Integrase catalytic domain-containing protein,,,PHDJFC_01874
group_4999,,Transposase,,,PHDJFC_01873
group_4998,,Transposase IS30 family,,,PHDJFC_01799
group_4997,,Transposase,,,PHDJFC_01792
group_4996,,Transposase,,,PHDJFC_01745
group_4995,,Integrase catalytic domain-containing protein,,,PHDJFC_01704
group_4994,,Transposase IS701-like DDE domain-containing protein,,,PHDJFC_01699
group_4993,,Transposase IS701-like DDE domain-containing protein,,,PHDJFC_01688
group_4992,,Putative transposase for insertion-like sequence element IS1161,,,PHDJFC_01599
group_4991,,Putative transposase for insertion-like sequence element IS1161,,,PHDJFC_01583
group_4990,,Integrase catalytic domain-containing protein,,,PHDJFC_01552
group_4989,,Transposase IS701-like DDE domain-containing protein,,,PHDJFC_01527
group_4988,,Putative transposase for insertion-like sequence element IS1161,,,PHDJFC_01517
group_4987,,Integrase catalytic domain-containing protein,,,PHDJFC_01437
group_4986,,Integrase catalytic domain-containing protein,,,PHDJFC_01436
group_4985,,Putative transposase for insertion-like sequence element IS1161,,,PHDJFC_01430
group_4984,,Transposase,,,PHDJFC_01424
group_4983,,IS982 family transposase,,,PHDJFC_01416
group_4982,,Integrase catalytic domain-containing protein,,,PHDJFC_01414
group_4981,,Integrase catalytic domain-containing protein,,,PHDJFC_01375
group_4980,,Transposase,,,PHDJFC_01337
group_4979,,Integrase catalytic domain-containing protein,,,PHDJFC_01162
group_4978,,transposase,,,PHDJFC_01160
group_4977,,Transposase,,,PHDJFC_01159
group_4976,,Integrase catalytic domain-containing protein,,,PHDJFC_01158
group_4975,,Putative transposase for insertion-like sequence element IS1161,,,PHDJFC_01118
group_4974,,Integrase catalytic domain-containing protein,,,PHDJFC_01107
group_4973,,Transposase,,,PHDJFC_01106
group_4972,,transposase,,,PHDJFC_01105
group_4971,,Transposase,,,PHDJFC_01020
group_4970,,Transposase IS701-like DDE domain-containing protein,,,PHDJFC_01009
group_4969,,Integrase catalytic domain-containing protein,,,PHDJFC_00938
group_4968,,hypothetical protein,,,PHDJFC_00929
group_4967,,Putative transposase for insertion-like sequence element IS1161,,,PHDJFC_00861
group_4966,tnp,IS30 family ISLsa1 transposase,,,PHDJFC_00756
group_4965,,Transposase IS701-like DDE domain-containing protein,,,PHDJFC_00751
group_4964,,Transposase IS30 family,,,PHDJFC_00707
group_4963,,hypothetical protein,,,PHDJFC_00663
group_4962,,Transposase,,,PHDJFC_00503
group_4961,,Integrase catalytic domain-containing protein,,,PHDJFC_00406
group_4960,,Transposase,,,PHDJFC_00380
group_4959,,Transposase IS701-like DDE domain-containing protein,,,PHDJFC_00379
group_4958,,Transposase IS701-like DDE domain-containing protein,,,PHDJFC_00286
group_4957,,Transposase IS701-like DDE domain-containing protein,,,PHDJFC_00220
group_4956,tnp,IS1182 family ISP2 transposase,,IGABOM_03171,
group_4955,,hypothetical protein,,IGABOM_02825,
group_4954,,hypothetical protein,,IGABOM_02724,
group_4953,,Prophage protein,,IGABOM_02090,
group_4952,,Transcriptional regulator,,IGABOM_02068,
group_4951,tnp,IS1182 family ISP2 transposase,,IGABOM_01811,
group_4950,tnp,IS1182 family ISP2 transposase,,IGABOM_01191,
group_4949,,Integrase catalytic domain-containing protein,,IGABOM_01132,
group_4948,tnp,IS1182 family ISP2 transposase,,IGABOM_00636,
group_4947,,Transcriptional regulator,,IGABOM_00537,
group_4946,,Prophage protein,,IGABOM_00506,
group_4945,,Transposase,JLGHJK_03560,,
group_4944,,Integrase catalytic domain-containing protein,JLGHJK_03429,,
group_4943,tnp,IS3 family IS153 transposase ORF A,JLGHJK_03428,,
group_4942,,Universal stress protein,JLGHJK_03417,,
group_4941,mntH,Divalent metal cation transporter MntH,JLGHJK_03416,,
group_4940,tnp,IS256 family IS1310 transposase,JLGHJK_03414,,
group_4939,,hypothetical protein,JLGHJK_03389,,
group_4938,,hypothetical protein,JLGHJK_03386,,
group_4937,,Integrase catalytic domain-containing protein,JLGHJK_03368,,
group_4936,tnp,IS256 family IS1310 transposase,JLGHJK_03367,,
group_4935,,Transposase,JLGHJK_03295,,
group_4934,,Integrase catalytic domain-containing protein,JLGHJK_03248,,
group_4933,tnp,IS256 family IS1310 transposase,JLGHJK_03207,,
group_4932,,Integrase catalytic domain-containing protein,JLGHJK_03188,,
group_4931,,TnpB-IS1077-like,JLGHJK_03187,,
group_4930,tnp,IS256 family IS1310 transposase,JLGHJK_03112,,
group_4929,tnp,IS1182 family ISP2 transposase,JLGHJK_03109,,
group_4928,,Transposase,JLGHJK_03107,,
group_4927,,Integrase catalytic domain-containing protein,JLGHJK_03039,,
group_4926,,TnpB-IS1077-like,JLGHJK_03038,,
group_4925,,Transposase,JLGHJK_03014,,
group_4924,tnp,IS30 family ISLpl1 transposase,JLGHJK_02956,,
group_4923,,Integrase catalytic domain-containing protein,JLGHJK_02950,,
group_4922,,TnpB-IS1077-like,JLGHJK_02949,,
group_4921,,TnpB-IS1077-like,JLGHJK_02852,,
group_4920,,Integrase catalytic domain-containing protein,JLGHJK_02851,,
group_4919,,TnpB-IS1077-like,JLGHJK_02728,,
group_4918,,Integrase catalytic domain-containing protein,JLGHJK_02727,,
group_4917,tnp,IS256 family IS1310 transposase,JLGHJK_02583,,
group_4916,,Prophage Lp2 protein 24,JLGHJK_02483,,
group_4915,tnp,IS30 family ISLpl1 transposase,JLGHJK_02408,,
group_4914,tnp,IS256 family IS1310 transposase,JLGHJK_02360,,
group_4913,,Transposase,JLGHJK_02217,,
group_4912,,Transposase,JLGHJK_02216,,
group_4911,,Transposase IS4-like domain-containing protein,JLGHJK_02205,,
group_4910,,hypothetical protein,JLGHJK_02204,,
group_4909,tnp,IS982 family ISLpl4 transposase,JLGHJK_02145,,
group_4908,tnp,IS30 family ISLpl1 transposase,JLGHJK_02144,,
group_4907,,Integrase catalytic domain-containing protein,JLGHJK_02100,,
group_4906,,Mutator family transposase,JLGHJK_02080,,
group_4905,,Mutator family transposase,JLGHJK_02079,,
group_4904,,Integrase catalytic domain-containing protein,JLGHJK_02073,,
group_4903,tnp,IS256 family IS1310 transposase,JLGHJK_01924,,
group_4902,tnp,IS982 family ISLpl4 transposase,JLGHJK_01805,,
group_4901,,hypothetical protein,JLGHJK_01758,,
group_4900,,Integrase catalytic domain-containing protein,JLGHJK_01732,,
group_4899,,Transposase,JLGHJK_01597,,
group_4898,,Transposase,JLGHJK_01596,,
group_4897,,Integrase catalytic domain-containing protein,JLGHJK_01561,,
group_4896,,TnpB-IS1077-like,JLGHJK_01560,,
group_4895,,Transposase,JLGHJK_01546,,
group_4894,tnp,IS1182 family ISP2 transposase,JLGHJK_01436,,
group_4893,,Transposase,JLGHJK_01386,,
group_4892,,Transposase,JLGHJK_01385,,
group_4891,,TnpB-IS1077-like,JLGHJK_01375,,
group_4890,,Integrase catalytic domain-containing protein,JLGHJK_01374,,
group_4889,,Integrase catalytic domain-containing protein,JLGHJK_01358,,
group_4888,tnp,IS3 family IS1163 transposase ORF A,JLGHJK_01248,,
group_4887,,Transposase,JLGHJK_01247,,
group_4886,,Integrase catalytic domain-containing protein,JLGHJK_01243,,
group_4885,tnp,IS256 family IS1310 transposase,JLGHJK_01238,,
group_4884,tnp,IS982 family ISLpl4 transposase,JLGHJK_01209,,
group_4883,,Integrase catalytic domain-containing protein,JLGHJK_01162,,
group_4882,,TnpB-IS1077-like,JLGHJK_01135,,
group_4881,,TnpB-IS1077-like,JLGHJK_01068,,
group_4880,,Integrase catalytic domain-containing protein,JLGHJK_01067,,
group_4879,,Transposase IS4-like domain-containing protein,JLGHJK_00976,,
group_4878,,hypothetical protein,JLGHJK_00975,,
group_4877,tnp,IS256 family IS1310 transposase,JLGHJK_00958,,
group_4876,,TnpB-IS1077-like,JLGHJK_00920,,
group_4875,,Integrase catalytic domain-containing protein,JLGHJK_00919,,
group_4874,tnp,IS3 family IS1163 transposase ORF A,JLGHJK_00893,,
group_4873,,Transposase,JLGHJK_00892,,
group_4872,tnp,IS30 family ISLpl1 transposase,JLGHJK_00886,,
group_4871,tnp,IS30 family ISLpl1 transposase,JLGHJK_00870,,
group_4870,,Transposase,JLGHJK_00858,,
group_4869,,hypothetical protein,JLGHJK_00854,,
group_4868,tnp,IS30 family ISLpl1 transposase,JLGHJK_00835,,
group_4867,,Integrase catalytic domain-containing protein,JLGHJK_00811,,
group_4866,,Transposase,JLGHJK_00789,,
group_4865,tnp,IS30 family ISLpl1 transposase,JLGHJK_00764,,
group_4864,,Mutator family transposase,JLGHJK_00725,,
group_4863,,Mutator family transposase,JLGHJK_00724,,
group_4862,,TnpB-IS1077-like,JLGHJK_00723,,
group_4861,tnp,IS30 family ISLpl1 transposase,JLGHJK_00706,,
group_4860,tnp,IS30 family ISLpl1 transposase,JLGHJK_00590,,
group_4859,tnp,IS30 family ISLpl1 transposase,JLGHJK_00587,,
group_4858,,Mutator family transposase,JLGHJK_00533,,
group_4857,,Mutator family transposase,JLGHJK_00532,,
group_4856,,Mutator family transposase,JLGHJK_00513,,
group_4855,,Mutator family transposase,JLGHJK_00512,,
group_4854,tnp,IS30 family ISLpl1 transposase,JLGHJK_00510,,
group_4853,tnp,IS3 family IS153 transposase ORF A,JLGHJK_00494,,
group_4852,,Insertion element IS402-like domain-containing protein,JLGHJK_00451,,
group_4851,,Transposase IS4-like domain-containing protein,JLGHJK_00450,,
group_4850,,Transposase IS4-like domain-containing protein,JLGHJK_00446,,
group_4849,,Insertion element IS402-like domain-containing protein,JLGHJK_00445,,
group_4848,tnp,IS256 family IS1310 transposase,JLGHJK_00403,,
group_4847,tnp,IS256 family IS1310 transposase,JLGHJK_00389,,
group_4846,,Integrase catalytic domain-containing protein,JLGHJK_00370,,
group_4845,,Transposase,JLGHJK_00362,,
group_4844,,Integrase catalytic domain-containing protein,JLGHJK_00332,,
group_4843,,TnpB-IS1077-like,JLGHJK_00331,,
group_4842,,Transposase,JLGHJK_00292,,
group_4841,,Transposase,JLGHJK_00291,,
group_4840,tnp,IS256 family IS1310 transposase,JLGHJK_00275,,
group_4839,,Integrase catalytic domain-containing protein,JLGHJK_00184,,
group_4838,,TnpB-IS1077-like,JLGHJK_00183,,
group_4837,tnp,IS256 family IS1310 transposase,JLGHJK_00172,,
group_4836,tnp,IS256 family IS1310 transposase,JLGHJK_00156,,
group_4835,tnp,IS256 family IS1310 transposase,JLGHJK_00096,,
group_4834,,Integrase catalytic domain-containing protein,JLGHJK_00076,,
group_4833,,Integrase catalytic domain-containing protein,JLGHJK_00058,,
group_4832,,Integrase catalytic domain-containing protein,JLGHJK_00043,,
group_4831,,Mutator family transposase,JLGHJK_00030,,
group_4830,,hypothetical protein,,,PHDJFC_02355
group_4829,,hypothetical protein,,,PHDJFC_01966
group_4828,,hypothetical protein,,,PHDJFC_01280
group_4827,,hypothetical protein,,,PHDJFC_00594
group_4826,,hypothetical protein,JLGHJK_00555,,
group_4825,,hypothetical protein,,,PHDJFC_02177
group_4824,,hypothetical protein,,,PHDJFC_02133
group_4823,,hypothetical protein,,,PHDJFC_01842
group_4822,,hypothetical protein,,,PHDJFC_01143
group_4821,,hypothetical protein,,IGABOM_00254,
group_4819,,hypothetical protein,,,PHDJFC_02148
group_4818,,hypothetical protein,,,PHDJFC_01124
group_4817,,hypothetical protein,,,PHDJFC_00132
group_4816,,hypothetical protein,JLGHJK_03375,,
group_4814,,hypothetical protein,,,PHDJFC_02707
group_4812,,hypothetical protein,,,PHDJFC_01163
group_4811,,hypothetical protein,,,PHDJFC_01898
group_4810,,hypothetical protein,,,PHDJFC_01380
group_4809,,hypothetical protein,,IGABOM_00536,
group_4808,,hypothetical protein,,IGABOM_00416,
group_4806,,hypothetical protein,,,PHDJFC_01327
group_4805,,hypothetical protein,,,PHDJFC_01022
group_4804,,hypothetical protein,,,PHDJFC_00699
group_4803,,hypothetical protein,,,PHDJFC_00608
group_4802,,hypothetical protein,,IGABOM_00532,
group_4801,,hypothetical protein,JLGHJK_02944,,
group_4799,,hypothetical protein,,,PHDJFC_02662
group_4798,,hypothetical protein,,IGABOM_02109,
group_4797,,hypothetical protein,,IGABOM_01739,
group_4796,,hypothetical protein,,IGABOM_00428,
group_4793,,hypothetical protein,,IGABOM_02791,
group_4792,,hypothetical protein,,,PHDJFC_02441
group_4791,,hypothetical protein,,,PHDJFC_02408
group_4790,,hypothetical protein,,,PHDJFC_01983
group_4789,,hypothetical protein,,,PHDJFC_00622
group_4788,,hypothetical protein,,IGABOM_01503,
group_4787,,hypothetical protein,JLGHJK_00364,,
group_4786,,hypothetical protein,,,PHDJFC_00843
group_4783,,hypothetical protein,JLGHJK_01897,,
group_4782,,hypothetical protein,,,PHDJFC_02641
group_4781,,DUF4044 domain-containing protein,,,PHDJFC_02474
group_4780,,30S ribosomal protein S21,,,PHDJFC_00646
group_4779,,hypothetical protein,,,PHDJFC_00176
group_4777,,hypothetical protein,,,PHDJFC_00205
group_4776,,hypothetical protein,,IGABOM_02092,
group_4775,,hypothetical protein,,IGABOM_00504,
group_4772,,hypothetical protein,,,PHDJFC_00691
group_4771,,hypothetical protein,,,PHDJFC_00433
group_4770,,hypothetical protein,,IGABOM_02080,
group_4769,,hypothetical protein,,IGABOM_00520,
group_4768,,hypothetical protein,JLGHJK_02865,,
group_4767,,hypothetical protein,JLGHJK_01361,,
group_4763,,hypothetical protein,,,PHDJFC_02692
group_4762,,hypothetical protein,,,PHDJFC_02161
group_4761,,hypothetical protein,,,PHDJFC_01978
group_4760,,hypothetical protein,,,PHDJFC_01679
group_4759,,hypothetical protein,,IGABOM_02135,
group_4758,,hypothetical protein,,IGABOM_02072,
group_4757,,hypothetical protein,,IGABOM_00530,
group_4756,,hypothetical protein,JLGHJK_03408,,
group_4751,,hypothetical protein,JLGHJK_02081,,
group_4750,,Large ribosomal subunit protein bL34,,,PHDJFC_01476
group_4749,,hypothetical protein,,,PHDJFC_01084
group_4748,,hypothetical protein,,,PHDJFC_00295
group_4747,,hypothetical protein,,IGABOM_00516,
group_4745,,hypothetical protein,JLGHJK_00738,,
group_4743,,hypothetical protein,,,PHDJFC_02317
group_4742,,hypothetical protein,,IGABOM_01418,
group_4741,,hypothetical protein,,IGABOM_00583,
group_4739,,hypothetical protein,,,PHDJFC_02446
group_4738,,hypothetical protein,,,PHDJFC_01245
group_4737,,hypothetical protein,,,PHDJFC_00481
group_4736,,hypothetical protein,,,PHDJFC_00318
group_4734,,hypothetical protein,JLGHJK_03558,,
group_4733,,hypothetical protein,JLGHJK_02895,,
group_4732,,hypothetical protein,,,PHDJFC_01505
group_4731,,hypothetical protein,,,PHDJFC_01497
group_4730,,hypothetical protein,,IGABOM_02134,
group_4729,,hypothetical protein,JLGHJK_03370,,
group_4727,,hypothetical protein,JLGHJK_01368,,
group_4725,,hypothetical protein,,,PHDJFC_01769
group_4724,,hypothetical protein,,,PHDJFC_00118
group_4723,,hypothetical protein,,IGABOM_02684,
group_4722,,hypothetical protein,,IGABOM_01199,
group_4721,,hypothetical protein,,IGABOM_00265,
group_4720,,hypothetical protein,,IGABOM_00020,
group_4719,,hypothetical protein,JLGHJK_02492,,
group_4718,,hypothetical protein,JLGHJK_02479,,
group_4716,,D-Ala-teichoic acid biosynthesis protein,,,PHDJFC_02624
group_4715,,hypothetical protein,,,PHDJFC_01921
group_4714,,hypothetical protein,,,PHDJFC_00793
group_4713,,Large ribosomal subunit protein bL33C,,,PHDJFC_00763
group_4712,,Large ribosomal subunit protein bL33,,,PHDJFC_00324
group_4711,,hypothetical protein,,IGABOM_00541,
group_4710,,hypothetical protein,,IGABOM_00430,
group_4709,,hypothetical protein,JLGHJK_03543,,
group_4701,,hypothetical protein,,,PHDJFC_01588
group_4700,,LPXTG-motif protein cell wall anchor domain protein,,,PHDJFC_00502
group_4699,,hypothetical protein,,IGABOM_00945,
group_4698,,hypothetical protein,,IGABOM_00779,
plnR,plnR,PlnR,,IGABOM_00256,
group_4697,,Gram-positive signal peptide protein YSIRK family,JLGHJK_03427,,
group_4695,,hypothetical protein,JLGHJK_02448,,
group_4694,,hypothetical protein,,,PHDJFC_02140
group_4693,,hypothetical protein,,,PHDJFC_01586
group_4692,,hypothetical protein,,,PHDJFC_01508
group_4691,,hypothetical protein,,,PHDJFC_00892
group_4690,,hypothetical protein,JLGHJK_03430,,
group_4684,,TMhelix containing protein,,,PHDJFC_02640
group_4683,,hypothetical protein,,,PHDJFC_02509
group_4682,,hypothetical protein,,,PHDJFC_01912
group_4681,,hypothetical protein,,,PHDJFC_01600
group_4680,,Lmo0937 family membrane protein,,,PHDJFC_00471
group_4679,,hypothetical protein,,IGABOM_02035,
group_4678,,hypothetical protein,,,PHDJFC_02326
group_4677,,hypothetical protein,,,PHDJFC_01670
group_4676,,hypothetical protein,,,PHDJFC_01153
group_4675,,hypothetical protein,,,PHDJFC_01004
group_4674,,hypothetical protein,,,PHDJFC_00297
group_4673,,hypothetical protein,,,PHDJFC_00294
group_4672,,hypothetical protein,,,PHDJFC_00231
group_4670,,Prophage Lp1 protein 32,,IGABOM_02069,
group_4669,,hypothetical protein,JLGHJK_03369,,
group_4668,,hypothetical protein,JLGHJK_02485,,
group_4667,,Prophage protein,JLGHJK_02447,,
group_4665,,hypothetical protein,JLGHJK_00625,,
group_4664,,hypothetical protein,JLGHJK_00589,,
group_4663,,hypothetical protein,JLGHJK_00170,,
group_4662,,hypothetical protein,,,PHDJFC_02110
group_4661,,hypothetical protein,,,PHDJFC_01902
group_4660,,hypothetical protein,,IGABOM_02071,
group_4657,,Transposase,JLGHJK_02493,,
group_4656,,hypothetical protein,,,PHDJFC_01750
group_4655,,hypothetical protein,,,PHDJFC_01736
group_4654,,hypothetical protein,,,PHDJFC_01232
group_4653,,hypothetical protein,,IGABOM_02064,
group_4652,,hypothetical protein,,IGABOM_00261,
plnJ,plnJ,two-peptide bacteriocin plantaricin JK subunit PlnJ,,IGABOM_00259,
group_4650,,hypothetical protein,,,PHDJFC_02658
group_4649,,hypothetical protein,,,PHDJFC_02542
group_4648,,hypothetical protein,,,PHDJFC_02306
group_4647,,hypothetical protein,,,PHDJFC_02157
group_4646,,hypothetical protein,,,PHDJFC_00776
group_4645,,hypothetical protein,,IGABOM_00414,
group_4642,,hypothetical protein,JLGHJK_02472,,
group_4641,,hypothetical protein,JLGHJK_01242,,
xkdX,xkdX,XkdX family protein,,,PHDJFC_02695
group_4640,,hypothetical protein,,,PHDJFC_01945
group_4639,,hypothetical protein,,,PHDJFC_01942
group_4638,,hypothetical protein,,,PHDJFC_01701
group_4637,,hypothetical protein,,,PHDJFC_01015
group_4636,,hypothetical protein,,,PHDJFC_00625
group_4635,,hypothetical protein,,IGABOM_00498,
plnK,plnK,two-peptide bacteriocin plantaricin JK subunit PlnK,,IGABOM_00258,
group_4633,,hypothetical protein,,,PHDJFC_02708
group_4632,,hypothetical protein,,,PHDJFC_00944
group_4631,secE,Protein translocase subunit SecE,,,PHDJFC_00762
group_4630,,hypothetical protein,,,PHDJFC_00155
group_4629,,hypothetical protein,,IGABOM_02122,
group_4628,,Transposase,,IGABOM_02054,
group_4627,,Prophage P1 protein 57,,IGABOM_00562,
group_4626,,Glycyl-tRNA synthetase beta chain,,IGABOM_00412,
group_4623,,hypothetical protein,,,PHDJFC_01925
group_4622,,hypothetical protein,,,PHDJFC_01346
group_4621,,hypothetical protein,,,PHDJFC_01049
group_4620,,hypothetical protein,,,PHDJFC_00923
group_4619,,hypothetical protein,,,PHDJFC_00623
group_4618,,Helix-turn-helix domain-containing protein,,,PHDJFC_00595
group_4617,,HNH endonuclease,,IGABOM_00540,
group_4616,,hypothetical protein,JLGHJK_02383,,
group_4615,,hypothetical protein,,,PHDJFC_02711
group_4614,,hypothetical protein,,,PHDJFC_02015
group_4613,,hypothetical protein,,,PHDJFC_01948
group_4612,,DUF2273 domain-containing protein,,,PHDJFC_01837
group_4611,,hypothetical protein,,,PHDJFC_01296
group_4610,,hypothetical protein,,,PHDJFC_01274
group_4609,,Integral membrane protein,,,PHDJFC_01044
group_4608,,hypothetical protein,,,PHDJFC_00480
group_4607,,hypothetical protein,,,PHDJFC_00253
group_4606,,Sporulation protein Cse60,,IGABOM_02117,
group_4605,,hypothetical protein,,IGABOM_00533,
group_4604,,Prophage P1 protein 13,,IGABOM_00517,
group_4602,,Helix-turn-helix domain-containing protein,JLGHJK_02945,,
group_4601,,hypothetical protein,JLGHJK_02867,,
group_4600,,hypothetical protein,JLGHJK_02496,,
group_4597,,hypothetical protein,,,PHDJFC_02681
group_4596,,hypothetical protein,,,PHDJFC_02651
group_4595,,hypothetical protein,,,PHDJFC_02245
group_4594,,Small ribosomal subunit protein uS14,,,PHDJFC_02224
group_4593,,hypothetical protein,,,PHDJFC_01994
group_4592,,hypothetical protein,,,PHDJFC_00893
group_4591,,Large ribosomal subunit protein bL28,,,PHDJFC_00274
group_4590,,hypothetical protein,,IGABOM_00413,
group_4588,,hypothetical protein,JLGHJK_02481,,
group_4587,,hypothetical protein,JLGHJK_02455,,
group_4585,,hypothetical protein,JLGHJK_01727,,
group_4582,,Antitoxin,,,PHDJFC_02559
group_4581,,hypothetical protein,,,PHDJFC_02482
group_4580,,DUF3923 domain-containing protein,,,PHDJFC_02338
group_4579,,hypothetical protein,,,PHDJFC_02168
group_4578,,hypothetical protein,,,PHDJFC_01362
group_4577,,hypothetical protein,,,PHDJFC_01017
group_4576,,hypothetical protein,,,PHDJFC_00208
group_4575,,hypothetical protein,,IGABOM_02446,
plnQ,plnQ,Plantaricin biosynthesis protein PlnQ,,IGABOM_00264,
group_4574,,hypothetical protein,JLGHJK_03280,,
group_4573,,hypothetical protein,JLGHJK_02506,,
group_4571,,hypothetical protein,JLGHJK_01611,,
group_4569,,hypothetical protein,,,PHDJFC_02335
group_4568,,XRE family transcriptional regulator,,,PHDJFC_02041
group_4567,,hypothetical protein,,,PHDJFC_01702
group_4566,,Exosortase,,,PHDJFC_01597
group_4565,,hypothetical protein,,,PHDJFC_00370
group_4563,,Prophage protein,JLGHJK_02937,,
group_4560,,Aspartyl-phosphate phosphatase Spo0E family protein,,,PHDJFC_03032
group_4559,,Transposase,,,PHDJFC_02892
group_4558,,hypothetical protein,,,PHDJFC_02637
group_4557,,hypothetical protein,,,PHDJFC_02036
group_4556,,hypothetical protein,,,PHDJFC_01757
group_4555,,hypothetical protein,,,PHDJFC_01230
group_4554,,hypothetical protein,,,PHDJFC_01171
group_4553,,hypothetical protein,,,PHDJFC_00400
group_4552,,Large ribosomal subunit protein bL35,,,PHDJFC_00362
group_4551,,hypothetical protein,,,PHDJFC_00109
group_4550,,hypothetical protein,,IGABOM_02686,
group_4549,,Prophage P2a protein 10 phage transcription regulator Cro/CI family,,IGABOM_02084,
group_4548,,hypothetical protein,JLGHJK_03379,,
group_4547,,DUF1056 domain-containing protein,JLGHJK_02466,,
group_4543,,hypothetical protein,JLGHJK_01241,,
group_4540,,hypothetical protein,,,PHDJFC_03029
group_4539,,hypothetical protein,,,PHDJFC_02448
group_4538,,hypothetical protein,,,PHDJFC_02105
group_4537,,Integral membrane protein,,,PHDJFC_02088
group_4536,,hypothetical protein,,,PHDJFC_02065
group_4535,,hypothetical protein,,,PHDJFC_01122
group_4534,,Major facilitator superfamily (MFS) profile domain-containing protein,,,PHDJFC_00584
group_4533,,Prophage protein,JLGHJK_02899,,
group_4528,,hypothetical protein,,,PHDJFC_02467
group_4527,,Acetyltransferase,,,PHDJFC_02367
group_4526,,hypothetical protein,,,PHDJFC_02158
group_4525,,hypothetical protein,,,PHDJFC_01407
group_4524,,hypothetical protein,,,PHDJFC_01048
group_4523,,DUF2929 domain-containing protein,,,PHDJFC_01046
group_4522,,hypothetical protein,,,PHDJFC_00614
group_4521,,Major cold shock protein,,,PHDJFC_00579
group_4520,,hypothetical protein,,,PHDJFC_00138
group_4519,,hypothetical protein,,IGABOM_03003,
group_4518,,DUF2273 domain-containing protein,,IGABOM_00768,
group_4517,,Prophage P1 protein 12 phage transcription regulator,,IGABOM_00515,
group_4516,,hypothetical protein,,IGABOM_00260,
group_4508,,hypothetical protein,JLGHJK_00757,,
group_4506,,hypothetical protein,,,PHDJFC_02666
group_4505,,hypothetical protein,,,PHDJFC_02003
group_4504,,hypothetical protein,,,PHDJFC_01992
group_4503,,CSD domain-containing protein,,,PHDJFC_01919
group_4502,,DUF951 domain-containing protein,,,PHDJFC_01783
group_4501,,HTH cro/C1-type domain-containing protein,,,PHDJFC_01557
group_4500,,HTH cro/C1-type domain-containing protein,,,PHDJFC_00202
group_4499,,hypothetical protein,,,PHDJFC_00187
group_4498,,hypothetical protein,,,PHDJFC_00175
group_4497,,Toxin-antitoxin system antitoxin component Xre domain protein,,IGABOM_02070,
group_4496,,hypothetical protein,,IGABOM_02047,
group_4495,,hypothetical protein,,IGABOM_00409,
group_4494,,hypothetical protein,,IGABOM_00278,
group_4493,,hypothetical protein,,IGABOM_00255,
group_4489,,hypothetical protein,,,PHDJFC_02576
group_4488,,Coil containing protein,,,PHDJFC_02525
group_4487,,hypothetical protein,,,PHDJFC_02464
group_4486,,hypothetical protein,,,PHDJFC_02141
group_4485,,hypothetical protein,,,PHDJFC_01585
group_4484,,hypothetical protein,,,PHDJFC_01363
group_4483,,hypothetical protein,,,PHDJFC_01203
group_4482,,hypothetical protein,,,PHDJFC_01161
group_4481,,hypothetical protein,,,PHDJFC_01047
group_4480,,hypothetical protein,,,PHDJFC_00808
group_4479,,hypothetical protein,,,PHDJFC_00807
group_4478,,hypothetical protein,,,PHDJFC_00709
group_4477,,Major facilitator superfamily (MFS) profile domain-containing protein,,,PHDJFC_00572
group_4476,,hypothetical protein,,IGABOM_00566,
group_4475,,hypothetical protein,JLGHJK_03405,,
group_4472,,HTH cro/C1-type domain-containing protein,JLGHJK_01885,,
group_4471,,hypothetical protein,,,PHDJFC_02114
group_4470,,DUF378 domain-containing protein,,,PHDJFC_00327
group_4469,,hypothetical protein,,IGABOM_01417,
group_4468,,Antirepressor,,IGABOM_00408,
group_4467,,hypothetical protein,,IGABOM_00029,
group_4466,,Aspartyl-phosphate phosphatase Spo0E family protein,JLGHJK_03548,,
group_4465,,hypothetical protein,JLGHJK_02497,,
group_4464,,Phage protein,JLGHJK_02482,,
group_4463,,hypothetical protein,JLGHJK_02458,,
group_4462,,hypothetical protein,JLGHJK_01160,,
group_4460,,hypothetical protein,,,PHDJFC_02677
group_4459,,hypothetical protein,,,PHDJFC_02569
group_4458,,hypothetical protein,,,PHDJFC_01207
group_4457,,hypothetical protein,,,PHDJFC_00552
group_4456,,Late competence protein ComGE,,,PHDJFC_00454
group_4455,,Transposase,,IGABOM_02685,
group_4454,,hypothetical protein,JLGHJK_02863,,
group_4452,,hypothetical protein,JLGHJK_02444,,
group_4450,,hypothetical protein,,,PHDJFC_02659
group_4449,,hypothetical protein,,,PHDJFC_02643
group_4448,,hypothetical protein,,,PHDJFC_02007
group_4447,,hypothetical protein,,,PHDJFC_01891
group_4446,,Integral membrane protein,,,PHDJFC_01815
group_4445,,hypothetical protein,,,PHDJFC_00975
group_4444,,hypothetical protein,,,PHDJFC_00779
group_4443,,hypothetical protein,,,PHDJFC_00287
group_4442,,Immunity protein,,IGABOM_02654,
group_4441,,hypothetical protein,,IGABOM_02037,
group_4440,,hypothetical protein,,IGABOM_00437,
group_4439,,hypothetical protein,,IGABOM_00033,
group_4438,,hypothetical protein,JLGHJK_03551,,
group_4437,,Hypervirulence associated protein TUDOR domain-containing protein,JLGHJK_03401,,
group_4436,,HTH cro/C1-type domain-containing protein,JLGHJK_02502,,
group_4434,,hypothetical protein,JLGHJK_00853,,
group_4433,,hypothetical protein,,,PHDJFC_02895
group_4432,,DNA-directed RNA polymerase subunit epsilon,,,PHDJFC_02528
group_4431,,hypothetical protein,,,PHDJFC_02312
group_4430,,Holin,,,PHDJFC_01454
group_4429,,hypothetical protein,,,PHDJFC_01109
group_4428,,hypothetical protein,,,PHDJFC_01079
group_4427,,hypothetical protein,,,PHDJFC_00884
group_4426,,hypothetical protein,,,PHDJFC_00593
group_4425,,hypothetical protein,,IGABOM_02202,
group_4424,,hypothetical protein,JLGHJK_03400,,
group_4422,,hypothetical protein,JLGHJK_02480,,
group_4421,,hypothetical protein,JLGHJK_02478,,
group_4417,,hypothetical protein,JLGHJK_00034,,
group_4416,,DUF2187 domain-containing protein,,,PHDJFC_02434
group_4415,,Transposase,,,PHDJFC_00578
group_4414,,Helix-turn-helix transcriptional regulator,,IGABOM_00419,
group_4413,,hypothetical protein,JLGHJK_03300,,
group_4409,,hypothetical protein,JLGHJK_02582,,
group_4404,,UPF0154 protein LCA_1273,,,PHDJFC_02586
group_4403,,CSD domain-containing protein,,,PHDJFC_02495
group_4402,,hypothetical protein,,,PHDJFC_02428
group_4401,,hypothetical protein,,,PHDJFC_02016
group_4400,,hypothetical protein,,,PHDJFC_01435
group_4399,,hypothetical protein,,,PHDJFC_01082
group_4398,,Small conserved membrane protein,,,PHDJFC_00939
group_4397,,hypothetical protein,,,PHDJFC_00698
group_4396,,DUF2969 domain-containing protein,,,PHDJFC_00542
group_4395,,hypothetical protein,JLGHJK_03545,,
group_4391,,hypothetical protein,,,PHDJFC_02696
group_4390,,hypothetical protein,,,PHDJFC_02660
group_4389,,hypothetical protein,,,PHDJFC_02591
group_4388,,hypothetical protein,,,PHDJFC_02418
group_4387,yaaA,S4 domain-containing protein YaaA,,,PHDJFC_01472
group_4386,,hypothetical protein,,,PHDJFC_01406
group_4385,,hypothetical protein,,,PHDJFC_01135
ydcD,ydcD,Programmed cell death antitoxin YdcD,,,PHDJFC_00846
group_4384,,hypothetical protein,,,PHDJFC_00802
group_4383,nrdH,Glutaredoxin-like protein NrdH,,,PHDJFC_00748
copZ,copZ,Copper chaperone CopZ,,,PHDJFC_00641
group_4382,,hypothetical protein,,IGABOM_00785,
group_4380,,hypothetical protein,JLGHJK_02445,,
group_4377,,hypothetical protein,JLGHJK_00402,,
group_4375,,HTH cro/C1-type domain-containing protein,,,PHDJFC_02636
group_4374,,hypothetical protein,,,PHDJFC_01513
group_4373,,hypothetical protein,,,PHDJFC_01506
group_4372,,hypothetical protein,,,PHDJFC_00901
group_4371,,hypothetical protein,,,PHDJFC_00866
group_4370,,hypothetical protein,,,PHDJFC_00546
group_4369,,DUF910 domain-containing protein,,,PHDJFC_00321
group_4368,,hypothetical protein,,IGABOM_02678,
group_4367,,hypothetical protein,,IGABOM_02045,
group_4366,,Putative NTPase,,IGABOM_01190,
group_4365,,Rorf76 protein,,IGABOM_00529,
group_4360,,hypothetical protein,JLGHJK_01608,,
group_4358,,Transcriptional regulator,,,PHDJFC_02876
group_4357,,hypothetical protein,,,PHDJFC_02709
group_4356,,D-alanyl carrier protein,,,PHDJFC_02627
group_4355,,hypothetical protein,,,PHDJFC_02289
group_4354,,hypothetical protein,,,PHDJFC_02049
group_4353,,hypothetical protein,,,PHDJFC_01776
group_4352,,hypothetical protein,,,PHDJFC_01427
group_4351,,hypothetical protein,,,PHDJFC_01371
group_4350,,hypothetical protein,,,PHDJFC_01023
group_4349,,hypothetical protein,JLGHJK_02904,,
group_4348,,hypothetical protein,JLGHJK_02890,,
group_4347,,hypothetical protein,JLGHJK_02473,,
group_4346,,hypothetical protein,JLGHJK_01545,,
group_4342,,hypothetical protein,,,PHDJFC_02422
group_4341,,DUF1797 domain-containing protein,,,PHDJFC_02373
group_4340,,hypothetical protein,,,PHDJFC_02321
group_4339,,XRE family transcriptional regulator,,,PHDJFC_02078
group_4338,,Small conserved protein,,,PHDJFC_01758
group_4337,,hypothetical protein,,,PHDJFC_01659
group_4336,,Antitoxin,,,PHDJFC_01485
group_4335,,Small ribosomal subunit protein bS18,,,PHDJFC_01466
group_4334,,hypothetical protein,,,PHDJFC_01041
group_4333,,Veg protein,,,PHDJFC_00911
group_4332,secG,Protein-export membrane protein SecG,,,PHDJFC_00668
group_4331,,hypothetical protein,,IGABOM_02983,
group_4330,,Sodium:proton antiporter,,IGABOM_02328,
group_4329,,Prophage P1 protein 49,,IGABOM_00554,
group_4328,,hypothetical protein,,IGABOM_00514,
group_4327,,Prophage P1 protein 49,JLGHJK_02874,,
group_4322,,hypothetical protein,,,PHDJFC_02697
group_4321,,hypothetical protein,,,PHDJFC_02363
group_4320,,HTH cro/C1-type domain-containing protein,,,PHDJFC_02313
group_4319,,HTH merR-type domain-containing protein,,,PHDJFC_02174
group_4318,,hypothetical protein,,,PHDJFC_02005
group_4317,,hypothetical protein,,,PHDJFC_01927
group_4316,,Cytochrome b5 heme-binding domain-containing protein,,,PHDJFC_01920
group_4315,,hypothetical protein,,,PHDJFC_01752
group_4314,,hypothetical protein,,,PHDJFC_01134
group_4313,,hypothetical protein,,,PHDJFC_00313
group_4311,,hypothetical protein,JLGHJK_00077,,
group_4310,,Zinc-ribbon domain-containing protein,,,PHDJFC_02040
group_4309,,hypothetical protein,,,PHDJFC_00958
group_4308,,hypothetical protein,,,PHDJFC_00951
group_4307,,hypothetical protein,,,PHDJFC_00620
group_4306,,hypothetical protein,,,PHDJFC_00181
group_4305,,Prophage protein,,IGABOM_00438,
group_4304,,GlsB/YeaQ/YmgE family stress response membrane protein,JLGHJK_03426,,
group_4302,,hypothetical protein,,,PHDJFC_02400
group_4301,,YdeI/OmpD-associated family protein,,,PHDJFC_02350
group_4300,,hypothetical protein,,,PHDJFC_02119
group_4299,copG,CopG family transcriptional regulator,,,PHDJFC_01962
group_4298,,hypothetical protein,,,PHDJFC_01610
group_4297,,hypothetical protein,,,PHDJFC_01448
group_4296,,hypothetical protein,,,PHDJFC_00730
group_4295,,hypothetical protein,,,PHDJFC_00576
group_4294,,hypothetical protein,,,PHDJFC_00479
group_4293,,Exodeoxyribonuclease 7 small subunit,,,PHDJFC_00298
group_4292,,Prophage P1 protein 9 phage transcription regulator Cro/CI family,,IGABOM_00512,
group_4291,,Mobile element protein,JLGHJK_03555,,
group_4289,,Molybdopterin synthase sulfur carrier subunit,JLGHJK_01857,,
group_4283,,hypothetical protein,,,PHDJFC_02649
group_4282,,UPF0291 protein PEPE_0871,,,PHDJFC_02585
group_4281,,hypothetical protein,,,PHDJFC_02244
group_4280,,hypothetical protein,,,PHDJFC_01972
group_4279,,hypothetical protein,,,PHDJFC_01602
group_4278,,hypothetical protein,,,PHDJFC_01369
group_4277,,hypothetical protein,,,PHDJFC_01325
group_4276,,hypothetical protein,,,PHDJFC_01092
group_4275,,hypothetical protein,,,PHDJFC_00801
group_4274,,hypothetical protein,,,PHDJFC_00677
group_4273,,Acyl carrier protein,,,PHDJFC_00249
group_4272,,hypothetical protein,,IGABOM_01193,
group_4271,,hypothetical protein,JLGHJK_03542,,
group_4269,,hypothetical protein,,,PHDJFC_03027
group_4268,,hypothetical protein,,,PHDJFC_02704
group_4267,,hypothetical protein,,,PHDJFC_02419
group_4266,,Phage protein,,,PHDJFC_01807
group_4265,,GlsB/YeaQ/YmgE family stress response membrane protein,,,PHDJFC_01592
group_4264,,hypothetical protein,,,PHDJFC_01200
group_4263,,hypothetical protein,,,PHDJFC_01069
group_4262,,Large ribosomal subunit protein bL31B,,,PHDJFC_00865
group_4261,,DUF2508 domain-containing protein,,,PHDJFC_00741
group_4260,,hypothetical protein,,,PHDJFC_00377
group_4259,,Acyl carrier protein,,,PHDJFC_00268
group_4258,,hypothetical protein,,,PHDJFC_00193
group_4257,,hypothetical protein,,,PHDJFC_00182
group_4256,,hypothetical protein,,IGABOM_01732,
group_4255,,Phosphopantetheine adenylyltransferase,,IGABOM_00439,
group_4254,,hypothetical protein,,IGABOM_00427,
group_4253,,hypothetical protein,JLGHJK_03409,,
group_4251,merR,Transcriptional regulator MerR family,JLGHJK_03035,,
group_4249,,Bacteriocin immunity protein,JLGHJK_02499,,
group_4244,,Small ribosomal subunit protein bS20,,,PHDJFC_02550
group_4243,,hypothetical protein,,,PHDJFC_01182
group_4242,,hypothetical protein,,,PHDJFC_00619
tfoX,tfoX,TfoX C-terminal domain-containing protein,,IGABOM_02597,
group_4241,,Transposase,,IGABOM_00784,
group_4240,,helix-turn-helix domain-containing protein,JLGHJK_02913,,
group_4238,,hypothetical protein,JLGHJK_02494,,
group_4236,,hypothetical protein,JLGHJK_01346,,
group_4235,,GlsB/YeaQ/YmgE family stress response membrane protein,,,PHDJFC_02700
group_4234,,hypothetical protein,,,PHDJFC_02019
group_4233,,GlsB/YeaQ/YmgE family stress response membrane protein,,,PHDJFC_01835
group_4232,,DUF2187 domain-containing protein,,,PHDJFC_01767
group_4231,,hypothetical protein,,,PHDJFC_01457
group_4230,,Phage protein,,,PHDJFC_00936
group_4229,,Mor transcription activator domain-containing protein,,,PHDJFC_00190
group_4228,,hypothetical protein,,IGABOM_02059,
group_4227,,hypothetical protein,,IGABOM_01194,
group_4226,,hypothetical protein,,IGABOM_00783,
group_4225,,hypothetical protein,,IGABOM_00522,
group_4224,,hypothetical protein,,IGABOM_00445,
group_4221,,Integrase catalytic domain-containing protein,JLGHJK_00171,,
group_4219,,hypothetical protein,,,PHDJFC_02548
group_4218,,hypothetical protein,,,PHDJFC_01808
group_4217,,hypothetical protein,,,PHDJFC_01601
group_4216,,hypothetical protein,,,PHDJFC_00917
group_4215,,hypothetical protein,,,PHDJFC_00624
khpA,khpA,RNA-binding protein KhpA,,,PHDJFC_00257
group_4214,,Mor transcription activator domain-containing protein,,,PHDJFC_00192
hxlR,hxlR,HTH-type transcriptional activator HxlR,,IGABOM_02669,
group_4213,,Prophage protein,JLGHJK_02495,,
group_4211,,hypothetical protein,JLGHJK_01870,,
group_4210,,hypothetical protein,JLGHJK_01376,,
group_4208,,SpoVT-AbrB domain-containing protein,,,PHDJFC_02894
group_4207,,hypothetical protein,,,PHDJFC_02639
group_4206,,hypothetical protein,,,PHDJFC_02578
group_4205,,hypothetical protein,,,PHDJFC_02417
group_4204,,hypothetical protein,,,PHDJFC_02253
group_4203,,hypothetical protein,,,PHDJFC_02002
group_4202,,hypothetical protein,,,PHDJFC_01487
group_4201,,hypothetical protein,,,PHDJFC_01366
group_4200,,hypothetical protein,,,PHDJFC_01208
group_4199,,Metal-sensitive transcriptional regulator,,,PHDJFC_01063
group_4198,,hypothetical protein,,,PHDJFC_00954
group_4197,,hypothetical protein,,,PHDJFC_00876
group_4196,,hypothetical protein,,,PHDJFC_00236
group_4195,,hypothetical protein,,,PHDJFC_00224
group_4194,,hypothetical protein,,,PHDJFC_00163
group_4193,,hypothetical protein,,IGABOM_02063,
group_4192,,Integral membrane protein,,IGABOM_00242,
group_4191,,Holin,JLGHJK_02860,,
group_4190,,Holin,JLGHJK_02442,,
group_4189,,putative transposase for insertion-like sequence element IS1161,JLGHJK_02154,,
group_4188,,hypothetical protein,JLGHJK_01818,,
group_4187,,Phosphocarrier protein HPr,,,PHDJFC_02368
group_4186,eutN,Ethanolamine utilization protein EutN,,,PHDJFC_01877
group_4185,,hypothetical protein,,,PHDJFC_01865
group_4184,,hypothetical protein,,,PHDJFC_01770
csbD,csbD,CsbD family protein,,,PHDJFC_01593
group_4183,,hypothetical protein,,,PHDJFC_01365
group_4182,,hypothetical protein,,IGABOM_01416,
group_4181,,hypothetical protein,JLGHJK_02934,,
group_4177,,hypothetical protein,,,PHDJFC_02668
group_4176,,GIY-YIG domain-containing protein,,,PHDJFC_02593
group_4175,,hypothetical protein,,,PHDJFC_02551
group_4174,,hypothetical protein,,,PHDJFC_01975
group_4173,,hypothetical protein,,,PHDJFC_01731
group_4172,,hypothetical protein,,,PHDJFC_01641
group_4171,,hypothetical protein,,,PHDJFC_01522
group_4170,,hypothetical protein,,,PHDJFC_01450
group_4169,,Small ribosomal subunit protein uS14A,,,PHDJFC_01033
group_4168,,hypothetical protein,,,PHDJFC_00483
group_4165,,hypothetical protein,JLGHJK_02151,,
group_4162,,hypothetical protein,,,PHDJFC_02900
eutN,eutN,Ethanolamine utilization protein EutN,,,PHDJFC_02300
group_4161,,hypothetical protein,,,PHDJFC_02068
group_4160,,hypothetical protein,,,PHDJFC_01030
group_4159,,RNA-binding S4 domain-containing protein,,,PHDJFC_00835
group_4158,,UPF0297 protein EF_1202,,,PHDJFC_00486
group_4157,,hypothetical protein,,,PHDJFC_00340
group_4156,,hypothetical protein,,,PHDJFC_00204
group_4154,,DNA-binding protein,,IGABOM_00410,
group_4153,,hypothetical protein,,IGABOM_00024,
group_4145,,Integral membrane protein,,,PHDJFC_02610
group_4144,,hypothetical protein,,,PHDJFC_02563
group_4143,,hypothetical protein,,,PHDJFC_02075
group_4142,,hypothetical protein,,,PHDJFC_01963
group_4141,,Phage protein,,,PHDJFC_01077
group_4140,,hypothetical protein,,,PHDJFC_01024
group_4139,,Small ribosomal subunit protein bS16,,,PHDJFC_00258
group_4138,,hypothetical protein,,IGABOM_02667,
group_4137,,hypothetical protein,,IGABOM_01731,
group_4136,,PTS Asc IIB,,IGABOM_00585,
group_4135,,hypothetical protein,,IGABOM_00457,
group_4134,,Integral membrane protein,,IGABOM_00246,
group_4133,,hypothetical protein,,IGABOM_00031,
group_4132,,hypothetical protein,JLGHJK_03246,,
group_4130,,hypothetical protein,JLGHJK_00933,,
group_4129,,hypothetical protein,JLGHJK_00173,,
group_4128,,Major facilitator superfamily (MFS) profile domain-containing protein,,,PHDJFC_02406
group_4127,pduJ,Bacterial microcompartment shell protein PduJ,,,PHDJFC_02285
group_4126,,hypothetical protein,,,PHDJFC_02113
group_4125,,hypothetical protein,,,PHDJFC_02096
group_4124,,hypothetical protein,,,PHDJFC_01295
group_4123,,hypothetical protein,,,PHDJFC_00965
group_4122,,hypothetical protein,,,PHDJFC_00239
group_4121,,Integral membrane protein,,IGABOM_00243,
group_4120,,DUF3847 domain-containing protein,,IGABOM_00028,
group_4119,,DUF3847 domain-containing protein,JLGHJK_03547,,
group_4117,,BRCT domain-containing protein,JLGHJK_03422,,
group_4112,,DUF3847 domain-containing protein,,,PHDJFC_03031
group_4111,,Integrase catalytic domain-containing protein,,,PHDJFC_03017
group_4110,,DNA-damage-inducible protein,,,PHDJFC_02901
group_4109,,hypothetical protein,,,PHDJFC_02536
group_4108,,hypothetical protein,,,PHDJFC_02143
group_4107,,hypothetical protein,,,PHDJFC_01794
group_4106,,hypothetical protein,,IGABOM_00411,
group_4105,,DNA-damage-inducible protein,,IGABOM_00026,
group_4104,,DNA-damage-inducible protein,JLGHJK_03420,,
group_4102,,hypothetical protein,,,PHDJFC_02675
group_4101,,Cell division membrane protein,,,PHDJFC_02491
group_4100,,hypothetical protein,,,PHDJFC_01949
group_4099,,ATP-cone domain-containing protein,,,PHDJFC_01696
group_4098,,hypothetical protein,,,PHDJFC_01240
group_4097,,Co-chaperonin GroES,,,PHDJFC_00726
group_4096,,hypothetical protein,,,PHDJFC_00311
group_4095,,hypothetical protein,,IGABOM_02622,
group_4094,,Lysis protein,,IGABOM_00458,
group_4091,,Transposase IS30-like HTH domain-containing protein,JLGHJK_02076,,
group_4089,,UPF0298 protein LVIS_1401,,,PHDJFC_02540
group_4088,,hypothetical protein,,,PHDJFC_02461
group_4087,,hypothetical protein,,,PHDJFC_02247
group_4086,,hypothetical protein,,,PHDJFC_01635
group_4085,,DUF3784 domain-containing protein,,,PHDJFC_00533
group_4084,,Prophage Lp1 protein 21,,IGABOM_00525,
group_4083,,DNA-binding protein,,IGABOM_00519,
group_4082,,P27 family phage terminase small subunit,,IGABOM_00440,
group_4076,,hypothetical protein,,,PHDJFC_02515
group_4075,,hypothetical protein,,,PHDJFC_02314
pduJ,pduJ,Bacterial microcompartment shell protein PduJ,,,PHDJFC_02297
group_4074,,hypothetical protein,,,PHDJFC_01907
group_4073,,hypothetical protein,,,PHDJFC_01754
group_4072,tnp,IS3 family IS1163 transposase ORF A,JLGHJK_03559,,
group_4069,,Plasmid maintenance system killer family protein,JLGHJK_00896,,
group_4068,,hypothetical protein,JLGHJK_00759,,
group_4067,,hypothetical protein,,,PHDJFC_02642
group_4066,,Heavy metal-binding domain-containing protein,,,PHDJFC_02411
group_4065,,hypothetical protein,,,PHDJFC_02307
group_4064,,hypothetical protein,,,PHDJFC_01823
group_4063,,hypothetical protein,,,PHDJFC_01560
group_4062,,hypothetical protein,,,PHDJFC_01101
group_4061,,Citrate lyase acyl carrier protein,,,PHDJFC_00982
group_4060,,Phage protein,,,PHDJFC_00589
group_4059,,hypothetical protein,,,PHDJFC_00259
group_4058,,hypothetical protein,,,PHDJFC_00171
group_4057,,hypothetical protein,JLGHJK_02862,,
group_4056,,hypothetical protein,JLGHJK_01759,,
higA,higA,Addiction module antidote protein HigA family,JLGHJK_00897,,
group_4054,,hypothetical protein,,,PHDJFC_02667
ylxR,ylxR,YlxR domain-containing protein,,,PHDJFC_02613
group_4053,,hypothetical protein,,,PHDJFC_02523
group_4052,,hypothetical protein,,,PHDJFC_02497
group_4051,,hypothetical protein,,,PHDJFC_01587
group_4050,,Small ribosomal subunit protein bS6,,,PHDJFC_01468
group_4049,,Extracellular protein,,,PHDJFC_01088
group_4048,,hypothetical protein,,,PHDJFC_00858
group_4047,arsR,Transcription regulator ArsR family,,,PHDJFC_00729
group_4046,,HTH arsR-type domain-containing protein,,,PHDJFC_00470
group_4045,,PTS system galactitol-specific EIIB component,,IGABOM_02995,
group_4044,,PTS EIIB type-2 domain-containing protein,,IGABOM_02989,
group_4043,,Holin,,IGABOM_02040,
group_4042,,HTH arsR-type domain-containing protein,,IGABOM_01473,
group_4041,,Holin,,IGABOM_00564,
group_4040,,hypothetical protein,JLGHJK_03396,,
group_4037,,hypothetical protein,JLGHJK_02453,,
group_4036,,hypothetical protein,JLGHJK_02441,,
group_4035,mazG,MazG nucleotide pyrophosphohydrolase domain protein,,,PHDJFC_02558
group_4034,,hypothetical protein,,,PHDJFC_02478
group_4033,,hypothetical protein,,,PHDJFC_01866
group_4032,,Putative membrane protein insertion efficiency factor,,,PHDJFC_00543
group_4031,,Large ribosomal subunit protein bL27,,,PHDJFC_00305
group_4030,,Insertion element IS150 protein InsJ-like helix-turn-helix domain-containing protein,,IGABOM_00782,
group_4029,,hypothetical protein,JLGHJK_03399,,
group_4023,,Phosphotransferase system protein,JLGHJK_00174,,
group_4022,,Ribosomal protein eL8/eL30/eS12/Gadd45 domain-containing protein,,,PHDJFC_02614
group_4021,,hypothetical protein,,,PHDJFC_01997
group_4020,,hypothetical protein,,,PHDJFC_01946
group_4019,,hypothetical protein,,,PHDJFC_01774
group_4018,,hypothetical protein,,,PHDJFC_01116
group_4017,,Lipoyl-binding domain-containing protein,,,PHDJFC_00540
group_4016,,hypothetical protein,,,PHDJFC_00215
group_4015,,PTS EIIB type-2 domain-containing protein,,IGABOM_02663,
group_4014,,hypothetical protein,JLGHJK_03382,,
group_4012,,DUF4282 domain-containing protein,JLGHJK_02474,,
group_4009,,hypothetical protein,,,PHDJFC_01500
group_4008,,hypothetical protein,,,PHDJFC_01090
group_4007,,hypothetical protein,,,PHDJFC_00786
group_4006,,hypothetical protein,,IGABOM_03112,
group_4005,,Prophage protein,,IGABOM_02105,
group_4004,,GBSi1 group II intron maturase family protein,,IGABOM_01195,
group_3999,,Phage protein,,,PHDJFC_00639
group_3998,,CRM domain-containing protein,,,PHDJFC_00358
group_3997,,Iron-sulfur cluster biosynthesis protein,,,PHDJFC_00330
group_3996,,Large ribosomal subunit protein bL21,,,PHDJFC_00307
group_3995,,Replication protein,,IGABOM_00025,
group_3994,,Replication protein,JLGHJK_03421,,
group_3991,,Prophage protein,JLGHJK_01866,,
group_3986,,hypothetical protein,,,PHDJFC_02308
group_3985,,Aspartyl/glutamyl-tRNA(Asn/Gln) amidotransferase subunit C,,,PHDJFC_02277
group_3984,,hypothetical protein,,,PHDJFC_01911
group_3983,,hypothetical protein,,,PHDJFC_01503
group_3982,,UPF0473 protein LSL_1108,,,PHDJFC_00484
group_3981,,Competence protein ComGC,,,PHDJFC_00456
group_3979,,Prophage P2a protein 27,,IGABOM_00433,
group_3977,,DUF5405 domain-containing protein,JLGHJK_02900,,
group_3973,,hypothetical protein,,,PHDJFC_02250
gdnD,gdnD,putative guanidinium efflux system subunit GdnD,,,PHDJFC_01662
group_3972,,hypothetical protein,,,PHDJFC_01413
group_3971,,hypothetical protein,,,PHDJFC_01364
group_3970,,hypothetical protein,,,PHDJFC_00963
group_3969,,hypothetical protein,,,PHDJFC_00237
group_3968,,hypothetical protein,,,PHDJFC_00230
group_3967,,L-rhamnose mutarotase,,IGABOM_03029,
group_3966,,SMR family multidrug resistance protein,,IGABOM_00767,
group_3965,,Prophage P1 protein 10,,IGABOM_00513,
group_3964,,Prophage protein,,IGABOM_00450,
trbC,trbC,Conjugal transfer protein TrbC,JLGHJK_03376,,
group_3963,,Prophage protein,JLGHJK_02508,,
group_3961,,hypothetical protein,JLGHJK_01877,,
group_3960,,hypothetical protein,JLGHJK_01341,,
group_3957,,Glycine cleavage system H protein (Lipoate-binding),,,PHDJFC_02159
group_3956,,hypothetical protein,,,PHDJFC_01922
group_3955,padR,Transcription regulator PadR N-terminal domain-containing protein,,,PHDJFC_01188
group_3954,,hypothetical protein,,,PHDJFC_01186
group_3953,,hypothetical protein,,,PHDJFC_01018
group_3952,,hypothetical protein,,,PHDJFC_00990
group_3951,,Thioredoxin,,,PHDJFC_00477
group_3950,,hypothetical protein,,,PHDJFC_00275
group_3949,,hypothetical protein,,IGABOM_00807,
group_3948,,hypothetical protein,,IGABOM_00415,
group_3943,,Prophage P2a protein 27,JLGHJK_02896,,
group_3942,,hypothetical protein,JLGHJK_02457,,
group_3941,,hypothetical protein,JLGHJK_00834,,
group_3940,,hypothetical protein,,,PHDJFC_01917
group_3939,,4-carboxymuconolactone decarboxylase,,,PHDJFC_01887
group_3938,,PTS EIIB type-3 domain-containing protein,,,PHDJFC_00820
group_3937,,hypothetical protein,,,PHDJFC_00743
group_3936,,hypothetical protein,,,PHDJFC_00678
group_3935,,hypothetical protein,,,PHDJFC_00394
group_3934,,Biotin carboxylase,,,PHDJFC_00243
group_3933,,NTP pyrophosphohydrolase MazG-like domain-containing protein,,,PHDJFC_00234
group_3932,,hypothetical protein,,IGABOM_02814,
group_3931,,hypothetical protein,,IGABOM_02743,
group_3930,,hypothetical protein,,IGABOM_01001,
group_3929,,hypothetical protein,,IGABOM_00561,
group_3923,,hypothetical protein,JLGHJK_01240,,
group_3921,,UPF0145 protein,,,PHDJFC_02393
group_3920,,hypothetical protein,,,PHDJFC_02246
group_3919,,DUF1722 domain-containing protein,,,PHDJFC_02028
group_3918,,hypothetical protein,,,PHDJFC_01496
group_3917,,hypothetical protein,,,PHDJFC_01288
group_3916,,Integral membrane protein,,,PHDJFC_00928
group_3915,,hypothetical protein,,,PHDJFC_00723
group_3914,,hypothetical protein,,,PHDJFC_00350
group_3913,,YolD-like protein,,,PHDJFC_00289
group_3912,,hypothetical protein,JLGHJK_02886,,
group_3910,,hypothetical protein,JLGHJK_01239,,
group_3909,,hypothetical protein,JLGHJK_01161,,
group_3906,,hypothetical protein,,,PHDJFC_02348
group_3905,,Peptidase M20 dimerisation domain-containing protein,,,PHDJFC_01713
group_3904,,Thioredoxin,,,PHDJFC_01064
group_3903,,ABC transmembrane type-1 domain-containing protein,,,PHDJFC_00919
group_3902,,PepSY domain-containing protein,,,PHDJFC_00385
group_3901,,hypothetical protein,,,PHDJFC_00156
group_3900,,hypothetical protein,,IGABOM_02670,
group_3894,,hypothetical protein,JLGHJK_00588,,
copG,copG,CopG family transcriptional regulator,,,PHDJFC_02898
group_3892,,Acetoin reductase,,,PHDJFC_02080
group_3891,luxR,LuxR family transcriptional regulator,,,PHDJFC_02052
group_3890,,hypothetical protein,,,PHDJFC_01940
group_3889,,Membrane transporter,,,PHDJFC_01663
group_3888,,hypothetical protein,,,PHDJFC_01479
group_3887,,Arc-like DNA binding domain-containing protein,,,PHDJFC_01403
group_3886,,hypothetical protein,,,PHDJFC_01273
group_3885,,Nitrogen regulatory protein P-II,,,PHDJFC_00739
group_3884,,hypothetical protein,,,PHDJFC_00568
group_3883,,hypothetical protein,,IGABOM_00431,
thsB,thsB,Thoeris protein ThsB TIR-like domain-containing protein,,,PHDJFC_02573
group_3878,,Branched-chain amino acid transport,,,PHDJFC_02172
group_3877,,hypothetical protein,,,PHDJFC_01426
group_3876,,hypothetical protein,,,PHDJFC_01417
group_3875,,hypothetical protein,,,PHDJFC_01209
group_3874,,Thiol-disulfide isomerase and thioredoxin,,,PHDJFC_00384
group_3873,,hypothetical protein,,,PHDJFC_00216
group_3872,,hypothetical protein,,,PHDJFC_00117
group_3871,,DNA-packaging protein,,IGABOM_02053,
group_3870,,hypothetical protein,,IGABOM_00500,
group_3869,,Phage gp6-like head-tail connector protein,JLGHJK_02462,,
group_3867,,hypothetical protein,JLGHJK_01863,,
group_3864,,hypothetical protein,,,PHDJFC_02442
group_3863,,hypothetical protein,,,PHDJFC_01930
group_3862,,Alkyl hydroperoxide reductase C,,,PHDJFC_01372
group_3861,,hypothetical protein,,,PHDJFC_00529
group_3860,,hypothetical protein,,,PHDJFC_00348
group_3859,,hypothetical protein,,,PHDJFC_00211
group_3858,,DUF2975 domain-containing protein,,,PHDJFC_00203
group_3857,,VRR-NUC domain-containing protein,,IGABOM_00426,
group_3856,,hypothetical protein,JLGHJK_03564,,
group_3854,,hypothetical protein,JLGHJK_02143,,
group_3849,,HTH arsR-type domain-containing protein,,,PHDJFC_01955
group_3848,,hypothetical protein,,,PHDJFC_01596
group_3847,,hypothetical protein,,,PHDJFC_01287
group_3846,,HTH arsR-type domain-containing protein,,,PHDJFC_00995
group_3845,,Mobile element protein,,,PHDJFC_00569
group_3844,,Ribosomal processing cysteine protease Prp,,,PHDJFC_00306
group_3843,,12-phenylacetyl-CoA epoxidase subunit D,,IGABOM_01244,
group_3839,,12-phenylacetyl-CoA epoxidase subunit D,JLGHJK_01861,,
group_3835,,Cysteine desulfurase,,,PHDJFC_02500
group_3834,,DUF3953 domain-containing protein,,,PHDJFC_02430
group_3833,,hypothetical protein,,,PHDJFC_02167
group_3832,,Acetyltransferase,,,PHDJFC_00774
group_3831,,hypothetical protein,,,PHDJFC_00737
group_3830,,hypothetical protein,,,PHDJFC_00326
group_3829,,UPF0122 protein LSEI_1603,,,PHDJFC_00264
group_3827,,hypothetical protein,,IGABOM_02613,
group_3826,yopX,YopX protein domain-containing protein,,IGABOM_00432,
group_3825,,hypothetical protein,JLGHJK_03413,,
group_3820,,Mobile element protein,JLGHJK_02072,,
group_3817,,hypothetical protein,,,PHDJFC_02881
group_3816,,UPF0342 protein LVIS_1488,,,PHDJFC_02439
group_3815,,hypothetical protein,,,PHDJFC_02039
group_3814,,hypothetical protein,,,PHDJFC_01939
group_3813,,YdhG-like domain-containing protein,,,PHDJFC_01860
group_3812,,hypothetical protein,,,PHDJFC_01737
group_3811,,Putative phage head-tail adaptor,,,PHDJFC_00588
group_3810,,hypothetical protein,,,PHDJFC_00449
group_3809,,hypothetical protein,,,PHDJFC_00129
group_3808,merR,Transcriptional regulator MerR family,,IGABOM_02448,
group_3807,,hypothetical protein,,IGABOM_00179,
group_3803,,hypothetical protein,JLGHJK_01134,,
group_3801,,hypothetical protein,,,PHDJFC_02887
group_3800,,hypothetical protein,,,PHDJFC_02608
group_3799,,Integral membrane protein,,,PHDJFC_02060
group_3798,,Branched-chain amino acid transport protein,,,PHDJFC_01798
group_3797,,hypothetical protein,,,PHDJFC_01632
group_3796,,hypothetical protein,,,PHDJFC_01370
group_3795,,Lj965 prophage protein,,IGABOM_02052,
group_3794,yopX,YopX protein domain-containing protein,,IGABOM_00534,
group_3793,,HTH arsR-type domain-containing protein,,IGABOM_00037,
group_3789,,Phage head closure protein,JLGHJK_02461,,
group_3786,,Cyanophage baseplate Pam3 plug gp18 domain-containing protein,,,PHDJFC_02685
group_3785,,DUF4054 domain-containing protein,,,PHDJFC_02673
group_3784,,Ribosome-binding factor A,,,PHDJFC_02616
group_3783,,hypothetical protein,,,PHDJFC_02339
group_3782,,hypothetical protein,,,PHDJFC_02249
group_3781,,DNA-packaging protein,,,PHDJFC_02004
group_3780,,hypothetical protein,,,PHDJFC_01326
group_3779,,hypothetical protein,,,PHDJFC_00712
group_3778,,hypothetical protein,,,PHDJFC_00581
group_3777,,hypothetical protein,,,PHDJFC_00436
group_3776,,Integral membrane protein,,,PHDJFC_00136
group_3775,,hypothetical protein,,IGABOM_02056,
group_3774,,DUF5388 domain-containing protein,JLGHJK_03424,,
group_3769,,hypothetical protein,,,PHDJFC_02604
group_3768,,DUF3397 domain-containing protein,,,PHDJFC_02475
group_3767,,Propanediol dehydratase,,,PHDJFC_02294
group_3766,,hypothetical protein,,,PHDJFC_01196
group_3765,,MmcQ/YjbR family DNA-binding protein,,,PHDJFC_00228
group_3764,,FeS cluster biogenesis domain-containing protein,,,PHDJFC_00184
gpsB,gpsB,Cell cycle protein GpsB,,,PHDJFC_00143
group_3760,,hypothetical protein,,,PHDJFC_02462
group_3759,,hypothetical protein,,,PHDJFC_02460
group_3758,,hypothetical protein,,,PHDJFC_01928
group_3757,,Ribonuclease P protein component,,,PHDJFC_01477
group_3756,,Phage protein,,,PHDJFC_01342
group_3755,fluC,Fluoride-specific ion channel FluC,,,PHDJFC_01061
group_3754,rsfS,Ribosomal silencing factor RsfS,,,PHDJFC_00355
group_3753,,Large ribosomal subunit protein bL19,,,PHDJFC_00254
group_3747,,hypothetical protein,,,PHDJFC_02687
group_3746,,hypothetical protein,,,PHDJFC_02425
group_3745,,hypothetical protein,,,PHDJFC_01474
group_3744,,DUF3899 domain-containing protein,,,PHDJFC_00888
group_3743,,hypothetical protein,,,PHDJFC_00794
group_3742,,Large ribosomal subunit protein bL20,,,PHDJFC_00361
group_3741,,hypothetical protein,,IGABOM_00565,
group_3740,,Transposase,JLGHJK_02382,,
group_3738,,hypothetical protein,JLGHJK_01860,,
group_3735,,hypothetical protein,,,PHDJFC_02463
group_3734,,hypothetical protein,,,PHDJFC_02396
group_3733,,DUF4828 domain-containing protein,,,PHDJFC_02333
group_3732,,Pyrimidine dimer DNA glycosylase,,,PHDJFC_02027
group_3731,,hypothetical protein,,,PHDJFC_01938
group_3730,,HTH hxlR-type domain-containing protein,,,PHDJFC_01840
group_3729,,hypothetical protein,,,PHDJFC_01740
group_3728,,HTH hxlR-type domain-containing protein,,,PHDJFC_01007
group_3727,,hypothetical protein,,,PHDJFC_00466
group_3726,,Uncharacterized protein Spy1614,,,PHDJFC_00273
group_3725,,Rhodanese domain-containing protein,,,PHDJFC_00148
group_3724,,HTH hxlR-type domain-containing protein,,IGABOM_02611,
group_3723,,HTH cro/C1-type domain-containing protein,,IGABOM_02085,
group_3722,,HTH cro/C1-type domain-containing protein,,IGABOM_00511,
group_3721,,Integral membrane protein,,IGABOM_00403,
group_3718,,hypothetical protein,JLGHJK_01366,,
group_3715,,hypothetical protein,,,PHDJFC_02310
group_3714,,Integral membrane protein,,,PHDJFC_02043
group_3713,,Aromatic compounds catabolism protein,,,PHDJFC_01399
group_3712,,hypothetical protein,,,PHDJFC_00629
group_3711,,hypothetical protein,,,PHDJFC_00458
group_3710,,HTH hxlR-type domain-containing protein,,IGABOM_02623,
group_3709,,Prophage protein,,IGABOM_02050,
group_3708,,Prophage protein,,IGABOM_00548,
group_3707,,Prophage protein,JLGHJK_02880,,
group_3702,,HTH cro/C1-type domain-containing protein,,,PHDJFC_02634
group_3701,,hypothetical protein,,,PHDJFC_01541
group_3700,,HTH marR-type domain-containing protein,,,PHDJFC_00955
group_3699,,Holo-[acyl-carrier-protein] synthase,,,PHDJFC_00848
group_3698,,Large ribosomal subunit protein bL12,,,PHDJFC_00757
group_3697,,hypothetical protein,,,PHDJFC_00212
group_3696,,hypothetical protein,,IGABOM_01317,
group_3695,,Phage transcription regulator Cro/CI family,,IGABOM_00788,
group_3694,,Integral membrane protein,,IGABOM_00787,
group_3693,,Prophage P1 protein 27,,IGABOM_00531,
group_3692,,Integral membrane protein,,IGABOM_00509,
group_3691,,Transcriptional regulator,,IGABOM_00022,
group_3690,,hypothetical protein,JLGHJK_02859,,
group_3685,,hypothetical protein,JLGHJK_00449,,
group_3683,,hypothetical protein,,,PHDJFC_01144
group_3682,,HTH gntR-type domain-containing protein,,,PHDJFC_01001
group_3681,,hypothetical protein,,,PHDJFC_00780
group_3680,,hypothetical protein,,,PHDJFC_00697
group_3679,,Integral membrane protein,,,PHDJFC_00621
group_3678,,hypothetical protein,,,PHDJFC_00113
group_3677,yxeA,YxeA family protein,,IGABOM_02659,
group_3676,,hypothetical protein,,IGABOM_01196,
group_3674,,hypothetical protein,JLGHJK_01245,,
group_3670,,hypothetical protein,JLGHJK_00333,,
group_3669,,Lipoprotein,,,PHDJFC_02961
group_3668,,Glycine cleavage system H protein (Lipoate-binding),,,PHDJFC_01909
group_3667,,HTH gntR-type domain-containing protein,,,PHDJFC_01851
group_3666,,hypothetical protein,,,PHDJFC_01831
group_3665,,Antitoxin,,,PHDJFC_01531
group_3664,,YdhG-like domain-containing protein,,,PHDJFC_01257
group_3663,gntR,Transcriptional regulator GntR family,,,PHDJFC_00970
group_3662,,HTH hxlR-type domain-containing protein,,,PHDJFC_00337
group_3661,,hypothetical protein,,IGABOM_02039,
group_3660,,Prophage protein,,IGABOM_00549,
group_3659,,Prophage protein,JLGHJK_02879,,
group_3658,,Tail protein,JLGHJK_02456,,
group_3657,,hypothetical protein,JLGHJK_01883,,
group_3654,,hypothetical protein,,,PHDJFC_01705
group_3653,,hypothetical protein,,,PHDJFC_01383
group_3652,,hypothetical protein,,,PHDJFC_01156
group_3651,,Integral membrane protein,,,PHDJFC_01052
group_3650,,hypothetical protein,,,PHDJFC_00787
group_3649,,hypothetical protein,,,PHDJFC_00703
group_3648,,hypothetical protein,,,PHDJFC_00221
group_3647,,Sorbitol PTS EIIA,,IGABOM_03035,
group_3646,,DUF4440 domain-containing protein,,IGABOM_02682,
group_3645,,HTH cro/C1-type domain-containing protein,,IGABOM_00407,
group_3642,,Integrase catalytic domain-containing protein,JLGHJK_01610,,
group_3641,,hypothetical protein,,,PHDJFC_02081
group_3640,,Transcriptional regulator,,,PHDJFC_01766
group_3639,,hypothetical protein,,,PHDJFC_01012
group_3638,,mRNA interferase,,,PHDJFC_00845
group_3637,,Prophage protein,,,PHDJFC_00580
group_3636,,hypothetical protein,,,PHDJFC_00490
group_3635,,HTH merR-type domain-containing protein,,,PHDJFC_00225
group_3634,,HIT family protein,,,PHDJFC_00140
group_3633,,HTH merR-type domain-containing protein,,IGABOM_02640,
group_3632,,Prophage protein,,IGABOM_00521,
group_3631,,Integral membrane protein,,IGABOM_00456,
group_3630,,hypothetical protein,JLGHJK_02868,,
group_3629,,DUF806 domain-containing protein,JLGHJK_02459,,
group_3625,,VOC domain-containing protein,,,PHDJFC_02098
group_3624,,hypothetical protein,,,PHDJFC_01085
group_3623,,Transcriptional regulator,,,PHDJFC_01028
group_3622,,hypothetical protein,,,PHDJFC_00168
group_3621,,SHOCT domain-containing protein,,IGABOM_01733,
group_3616,,DUF2634 domain-containing protein,,,PHDJFC_02688
group_3615,,hypothetical protein,,,PHDJFC_02541
group_3614,,hypothetical protein,,,PHDJFC_02391
group_3613,,HTH hxlR-type domain-containing protein,,,PHDJFC_01634
group_3612,,hypothetical protein,,,PHDJFC_01393
group_3611,,hypothetical protein,,,PHDJFC_01132
group_3610,,hypothetical protein,,,PHDJFC_01010
group_3609,,HTH merR-type domain-containing protein,,,PHDJFC_00315
group_3608,,hypothetical protein,,,PHDJFC_00128
group_3606,,hypothetical protein,,IGABOM_01202,
group_3605,,DUF3168 domain-containing protein,,IGABOM_00551,
group_3604,,FeS cluster biogenesis domain-containing protein,,IGABOM_00244,
group_3600,,Lipopolysaccharide assembly protein A domain-containing protein,,,PHDJFC_02565
group_3599,,DUF3325 domain-containing protein,,,PHDJFC_01484
group_3598,,hypothetical protein,,,PHDJFC_01248
group_3597,,4-oxalocrotonate tautomerase,,,PHDJFC_01127
group_3596,,hypothetical protein,,,PHDJFC_01117
group_3595,,hypothetical protein,,,PHDJFC_00637
yajD,yajD,Putative HNH nuclease YajD,,,PHDJFC_00587
group_3594,,hypothetical protein,,,PHDJFC_00455
group_3593,,S1 motif domain-containing protein,,,PHDJFC_00431
group_3592,,DUF1722 domain-containing protein,,IGABOM_01616,
group_3591,,Phage protein,,IGABOM_00446,
group_3590,,hypothetical protein,,IGABOM_00045,
group_3589,,DUF5640 domain-containing protein,JLGHJK_03458,,
group_3585,,Small ribosomal subunit protein uS9,,,PHDJFC_02242
group_3584,,Glyoxalase/bleomycin resistance/dioxygenase family protein,,,PHDJFC_01669
group_3583,,hypothetical protein,,,PHDJFC_01625
group_3582,,hypothetical protein,,,PHDJFC_01584
fluC,fluC,Fluoride-specific ion channel FluC,,,PHDJFC_01062
group_3581,,hypothetical protein,,,PHDJFC_01016
group_3580,,Group II intron maturase-specific domain-containing protein,,IGABOM_01197,
group_3579,,hypothetical protein,,IGABOM_00435,
group_3578,,dihydrofolate reductase family protein,JLGHJK_03279,,
group_3577,,hypothetical protein,JLGHJK_02897,,
group_3572,,hypothetical protein,,,PHDJFC_02479
group_3571,,D-ribose pyranase,,,PHDJFC_02323
group_3570,,hypothetical protein,,,PHDJFC_01367
group_3569,,hypothetical protein,,,PHDJFC_01083
group_3568,,FeS cluster biogenesis domain-containing protein,,IGABOM_02604,
group_3567,,Barstar (barnase inhibitor) domain-containing protein,,IGABOM_01002,
group_3566,,hypothetical protein,,IGABOM_00434,
group_3565,,hypothetical protein,JLGHJK_03415,,
group_3562,,Prophage protein,,,PHDJFC_02571
group_3561,,hypothetical protein,,,PHDJFC_02471
group_3560,,hypothetical protein,,,PHDJFC_02424
group_3559,,YdhG-like domain-containing protein,,,PHDJFC_02169
group_3558,,hypothetical protein,,,PHDJFC_02134
group_3557,,Transcriptional regulator Spx,,,PHDJFC_01695
group_3556,,hypothetical protein,,,PHDJFC_01504
group_3555,,hypothetical protein,,,PHDJFC_01464
group_3554,,Arsenate reductase,,,PHDJFC_00194
group_3553,,DUF1694 domain-containing protein,,IGABOM_02999,
group_3552,,Lj965 prophage protein,,IGABOM_02048,
group_3549,,hypothetical protein,JLGHJK_02449,,
group_3546,,hypothetical protein,JLGHJK_00655,,
group_3545,,hypothetical protein,,,PHDJFC_02631
group_3544,,hypothetical protein,,,PHDJFC_02429
group_3543,,Transcriptional regulator,,,PHDJFC_01883
group_3542,,Aggregation promoting factor surface protein,,,PHDJFC_01829
group_3541,,DUF2992 domain-containing protein,,,PHDJFC_01591
group_3540,,hypothetical protein,,,PHDJFC_01206
group_3539,,hypothetical protein,,,PHDJFC_01164
group_3538,,hypothetical protein,,,PHDJFC_00654
group_3537,,hypothetical protein,,,PHDJFC_00352
group_3536,,hypothetical protein,,,PHDJFC_00276
group_3535,,hypothetical protein,,IGABOM_02972,
group_3534,,RNA polymerase (RNAP)-binding regulatory protein arsenate reductase (ArsC) family Spx subfamily,,IGABOM_01615,
group_3533,,hypothetical protein,JLGHJK_02889,,
group_3530,,Stress response regulator gls24-like protein,,,PHDJFC_02703
group_3529,,hypothetical protein,,,PHDJFC_02648
group_3528,,hypothetical protein,,,PHDJFC_01935
group_3527,,hypothetical protein,,,PHDJFC_01720
group_3526,,FeS cluster biogenesis domain-containing protein,,,PHDJFC_01000
group_3525,,hypothetical protein,,,PHDJFC_00493
group_3524,,Chemotaxis protein,,,PHDJFC_00467
group_3523,,hypothetical protein,,,PHDJFC_00432
yxeA,yxeA,YxeA family protein,,,PHDJFC_00342
group_3522,,DUF3021 domain-containing protein,JLGHJK_02620,,
group_3521,,transposase,JLGHJK_02153,,
group_3518,yopX,YopX protein domain-containing protein,,,PHDJFC_02652
group_3517,,hypothetical protein,,,PHDJFC_02315
group_3516,,hypothetical protein,,,PHDJFC_02020
group_3515,,hypothetical protein,,,PHDJFC_01735
group_3514,,hypothetical protein,,,PHDJFC_01480
group_3513,,Mini-ribonuclease 3,,,PHDJFC_00767
group_3512,,Global transcriptional regulator Spx,,,PHDJFC_00405
group_3511,,hypothetical protein,,IGABOM_02211,
group_3510,,HK97 gp10 family phage protein,,IGABOM_00447,
group_3509,,Immunity protein 63 domain-containing protein,,IGABOM_00245,
group_3508,,Transposase IS30-like HTH domain-containing protein,JLGHJK_03106,,
group_3505,,HK97 gp10 family phage protein,JLGHJK_02460,,
lpdD,lpdD,Protein LpdD,,,PHDJFC_01867
group_3504,,Polypeptide deformylase family protein,,,PHDJFC_01862
group_3503,,Stress response regulator gls24-like protein,,,PHDJFC_01839
group_3502,,hypothetical protein,,,PHDJFC_01043
group_3501,,Septum formation initiator,,,PHDJFC_00834
group_3500,fabZ,3-hydroxyacyl-[acyl-carrier-protein] dehydratase FabZ,,,PHDJFC_00244
group_3499,,RNase H type-1 domain-containing protein,,,PHDJFC_00130
group_3498,,DUF1694 domain-containing protein,,IGABOM_03025,
group_3497,,Cell wall hydrolase/muramidase C-terminal,,IGABOM_02675,
group_3496,,hypothetical protein,JLGHJK_02467,,
group_3494,,hypothetical protein,JLGHJK_00406,,
group_3490,,Prophage P1 protein 7,,,PHDJFC_02633
group_3489,,hypothetical protein,,,PHDJFC_00945
group_3488,,Prophage P1 protein 7,,IGABOM_02086,
group_3487,,hypothetical protein,,IGABOM_01737,
group_3486,,hypothetical protein,,IGABOM_01645,
group_3485,,DUF1492 domain-containing protein,,IGABOM_00436,
group_3481,,hypothetical protein,,,PHDJFC_02590
group_3480,,Glycerol-3-phosphate cytidylyltransferase,,,PHDJFC_02353
group_3479,,hypothetical protein,,,PHDJFC_02329
group_3478,,Zn-Finger Containing protein,,,PHDJFC_01565
group_3477,,Transcriptional regulator,,,PHDJFC_01172
group_3476,,putative transcriptional regulator,,,PHDJFC_00887
group_3475,,Hydroxyacylglutathione hydrolase,,,PHDJFC_00319
group_3474,,hypothetical protein,,IGABOM_01736,
group_3473,,Prophage P1 protein 7,,IGABOM_00510,
group_3469,,Stress response regulator gls24-like protein,,,PHDJFC_02702
group_3468,,hypothetical protein,,,PHDJFC_02347
group_3467,,hypothetical protein,,,PHDJFC_02095
group_3466,,hypothetical protein,,,PHDJFC_02017
group_3465,,Stress response regulator gls24-like protein,,,PHDJFC_01838
group_3464,,HTH cro/C1-type domain-containing protein,,,PHDJFC_01724
group_3463,,Integral membrane protein,,,PHDJFC_01264
group_3462,,Integral membrane protein,,,PHDJFC_01222
group_3461,,Holin,,,PHDJFC_01093
group_3460,,PTS EIIA type-4 domain-containing protein,,,PHDJFC_00795
group_3459,,hypothetical protein,,,PHDJFC_00755
group_3458,,Prophage Lp4 protein 12,,,PHDJFC_00590
group_3457,,hypothetical protein,,,PHDJFC_00561
group_3456,,ATP synthase epsilon chain,,,PHDJFC_00547
group_3455,,Prophage Lp4 protein 12,,IGABOM_02118,
group_3454,,hypothetical protein,,IGABOM_00528,
group_3452,,Molybdopterin synthase catalytic subunit,JLGHJK_01856,,
group_3449,,hypothetical protein,JLGHJK_00405,,
group_3447,,DUF1828 domain-containing protein,,,PHDJFC_02600
group_3446,,Bis(5'-nucleosyl)-tetraphosphatase [asymmetrical],,,PHDJFC_02106
group_3445,,hypothetical protein,,,PHDJFC_02082
group_3444,,AraC-type arabinose-binding/dimerisation domain-containing protein,,,PHDJFC_01886
group_3443,,hypothetical protein,,,PHDJFC_01665
group_3442,merR,MerR family transcriptional regulator,,,PHDJFC_01645
group_3441,,hypothetical protein,,,PHDJFC_01293
group_3440,,hypothetical protein,,,PHDJFC_01292
group_3439,,Integral membrane protein,,,PHDJFC_01285
group_3438,,hypothetical protein,,,PHDJFC_01019
group_3437,,Competence protein ComGF,,,PHDJFC_00453
group_3436,,DUF3021 domain-containing protein,,,PHDJFC_00232
group_3435,,SRPBCC family protein,,,PHDJFC_00217
group_3434,,Phage protein,,IGABOM_00448,
group_3433,irrE,IrrE N-terminal-like domain-containing protein,JLGHJK_02915,,
group_3432,,Transposase IS30-like HTH domain-containing protein,JLGHJK_02155,,
group_3425,,hypothetical protein,,,PHDJFC_01542
group_3424,,hypothetical protein,,,PHDJFC_01360
group_3423,,SHSP domain-containing protein,,,PHDJFC_01341
group_3422,,hypothetical protein,,,PHDJFC_01152
group_3421,,Large ribosomal subunit protein uL11,,,PHDJFC_00760
group_3420,,hypothetical protein,,,PHDJFC_00369
group_3419,,Biotin carboxyl carrier protein of acetyl-CoA carboxylase,,,PHDJFC_00245
group_3418,,Transcription regulator Rrf2 family,,IGABOM_03023,
group_3417,cscD,Cell surface protein CscD family LPXTG-motif cell wall anchor,,IGABOM_02600,
group_3416,,hypothetical protein,,IGABOM_01415,
group_3415,,Thioredoxin domain-containing protein,JLGHJK_03398,,
group_3409,,hypothetical protein,JLGHJK_00177,,
group_3407,,HTH marR-type domain-containing protein,,,PHDJFC_02882
group_3406,,HTH merR-type domain-containing protein,,,PHDJFC_01885
group_3405,marR,MarR family winged helix-turn-helix transcriptional regulator,,,PHDJFC_01359
group_3404,,Arsenate reductase related protein glutaredoxin family,,,PHDJFC_01026
group_3403,,hypothetical protein,,,PHDJFC_00973
group_3402,,hypothetical protein,,,PHDJFC_00611
nusB,nusB,Transcription antitermination protein NusB,,,PHDJFC_00301
group_3401,,Transcriptional regulator,,,PHDJFC_00172
secB,secB,Preprotein translocase subunit SecB,,IGABOM_00181,
group_3400,,hypothetical protein,JLGHJK_03045,,
group_3398,,hypothetical protein,JLGHJK_01370,,
group_3395,,hypothetical protein,,,PHDJFC_03016
group_3394,,hypothetical protein,,,PHDJFC_02490
group_3393,mraZ,Transcriptional regulator MraZ,,,PHDJFC_02476
eutP,eutP,Ethanolamine utilization protein EutP,,,PHDJFC_02282
group_3392,,N-acetyltransferase domain-containing protein,,,PHDJFC_02070
group_3391,,hypothetical protein,,,PHDJFC_01905
group_3390,marR,MarR family transcriptional regulator [Lactobacillus sp],,,PHDJFC_01421
group_3389,,N-acetyltransferase domain-containing protein,,,PHDJFC_01411
group_3388,,transposase,,,PHDJFC_00504
irrE,irrE,IrrE N-terminal-like domain-containing protein,,IGABOM_00406,
yopX,yopX,YopX protein domain-containing protein,JLGHJK_02898,,
group_3386,,Mutator family transposase,JLGHJK_00029,,
group_3385,,hypothetical protein,,,PHDJFC_01933
group_3384,,hypothetical protein,,,PHDJFC_01556
group_3383,,Transcription regulator,,,PHDJFC_01545
group_3382,,hypothetical protein,,,PHDJFC_01353
group_3381,,hypothetical protein,,,PHDJFC_00873
group_3380,,hypothetical protein,,IGABOM_02042,
group_3379,,hypothetical protein,,IGABOM_01192,
group_3378,,Lipoprotein,,IGABOM_00455,
group_3376,,DUF3168 domain-containing protein,JLGHJK_02877,,
group_3372,,Bacterial SH3 domain protein,,,PHDJFC_02575
group_3371,,putative transcriptional regulator,,,PHDJFC_02179
group_3370,,hypothetical protein,,,PHDJFC_02055
group_3369,,hypothetical protein,,,PHDJFC_01768
group_3368,,Universal stress protein,,,PHDJFC_01218
group_3367,,hypothetical protein,,,PHDJFC_01034
group_3366,,Transcriptional regulator,,,PHDJFC_00799
group_3365,,hypothetical protein,,,PHDJFC_00567
group_3364,,Putative pre-16S rRNA nuclease,,,PHDJFC_00485
gtcA,gtcA,Conserved membrane protein GtcA family,,,PHDJFC_00112
group_3363,,Ascorbate-specific PTS system EIIA component,,IGABOM_00584,
group_3362,,Transposase IS30-like HTH domain-containing protein,JLGHJK_03013,,
group_3361,,GAF domain-containing protein,JLGHJK_01869,,
group_3358,,Purine deoxyribosyltransferase,,,PHDJFC_02583
group_3357,,hypothetical protein,,,PHDJFC_02432
group_3356,,hypothetical protein,,,PHDJFC_01964
group_3355,,GNAT family N-acetyltransferase,,,PHDJFC_01358
group_3354,,hypothetical protein,,,PHDJFC_01290
group_3353,,Nucleoside 2-deoxyribosyltransferase,,,PHDJFC_00960
lrgA,lrgA,Antiholin-like protein LrgA,,,PHDJFC_00720
group_3352,,Alkaline shock protein,,,PHDJFC_00302
group_3351,,Transposase,,,PHDJFC_00206
group_3350,,HTH marR-type domain-containing protein,,IGABOM_01017,
group_3349,,Prophage P1 protein 31,,IGABOM_00535,
group_3344,,hypothetical protein,,,PHDJFC_02496
group_3343,,hypothetical protein,,,PHDJFC_02311
group_3342,,Large ribosomal subunit protein uL13,,,PHDJFC_02241
group_3341,,Histidinol-phosphate transaminase,,,PHDJFC_01950
group_3340,,hypothetical protein,,,PHDJFC_01746
group_3339,,N-acetyltransferase domain-containing protein,,,PHDJFC_01224
group_3338,,Flavodoxin-like domain-containing protein,,,PHDJFC_01181
group_3337,,hypothetical protein,,,PHDJFC_01078
group_3336,,HTH marR-type domain-containing protein,,,PHDJFC_00626
group_3335,,hypothetical protein,,,PHDJFC_00152
group_3334,,hypothetical protein,,IGABOM_02966,
group_3333,,Bile acid 7-alpha-dehydratase,,IGABOM_02680,
group_3331,,Transcriptional regulator,JLGHJK_02476,,
group_3322,,hypothetical protein,,,PHDJFC_01210
group_3321,,Uracil phosphoribosyltransferase,,,PHDJFC_01149
group_3320,,DUF3290 domain-containing protein,,,PHDJFC_00943
group_3319,,HTH LytTR-type domain-containing protein,,,PHDJFC_00681
fabZ,fabZ,3-hydroxyacyl-[acyl-carrier-protein] dehydratase FabZ,,,PHDJFC_00252
group_3318,,HTH merR-type domain-containing protein,,,PHDJFC_00173
group_3316,,hypothetical protein,JLGHJK_02866,,
group_3315,,hypothetical protein,JLGHJK_02477,,
group_3311,,Flavodoxin,,,PHDJFC_02346
group_3310,thrE,Threonine/Serine exporter ThrE domain-containing protein,,,PHDJFC_02184
group_3309,,hypothetical protein,,,PHDJFC_01734
group_3308,,hypothetical protein,,,PHDJFC_01226
group_3307,,hypothetical protein,,IGABOM_01032,
group_3301,,hypothetical protein,,,PHDJFC_01846
group_3300,,Transcriptional regulator,,,PHDJFC_01712
group_3299,,hypothetical protein,,,PHDJFC_01644
group_3298,,hypothetical protein,,,PHDJFC_01419
group_3297,,HTH marR-type domain-containing protein,,,PHDJFC_01223
group_3296,,hypothetical protein,,IGABOM_02674,
group_3295,,DUF1617 domain-containing protein,,IGABOM_00454,
group_3294,,Phage terminase small subunit P27 family,JLGHJK_02470,,
group_3291,,Universal stress protein,,,PHDJFC_02568
group_3290,,hypothetical protein,,,PHDJFC_01906
group_3289,,hypothetical protein,,,PHDJFC_01697
group_3288,,hypothetical protein,,,PHDJFC_01681
group_3287,,Universal stress protein,,,PHDJFC_01278
group_3286,,DUF1694 domain-containing protein,,,PHDJFC_00531
group_3285,,Arginine repressor,,,PHDJFC_00292
group_3284,,hypothetical protein,,,PHDJFC_00169
group_3283,,hypothetical protein,,,PHDJFC_00108
group_3282,,Ascorbate-specific PTS system EIIA component,,IGABOM_02664,
group_3281,,hypothetical protein,,IGABOM_02638,
group_3280,,DUF1617 domain-containing protein,,IGABOM_02043,
group_3275,,HIT-like protein,,,PHDJFC_02447
group_3274,,Fur family transcriptional regulator,,,PHDJFC_02108
group_3273,uspA,UspA domain-containing protein,,,PHDJFC_01937
group_3272,,Large ribosomal subunit protein bL9,,,PHDJFC_01455
group_3271,,DUF1934 domain-containing protein,,,PHDJFC_00880
group_3270,,hypothetical protein,,,PHDJFC_00566
group_3269,,hypothetical protein,,,PHDJFC_00198
group_3268,,hypothetical protein,,IGABOM_03034,
group_3267,,Ascorbate-specific PTS system EIIA component,,IGABOM_02990,
group_3266,,N-acetyltransferase domain-containing protein,,IGABOM_01482,
group_3265,,hypothetical protein,JLGHJK_03270,,
group_3264,,hypothetical protein,JLGHJK_02916,,
group_3263,,Transcriptional regulator,JLGHJK_02894,,
group_3262,,HTH LytTR-type domain-containing protein,JLGHJK_02621,,
group_3256,,hypothetical protein,,,PHDJFC_01744
group_3255,,hypothetical protein,,,PHDJFC_01434
group_3254,,hypothetical protein,,,PHDJFC_01228
group_3253,,Transcriptional regulator,,,PHDJFC_01097
group_3252,,hypothetical protein,,,PHDJFC_01040
group_3251,,hypothetical protein,,,PHDJFC_00989
group_3250,,Surface layer protein A domain-containing protein,,,PHDJFC_00927
group_3249,,6-phospho-beta-glucosidase,,,PHDJFC_00904
group_3248,,hypothetical protein,,,PHDJFC_00290
group_3247,,PTS EIIA type-2 domain-containing protein,,IGABOM_02744,
group_3242,,Flavodoxin,JLGHJK_01855,,
group_3237,,nucleoside-diphosphate kinase,,,PHDJFC_02577
group_3236,,hypothetical protein,,,PHDJFC_02293
group_3235,,hypothetical protein,,,PHDJFC_02112
group_3234,,hypothetical protein,,,PHDJFC_02064
group_3233,,hypothetical protein,,,PHDJFC_01563
group_3232,,Transcription regulator,,,PHDJFC_01266
group_3231,,hypothetical protein,,,PHDJFC_01231
group_3230,,ASCH domain-containing protein,,,PHDJFC_00165
group_3229,,hypothetical protein,,,PHDJFC_00157
group_3228,,Prophage Lp1 protein 23,JLGHJK_02484,,
group_3226,,Transcriptional regulator,,,PHDJFC_02653
group_3225,,Arginine regulator,,,PHDJFC_02437
group_3224,ctsR,Transcriptional regulator CtsR,,,PHDJFC_02199
group_3223,,hypothetical protein,,,PHDJFC_01965
group_3222,,Glutamate/aspartate:proton symporter,,,PHDJFC_01374
group_3221,,hypothetical protein,,,PHDJFC_01123
group_3220,,GAF domain-containing protein,,,PHDJFC_00527
group_3219,,HTH marR-type domain-containing protein,,,PHDJFC_00251
group_3218,,Ferritin/DPS protein domain-containing protein,,IGABOM_02653,
group_3217,,Knr4/Smi1-like domain-containing protein,,IGABOM_01004,
group_3216,,hypothetical protein,JLGHJK_03394,,
group_3213,,Molybdenum cofactor biosynthesis protein B,JLGHJK_01875,,
group_3211,,hypothetical protein,,,PHDJFC_02622
group_3210,,putative transcriptional regulator,,,PHDJFC_02072
group_3209,,hypothetical protein,,,PHDJFC_02071
group_3208,,protein-tyrosine-phosphatase,,,PHDJFC_00855
group_3207,,hypothetical protein,,,PHDJFC_00770
group_3206,,PTS system galactitol-specific EIIA component,,IGABOM_02996,
group_3205,,Twin-arginine translocation pathway signal,,IGABOM_02447,
group_3204,,Tail protein,,IGABOM_02049,
group_3203,,Bacterial type II secretion/trafficking system extracellular protein,,IGABOM_01908,
group_3194,,transposase family protein,JLGHJK_00447,,
group_3192,,hypothetical protein,JLGHJK_00175,,
group_3191,rimP,Ribosome maturation factor RimP,,,PHDJFC_02611
group_3190,,hypothetical protein,,,PHDJFC_02255
group_3189,,Glutathione peroxidase,,,PHDJFC_01849
group_3188,,hypothetical protein,,,PHDJFC_01756
group_3187,,NlpC/P60 domain-containing protein,,,PHDJFC_01707
group_3186,nrdI,Class Ib ribonucleoside-diphosphate reductase assembly flavoprotein NrdI,,,PHDJFC_01349
group_3185,,UvrABC system protein A,,,PHDJFC_01129
group_3184,,S-ribosylhomocysteine lyase,,,PHDJFC_01058
group_3183,,hypothetical protein,,,PHDJFC_00856
group_3182,,SsrA-binding protein,,,PHDJFC_00665
tsaE,tsaE,tRNA threonylcarbamoyladenosine biosynthesis protein TsaE,,,PHDJFC_00659
group_3181,,Phage terminase small subunit P27 family,,,PHDJFC_00586
group_3180,,hypothetical protein,,,PHDJFC_00367
group_3179,greA,Transcription elongation factor GreA,,,PHDJFC_00331
group_3178,,hypothetical protein,JLGHJK_03544,,
group_3174,,N-acetyltransferase domain-containing protein,JLGHJK_01354,,
group_3169,,Phage tail protein,,,PHDJFC_02679
group_3168,sarZ,HTH-type transcriptional regulator SarZ,,,PHDJFC_02409
group_3167,,hypothetical protein,,,PHDJFC_02079
group_3166,,hypothetical protein,,,PHDJFC_01429
group_3165,,hypothetical protein,,,PHDJFC_01241
group_3162,comE,ComE operon protein 2,,,PHDJFC_02546
group_3161,,ATP:cob(I)alamin adenosyltransferase,,,PHDJFC_02302
group_3160,,hypothetical protein,,,PHDJFC_01931
group_3159,,Ribosomal RNA large subunit methyltransferase H,,,PHDJFC_01439
group_3158,,hypothetical protein,,,PHDJFC_01263
group_3157,,YdbS-like PH domain-containing protein,,,PHDJFC_00961
group_3156,,Protein SprT-like,,,PHDJFC_00805
group_3155,,hypothetical protein,,,PHDJFC_00710
group_3154,,Universal stress protein,,,PHDJFC_00534
group_3153,,hypothetical protein,,,PHDJFC_00378
group_3152,,hypothetical protein,,,PHDJFC_00178
group_3150,,Siphovirus Gp157 family protein,,IGABOM_00417,
group_3149,,Prophage protein,JLGHJK_02938,,
group_3147,,hypothetical protein,,,PHDJFC_02693
group_3146,queT,QueT transporter family protein,,,PHDJFC_01518
group_3145,,hypothetical protein,,,PHDJFC_01336
group_3144,greA,Transcription elongation factor GreA,,,PHDJFC_01286
group_3143,,hypothetical protein,,,PHDJFC_00878
group_3142,,Sensory protein,,,PHDJFC_00600
group_3141,,PTS system glucose-specific EIICBA component,,IGABOM_02967,
group_3135,,hypothetical protein,,,PHDJFC_02897
group_3134,,Phosphopantetheine adenylyltransferase,,,PHDJFC_02543
group_3133,,putative flavin-nucleotide-binding protein,,,PHDJFC_02164
group_3132,uspA,UspA domain-containing protein,,,PHDJFC_01982
group_3131,,hypothetical protein,,,PHDJFC_01698
group_3130,,hypothetical protein,,,PHDJFC_01008
group_3121,,Propanediol utilization protein,,,PHDJFC_02295
group_3120,,hypothetical protein,,,PHDJFC_02290
group_3119,,Lipoprotein,,,PHDJFC_01652
group_3118,,N-acetyltransferase domain-containing protein,,,PHDJFC_01432
group_3117,,CBS domain-containing protein,,,PHDJFC_00472
group_3115,,Phage protein,JLGHJK_02875,,
group_3113,,Integral membrane protein,JLGHJK_00923,,
group_3112,,hypothetical protein,,,PHDJFC_02638
group_3111,,Ferric uptake regulator,,,PHDJFC_01988
group_3110,,DNA-3-methyladenine glycosylase I,,,PHDJFC_01900
group_3109,,hypothetical protein,,,PHDJFC_01719
group_3108,,hypothetical protein,,,PHDJFC_00902
group_3107,,hypothetical protein,,,PHDJFC_00798
group_3106,,IS30 family transposase,,,PHDJFC_00570
group_3105,,hypothetical protein,,,PHDJFC_00240
group_3104,,hypothetical protein,,,PHDJFC_00177
group_3103,,hypothetical protein,,IGABOM_01003,
group_3102,,Class I SAM-dependent methyltransferase,,IGABOM_00429,
group_3098,,Cyclic pyranopterin monophosphate synthase,JLGHJK_01872,,
group_3094,,DUF2628 domain-containing protein,,,PHDJFC_01739
group_3093,,HTH merR-type domain-containing protein,,,PHDJFC_01738
group_3092,,hypothetical protein,,,PHDJFC_01626
thiW,thiW,ThiW protein,,,PHDJFC_01617
group_3091,,Transcriptional regulator,,,PHDJFC_01166
group_3090,,UPF0398 protein LSA_07140,,,PHDJFC_00144
group_3089,,DUF2247 domain-containing protein,,IGABOM_01005,
group_3088,,hypothetical protein,JLGHJK_03391,,
group_3086,,HXXEE domain-containing protein,JLGHJK_02070,,
group_3085,,Prepilin-type cleavage/methylation protein,,,PHDJFC_02529
group_3084,,N-acetyltransferase,,,PHDJFC_01796
group_3083,,hypothetical protein,,,PHDJFC_01638
group_3082,,hypothetical protein,,,PHDJFC_01319
group_3081,,hypothetical protein,,,PHDJFC_01267
group_3080,,HD/PDEase domain-containing protein,,,PHDJFC_00338
group_3079,,hypothetical protein,,IGABOM_00423,
group_3078,,Molybdopterin-guanine dinucleotide biosynthesis protein B (MobB) domain-containing protein,JLGHJK_01873,,
group_3076,,hypothetical protein,,,PHDJFC_02589
group_3075,,ECF transporter S component,,,PHDJFC_01684
group_3074,,hypothetical protein,,,PHDJFC_01653
group_3073,nrdR,Transcriptional repressor NrdR,,,PHDJFC_00368
group_3072,,hypothetical protein,JLGHJK_03395,,
group_3071,,hypothetical protein,JLGHJK_03294,,
group_3062,,hypothetical protein,,,PHDJFC_01980
group_3061,,hypothetical protein,,,PHDJFC_01954
group_3060,,hypothetical protein,,,PHDJFC_01420
group_3059,,DUF2798 domain-containing protein,,,PHDJFC_01400
group_3058,,hypothetical protein,,,PHDJFC_01070
group_3057,,hypothetical protein,,,PHDJFC_00916
group_3056,,hypothetical protein,,,PHDJFC_00704
group_3055,,Monooxygenase,,,PHDJFC_00408
group_3054,,DUF5590 domain-containing protein,,,PHDJFC_00153
group_3050,,HTH cro/C1-type domain-containing protein,JLGHJK_02914,,
group_3049,,hypothetical protein,JLGHJK_02903,,
group_3046,,hypothetical protein,,,PHDJFC_01673
group_3045,,hypothetical protein,,,PHDJFC_01537
group_3044,,Acetyltransferase GNAT family,,,PHDJFC_00812
group_3043,,Large ribosomal subunit protein uL10,,,PHDJFC_00758
group_3042,,Universal stress protein,,,PHDJFC_00388
group_3041,,hypothetical protein,,,PHDJFC_00110
group_3040,,Sorbitol operon activator,,IGABOM_03038,
group_3039,,hypothetical protein,JLGHJK_03393,,
group_3032,,hypothetical protein,,,PHDJFC_02676
group_3031,,hypothetical protein,,,PHDJFC_01958
group_3030,,hypothetical protein,,,PHDJFC_01934
group_3029,,Phospholipid-binding protein PBP family,,,PHDJFC_01253
group_3028,,hypothetical protein,,,PHDJFC_01195
group_3027,,hypothetical protein,,,PHDJFC_01136
group_3026,,2-Cys peroxiredoxin,,,PHDJFC_00523
group_3025,,YutG/PgpA domain-containing protein,,,PHDJFC_00434
group_3024,,ABC transporter permease,,,PHDJFC_00402
group_3023,,VanZ-like domain-containing protein,,,PHDJFC_00111
group_3022,,hypothetical protein,,IGABOM_02197,
group_3019,,hypothetical protein,JLGHJK_01342,,
group_3017,,hypothetical protein,JLGHJK_00457,,
group_3016,,hypothetical protein,,,PHDJFC_01929
group_3015,,GtrA/DPMS transmembrane domain-containing protein,,,PHDJFC_01410
group_3014,,hypothetical protein,,,PHDJFC_00867
group_3013,,HTH tetR-type domain-containing protein,,IGABOM_02635,
group_3012,,Phage protein,,IGABOM_00553,
group_3009,,hypothetical protein,JLGHJK_02471,,
group_3003,,hypothetical protein,,,PHDJFC_02248
group_3002,,hypothetical protein,,,PHDJFC_01071
group_3001,,hypothetical protein,,,PHDJFC_00653
group_3000,,Isochorismatase family protein,,,PHDJFC_00233
group_2999,,hypothetical protein,,IGABOM_02645,
group_2998,,Polynucleotide adenylyltransferase,,IGABOM_02199,
group_2997,,hypothetical protein,,IGABOM_00021,
group_2995,,hypothetical protein,JLGHJK_01236,,
group_2992,,Holin,,,PHDJFC_02698
group_2991,,hypothetical protein,,,PHDJFC_02694
group_2990,,Adenine phosphoribosyltransferase,,,PHDJFC_02567
group_2989,,VanZ-like domain-containing protein,,,PHDJFC_02410
group_2988,,hypothetical protein,,,PHDJFC_01953
group_2987,,hypothetical protein,,,PHDJFC_01952
group_2986,,hypothetical protein,,,PHDJFC_01947
yfcD,yfcD,Putative Nudix hydrolase YfcD,,,PHDJFC_00946
group_2985,,Acetyltransferase,,,PHDJFC_00658
group_2984,,Phosphoesterase,,,PHDJFC_00473
group_2983,rimM,Ribosome maturation factor RimM,,,PHDJFC_00256
group_2982,,Integral membrane protein,,IGABOM_00781,
group_2981,,Addiction module toxin PemK-like protein,,IGABOM_00027,
pduM,pduM,Propanediol utilization protein PduM,,,PHDJFC_02299
group_2974,,Phospholipase/carboxylesterase/thioesterase domain-containing protein,,,PHDJFC_01918
group_2973,,HTH tetR-type domain-containing protein,,,PHDJFC_01620
uspA,uspA,Nucleotide-binding protein UspA family,,,PHDJFC_01254
group_2972,,Periplasmic secreted protein,,,PHDJFC_01130
group_2971,,Biotin transporter,,,PHDJFC_00235
mhqR,mhqR,HTH-type transcriptional regulator MhqR,,,PHDJFC_00149
group_2968,,Transposase IS30-like HTH domain-containing protein,JLGHJK_01609,,
group_2967,,hypothetical protein,,,PHDJFC_02116
group_2966,,hypothetical protein,,,PHDJFC_01655
group_2965,,Acyl-CoA hydrolase,,,PHDJFC_01491
group_2964,,DUF1836 domain-containing protein,,,PHDJFC_01334
group_2963,,N-acetyltransferase domain-containing protein,,,PHDJFC_01235
group_2962,,N-acetyltransferase domain-containing protein,,,PHDJFC_01180
group_2961,,Acetyltransferase,,,PHDJFC_00689
group_2960,,Hydrocarbon binding protein,,,PHDJFC_00476
group_2959,,hypothetical protein,,,PHDJFC_00457
group_2958,,hypothetical protein,,,PHDJFC_00393
group_2957,,hypothetical protein,,,PHDJFC_00214
group_2956,,TetR/AcrR family transcriptional regulator helix-turn-helix transcriptional regulator,,,PHDJFC_00134
group_2955,,Lipoprotein signal peptidase,,,PHDJFC_00126
group_2952,,hypothetical protein,JLGHJK_01884,,
group_2950,,Propanediol dehydratase small subunit,,,PHDJFC_02291
mreD,mreD,Rod shape-determining protein MreD,,,PHDJFC_00516
group_2949,,hypothetical protein,,,PHDJFC_00308
group_2948,,Terminase small subunit,,IGABOM_02062,
group_2945,,hypothetical protein,JLGHJK_00495,,
group_2943,,Acetyltransferase,,,PHDJFC_01661
group_2942,,Galactoside O-acetyltransferase,,,PHDJFC_01642
group_2941,,HTH marR-type domain-containing protein,,,PHDJFC_01526
wrbA,wrbA,Multimeric flavodoxin WrbA,,,PHDJFC_01452
group_2940,,hypothetical protein,,,PHDJFC_01268
group_2938,,hypothetical protein,JLGHJK_01817,,
group_2937,,hypothetical protein,JLGHJK_01507,,
group_2936,,Dihydrofolate reductase,,,PHDJFC_02431
group_2935,,hypothetical protein,,,PHDJFC_02185
group_2934,,Insertion element IS150 protein InsJ-like helix-turn-helix domain-containing protein,,,PHDJFC_02165
group_2933,,Corrinoid adenosyltransferase,,,PHDJFC_01974
group_2932,,Transcriptional regulator,,,PHDJFC_01856
group_2931,,Acetyltransferase including N-acetylase of ribosomal protein,,,PHDJFC_01490
group_2930,,Transposase,,,PHDJFC_01415
group_2929,,N-acetyltransferase,,,PHDJFC_01247
group_2928,,Acetyltransferase including N-acetylase of ribosomal protein,,,PHDJFC_00218
group_2927,pyrR,Bifunctional protein PyrR,,,PHDJFC_00124
acrR,acrR,AcrR family transcriptional regulator,,IGABOM_01622,
group_2926,,Prophage Lp1 protein 23,,IGABOM_00527,
group_2923,,Addiction module toxin PemK-like protein,,,PHDJFC_02902
group_2922,,Matrixin family metalloprotease,,,PHDJFC_02392
group_2921,,Large ribosomal subunit protein uL6,,,PHDJFC_02226
group_2920,padR,PadR family transcriptional regulator,,,PHDJFC_02073
group_2919,,Phospholipid-binding protein,,,PHDJFC_01624
group_2918,padC,Phenolic acid decarboxylase PadC,,,PHDJFC_01229
group_2917,,DNA polymerase III subunit epsilon,,,PHDJFC_00656
cvpA,cvpA,CvpA family protein,,,PHDJFC_00482
group_2916,,hypothetical protein,,,PHDJFC_00349
group_2912,,hypothetical protein,,,PHDJFC_02519
group_2911,,hypothetical protein,,,PHDJFC_02416
group_2910,,hypothetical protein,,,PHDJFC_02258
group_2909,,hypothetical protein,,,PHDJFC_01894
group_2908,,hypothetical protein,,,PHDJFC_00879
group_2907,,dUTP diphosphatase,,,PHDJFC_00773
group_2906,,hypothetical protein,,IGABOM_02677,
group_2905,,Integral membrane protein,,IGABOM_02457,
group_2904,,hypothetical protein,,IGABOM_00943,
group_2900,,DUF1097 domain-containing protein,,,PHDJFC_01395
group_2899,,hypothetical protein,,,PHDJFC_01316
group_2898,,citrate lyase holo-[acyl-carrier protein] synthase,,,PHDJFC_00979
group_2897,,SIS domain-containing protein,,,PHDJFC_00931
group_2896,,Hypoxanthine-guanine phosphoribosyltransferase,,,PHDJFC_00831
yigB,yigB,5-amino-6-(5-phospho-D-ribitylamino)uracil phosphatase YigB,,,PHDJFC_00360
group_2895,,2-deoxyuridine 5-triphosphate nucleotidohydrolase (dUTPase),,,PHDJFC_00309
group_2894,,NUDIX family hydrolase,,,PHDJFC_00137
group_2893,,hypothetical protein,,,PHDJFC_00119
group_2892,,Oxidoreductase N-terminal,,IGABOM_02671,
group_2889,amaP,Alkaline shock response membrane anchor protein AmaP,,,PHDJFC_02701
group_2888,,hypothetical protein,,,PHDJFC_02518
group_2887,,Extracellular protein,,,PHDJFC_02109
group_2886,amaP,Alkaline shock response membrane anchor protein AmaP,,,PHDJFC_01836
group_2885,,hypothetical protein,,,PHDJFC_01650
group_2884,,hypothetical protein,,,PHDJFC_01647
group_2883,,hypothetical protein,,,PHDJFC_01578
group_2882,,RNA binding protein,,,PHDJFC_00833
group_2881,,NYN domain-containing protein,,,PHDJFC_00765
group_2880,,Integral membrane protein,,,PHDJFC_00686
group_2879,,alanine--tRNA ligase,,,PHDJFC_00488
plnT,plnT,Integral membrane protein PlnT,,IGABOM_00274,
group_2874,,hypothetical protein,JLGHJK_00390,,
group_2873,,hypothetical protein,,,PHDJFC_02632
group_2872,,DUF4811 domain-containing protein,,,PHDJFC_02358
group_2871,,GNAT family N-acetyltransferase,,,PHDJFC_01806
group_2870,,hypothetical protein,,,PHDJFC_01239
group_2869,,hypothetical protein,,,PHDJFC_00868
group_2868,nusG,Transcription termination/antitermination protein NusG,,,PHDJFC_00761
group_2867,,5-formyltetrahydrofolate cyclo-ligase,,,PHDJFC_00323
group_2863,,Integrase catalytic domain-containing protein,JLGHJK_01367,,
group_2857,,CHRD domain-containing protein,,,PHDJFC_01671
group_2856,,hypothetical protein,,,PHDJFC_01460
group_2855,tetR,Transcriptional regulator TetR family,,,PHDJFC_01324
group_2854,,hypothetical protein,,,PHDJFC_01221
group_2853,pncA,Uncharacterized isochorismatase family protein PncA,,,PHDJFC_01189
group_2852,,hypothetical protein,,,PHDJFC_00839
group_2851,,tRNA-specific adenosine deaminase,,,PHDJFC_00746
group_2850,,Ferritin/DPS protein domain-containing protein,,,PHDJFC_00642
group_2849,,hypothetical protein,,,PHDJFC_00391
group_2848,,PTS system glucitol/sorbitol-specific EIIC component,,IGABOM_03037,
group_2847,,HK97 gp10 family phage protein,,IGABOM_02051,
group_2846,,HTH tetR-type domain-containing protein,,IGABOM_01620,
group_2841,,hypothetical protein,,,PHDJFC_02508
group_2840,,[ribosomal protein uS5]-alanine N-acetyltransferase,,,PHDJFC_02187
group_2839,,hypothetical protein,,,PHDJFC_01387
group_2838,,Flavoprotein,,,PHDJFC_01167
group_2837,,60 kDa chaperonin,,,PHDJFC_00725
group_2836,,DUF177 domain-containing protein,,,PHDJFC_00351
group_2835,,Phage tail protein,,IGABOM_00550,
group_2834,,Prophage P1 protein 14 [Lactobacillus plantarum WCFS1],,IGABOM_00518,
group_2833,,Phage tail protein,JLGHJK_02878,,
group_2826,,Ribosome-recycling factor,,,PHDJFC_02599
group_2825,,hypothetical protein,,,PHDJFC_02421
group_2824,,Nucleoside triphosphate/diphosphate phosphatase,,,PHDJFC_02351
group_2823,,hypothetical protein,,,PHDJFC_01510
group_2822,,Peptidyl-tRNA hydrolase,,,PHDJFC_00840
group_2821,,DNA primase,,IGABOM_00422,
group_2820,,HTH cro/C1-type domain-containing protein,,IGABOM_00180,
group_2818,,hypothetical protein,JLGHJK_02888,,
group_2816,tetR,Transcriptional regulator TetR C-terminal Firmicutes type domain-containing protein,JLGHJK_01816,,
group_2814,,hypothetical protein,JLGHJK_00891,,
group_2813,,VanZ-like domain-containing protein,JLGHJK_00404,,
group_2812,,Peptide deformylase,,,PHDJFC_02530
group_2811,,hypothetical protein,,,PHDJFC_02047
group_2810,,DNA-3-methyladenine glycosylase I,,,PHDJFC_01892
group_2809,,UPF0340 protein EF_1967,,,PHDJFC_01685
group_2808,,Ribosome hibernation promotion factor,,,PHDJFC_00715
group_2807,,Elongation factor P 2,,,PHDJFC_00303
group_2806,,Maltose-O-acetyltransferase,,IGABOM_03000,
group_2805,,Nucleotidyltransferase family protein,,IGABOM_01212,
group_2804,,hypothetical protein,,IGABOM_00405,
group_2801,,hypothetical protein,JLGHJK_02876,,
group_2799,,HTH tetR-type domain-containing protein,JLGHJK_02071,,
group_2795,,hypothetical protein,,,PHDJFC_02407
group_2794,,Acetyltransferase GNAT family,,,PHDJFC_02180
group_2793,,Acetyltransferase,,,PHDJFC_02156
group_2792,,Acetyltransferase,,,PHDJFC_02150
group_2791,,D-alanyl-D-alanine dipeptidase,,,PHDJFC_01710
group_2790,,hypothetical protein,,,PHDJFC_01566
group_2789,,hypothetical protein,,,PHDJFC_01519
group_2788,,HTH tetR-type domain-containing protein,,,PHDJFC_01212
group_2787,,Integral membrane protein,,,PHDJFC_00599
group_2786,,Translation initiation factor IF-3,,,PHDJFC_00363
group_2785,,hypothetical protein,,,PHDJFC_00312
group_2784,,hypothetical protein,,IGABOM_02088,
group_2776,,Single-stranded DNA-binding protein,,,PHDJFC_01467
group_2775,,Transcriptional regulator,,,PHDJFC_01458
group_2774,,Nucleotidyltransferase family protein,,,PHDJFC_01401
group_2773,,HTH tetR-type domain-containing protein,,,PHDJFC_01227
group_2772,,Cadmium resistance transporter family protein,,,PHDJFC_01220
group_2771,,hypothetical protein,,,PHDJFC_01031
group_2770,,Methyltransferase SAM-dependent,,,PHDJFC_00399
group_2769,,hypothetical protein,,,PHDJFC_00162
group_2768,,Integral membrane protein,,IGABOM_02627,
group_2767,,HTH tetR-type domain-containing protein,,IGABOM_02625,
group_2764,,hypothetical protein,JLGHJK_01244,,
group_2760,,Transcriptional regulator,,,PHDJFC_01884
group_2759,,hypothetical protein,,,PHDJFC_01619
comX,comX,ComX,,,PHDJFC_00764
yxjI,yxjI,YxjI protein,,,PHDJFC_00662
group_2757,,hypothetical protein,JLGHJK_02885,,
group_2751,,Guanylate kinase,,,PHDJFC_02107
group_2750,,Cadmium resistance transporter family protein,,,PHDJFC_01412
group_2749,,Maltose/galactoside acetyltransferase domain-containing protein,,,PHDJFC_01154
group_2748,,Ribonuclease M5,,,PHDJFC_00913
group_2747,,hypothetical protein,,,PHDJFC_00627
group_2746,,hypothetical protein,,IGABOM_02643,
group_2745,,Nitrate reductase delta chain,JLGHJK_01880,,
group_2740,,hypothetical protein,,,PHDJFC_02609
group_2739,,Corrinoid adenosyltransferase,,,PHDJFC_02301
group_2738,,Xanthine phosphoribosyltransferase,,,PHDJFC_02272
group_2737,,hypothetical protein,,,PHDJFC_01893
padR,padR,Transcriptional regulator PadR family,,,PHDJFC_01830
group_2736,,hypothetical protein,,,PHDJFC_01330
group_2735,,WxL domain-containing protein,,,PHDJFC_00863
group_2734,,WxL domain-containing protein,,,PHDJFC_00862
lemA,lemA,Protein LemA,,,PHDJFC_00854
group_2733,tetR,Transcription regulator TetR family,,IGABOM_03108,
group_2732,,hypothetical protein,,IGABOM_01624,
group_2731,,hypothetical protein,JLGHJK_02469,,
group_2727,,Regulator of chromosome segregation-like C-terminal domain-containing protein,,,PHDJFC_02889
group_2726,,Oxidoreductase,,,PHDJFC_02139
group_2725,,N-acetyltransferase domain-containing protein,,,PHDJFC_02130
group_2724,,hypothetical protein,,,PHDJFC_01870
group_2723,,Transcriptional regulator,,,PHDJFC_01237
group_2722,,Uracil-DNA glycosylase-like domain-containing protein,,,PHDJFC_00909
group_2721,,Cytokinin riboside 5'-monophosphate phosphoribohydrolase,,,PHDJFC_00753
group_2720,,Integral membrane protein,,IGABOM_02439,
group_2719,,hypothetical protein,,,PHDJFC_02137
group_2718,,hypothetical protein,,,PHDJFC_01941
group_2717,,hypothetical protein,,,PHDJFC_01396
group_2716,,hypothetical protein,,,PHDJFC_00609
group_2715,,HTH tetR-type domain-containing protein,,IGABOM_02617,
group_2714,,hypothetical protein,JLGHJK_02869,,
group_2711,,hypothetical protein,JLGHJK_00075,,
group_2710,,hypothetical protein,,,PHDJFC_02620
group_2709,,Thymidine kinase,,,PHDJFC_00559
group_2708,tetR,Transcriptional regulator TetR family,,,PHDJFC_00195
group_2707,,HTH tetR-type domain-containing protein,,IGABOM_02683,
group_2706,,hypothetical protein,,IGABOM_01626,
group_2702,,hypothetical protein,JLGHJK_01862,,
group_2701,,Tyr recombinase domain-containing protein,,,PHDJFC_02893
group_2700,,N-acetyltransferase domain-containing protein,,,PHDJFC_02163
group_2699,,Hydrophobic protein,,,PHDJFC_01786
group_2698,,Signal peptidase I,,,PHDJFC_01495
group_2697,,hypothetical protein,,,PHDJFC_01225
group_2696,,Integral membrane protein,,,PHDJFC_00800
group_2695,,CDP-diacylglycerol--glycerol-3-phosphate 3-phosphatidyltransferase,,,PHDJFC_00507
group_2694,,hypothetical protein,,,PHDJFC_00145
group_2693,ydeA,Uncharacterized protease YdeA,,IGABOM_02668,
group_2692,,hypothetical protein,,IGABOM_00552,
group_2687,,DUF308 domain-containing protein,,,PHDJFC_02582
group_2686,,Transcriptional regulator,,,PHDJFC_01385
group_2685,,PheT_2 protein,,,PHDJFC_00383
ydeA,ydeA,Putative protease YdeA,,,PHDJFC_00229
group_2684,,hypothetical protein,JLGHJK_01344,,
group_2682,,Helix-turn-helix domain-containing protein,,,PHDJFC_02664
group_2681,engB,putative GTP-binding protein EngB,,,PHDJFC_02557
group_2680,,hypothetical protein,,,PHDJFC_01676
group_2679,,hypothetical protein,,,PHDJFC_01493
group_2678,,hypothetical protein,,,PHDJFC_01321
group_2677,,hypothetical protein,,,PHDJFC_01014
group_2676,,bis(5'-nucleosyl)-tetraphosphatase (symmetrical),,,PHDJFC_00356
group_2675,,Mobile element protein,JLGHJK_03554,,
group_2674,,Mobile element protein,JLGHJK_02077,,
group_2672,,Integral membrane protein [Lactobacillus plantarum JDM1],JLGHJK_00273,,
group_2670,,hypothetical protein,,,PHDJFC_02357
group_2669,,aldo/keto reductase,,,PHDJFC_01730
group_2668,,hypothetical protein,,,PHDJFC_01205
group_2667,,ATP-dependent Clp protease proteolytic subunit,,,PHDJFC_00682
group_2666,,hypothetical protein,,,PHDJFC_00296
group_2665,,hypothetical protein,,IGABOM_00542,
group_2662,,hypothetical protein,JLGHJK_00151,,
group_2661,,Morphogenesis protein,,,PHDJFC_02674
group_2660,,hypothetical protein,,,PHDJFC_02115
group_2659,,hypothetical protein,,,PHDJFC_02100
group_2658,,NADPH-dependent FMN reductase-like domain-containing protein,,,PHDJFC_01554
group_2657,,NAD(P)-binding domain-containing protein,,,PHDJFC_01530
group_2656,,Cell surface protein,,,PHDJFC_01177
group_2655,,hypothetical protein,,,PHDJFC_01170
group_2654,,hypothetical protein,,,PHDJFC_01068
group_2653,,hypothetical protein,,,PHDJFC_00883
group_2652,recR,Recombination protein RecR,,,PHDJFC_00742
group_2651,,UPF0637 protein LVIS_1261,,,PHDJFC_00530
group_2650,,dITP/XTP pyrophosphatase,,,PHDJFC_00474
group_2649,xrtG,Exosortase family protein XrtG,,,PHDJFC_00200
group_2648,,hypothetical protein,,IGABOM_02630,
xrtG,xrtG,Exosortase family protein XrtG,JLGHJK_02581,,
group_2645,,Resolvase/invertase-type recombinase catalytic domain-containing protein,,,PHDJFC_03025
group_2644,,hypothetical protein,,,PHDJFC_02488
group_2643,,Histidine kinase,,,PHDJFC_02394
group_2642,,DJ-1/PfpI family protein,,,PHDJFC_01813
group_2641,,Uronate isomerase,,,PHDJFC_01298
group_2640,,Nitroreductase domain-containing protein,,,PHDJFC_00133
group_2639,,NAD(P)-binding domain-containing protein,,IGABOM_02679,
group_2638,,DUF4428 domain-containing protein,,IGABOM_01735,
group_2633,,Riboflavin synthase,,,PHDJFC_02252
group_2632,tetR,Transcriptional regulator TetR family,,,PHDJFC_02202
group_2631,,hypothetical protein,,,PHDJFC_01502
group_2630,,hypothetical protein,,,PHDJFC_01089
group_2629,,putative permease cadmium resistance protein,,,PHDJFC_00994
group_2628,,hypothetical protein,,,PHDJFC_00747
group_2627,,hypothetical protein,,,PHDJFC_00577
group_2626,,Small ribosomal subunit protein uS4,,,PHDJFC_00528
group_2625,,hypothetical protein,,IGABOM_00404,
group_2624,,hypothetical protein,JLGHJK_03378,,
group_2622,,Ribosomal protein S18-alanine N-acetyltransferase,,,PHDJFC_00733
group_2621,ruvA,Holliday junction branch migration complex subunit RuvA,,,PHDJFC_00497
group_2620,,Calcineurin-like phosphoesterase domain-containing protein,,,PHDJFC_00447
group_2619,cscB,Cell surface protein CscB family,,IGABOM_02607,
group_2618,,Acetyltransferase,,IGABOM_01628,
group_2610,,hypothetical protein,,,PHDJFC_01595
group_2609,,hypothetical protein,,,PHDJFC_01501
group_2608,,Phosphatase,,,PHDJFC_00796
group_2607,,hypothetical protein,,IGABOM_01414,
group_2605,,hypothetical protein,,,PHDJFC_02680
group_2604,,Pyrrolidone-carboxylate peptidase,,,PHDJFC_01858
group_2603,,hypothetical protein,,,PHDJFC_01507
group_2602,,Guanylate kinase,,,PHDJFC_00288
group_2601,,hypothetical protein,,IGABOM_00559,
group_2598,,Galactoside O-acetyltransferase,,,PHDJFC_01562
group_2597,,hypothetical protein,,,PHDJFC_01492
group_2596,,Lyse family l-lysine exporter,,,PHDJFC_01422
group_2595,,Galactoside O-acetyltransferase,,IGABOM_00247,
group_2591,,ABC transmembrane type-1 domain-containing protein,,,PHDJFC_02045
group_2590,,hypothetical protein,,,PHDJFC_01618
group_2586,,Copper homeostasis cutC-like protein,,,PHDJFC_02468
group_2585,,N-acetylmuramidase,,,PHDJFC_02084
group_2584,,Streptococcal hemagglutinin protein,,,PHDJFC_01250
marR,marR,Transcriptional regulator MarR family,,,PHDJFC_01133
group_2583,,Hexulose-6-phosphate synthase,,,PHDJFC_00932
group_2582,,Phosphohydrolase possibly 2-phosphoglycolate phosphohydrolase or inorganic pyrophosphatase,,IGABOM_02992,
group_2581,,Polysaccharide biosynthesis protein,,IGABOM_01010,
group_2580,,DUF669 domain-containing protein,,IGABOM_00421,
group_2579,,HTH tetR-type domain-containing protein,JLGHJK_02979,,
mobA,mobA,Molybdopterin-guanine dinucleotide biosynthesis protein MobA,JLGHJK_01871,,
group_2576,,Phosphate propanoyltransferase,,,PHDJFC_02298
group_2575,,DUF4811 domain-containing protein,,,PHDJFC_01709
group_2574,,putative phosphatase,,,PHDJFC_01499
group_2573,,ABC transmembrane type-1 domain-containing protein,,,PHDJFC_01120
group_2567,lexA,LexA repressor,,,PHDJFC_02584
group_2566,,Propanediol dehydratase large subunit,,,PHDJFC_02287
group_2565,,hypothetical protein,,,PHDJFC_01238
group_2564,,hypothetical protein,,,PHDJFC_01216
group_2563,,Peptidase,,,PHDJFC_01201
group_2562,,Uracil phosphoribosyltransferase,,,PHDJFC_00554
group_2561,,Integral membrane protein,,,PHDJFC_00443
group_2560,,Extracellular protein,JLGHJK_03403,,
group_2559,,hypothetical protein,JLGHJK_03381,,
group_2558,,Signal peptidase I,JLGHJK_03288,,
group_2552,,hypothetical protein,,,PHDJFC_02054
group_2551,,hypothetical protein,,,PHDJFC_01686
group_2550,,Acetate kinase,,,PHDJFC_01320
bceA,bceA,BceA protein,,,PHDJFC_01003
group_2549,,WxL domain-containing protein,,,PHDJFC_00860
group_2548,,putative nicotinate-nucleotide adenylyltransferase,,,PHDJFC_00357
group_2547,,Uracil-DNA glycosylase-like domain-containing protein,,IGABOM_03110,
group_2546,,GyrI-like small molecule binding domain-containing protein,,IGABOM_02605,
group_2545,,Phosphohydrolase,,IGABOM_01627,
group_2544,,Oxidoreductase atypical SDR family subgroup 6,,IGABOM_01617,
group_2543,,Phage tail protein,,IGABOM_00449,
group_2541,,Transposase,,,PHDJFC_03023
group_2540,,hypothetical protein,,,PHDJFC_02327
group_2539,,hypothetical protein,,,PHDJFC_01970
group_2538,,hypothetical protein,,,PHDJFC_01569
group_2537,,hypothetical protein,,,PHDJFC_01461
group_2536,,HTH tetR-type domain-containing protein,,,PHDJFC_01408
group_2535,,ABC superfamily ATP binding cassette transporter ABC protein,,,PHDJFC_00512
group_2531,,hypothetical protein,JLGHJK_00534,,
group_2530,,Dithiol-disulfide isomerase,,,PHDJFC_02456
group_2529,,Orotate phosphoribosyltransferase,,,PHDJFC_01581
group_2528,,carbonic anhydrase,,,PHDJFC_01559
group_2527,,Integral membrane protein,,,PHDJFC_01187
group_2526,,Redox-sensing transcriptional repressor Rex,,,PHDJFC_00727
group_2525,tetR,Transcriptional regulator TetR family,,,PHDJFC_00186
group_2524,,NAD(P)-binding domain-containing protein,,IGABOM_02453,
group_2523,,NAD(P)-binding domain-containing protein,,IGABOM_02443,
group_2522,,4-hydroxy-2-oxoglutarate aldolase,,IGABOM_00587,
group_2518,,hypothetical protein,JLGHJK_02509,,
group_2516,,Transposase,JLGHJK_01235,,
yxlF,yxlF,Putative ABC transporter ATP-binding protein YxlF,JLGHJK_00074,,
group_2510,,hypothetical protein,,,PHDJFC_02048
group_2509,,Saccharopine dehydrogenase related protein,,,PHDJFC_01771
group_2508,,XRE family transcriptional regulator,,,PHDJFC_01764
group_2507,,Lipoprotein,,,PHDJFC_01103
group_2506,,NAD(P)-binding domain-containing protein,,,PHDJFC_01087
group_2505,,CBS domain-containing protein,,,PHDJFC_00844
group_2504,yfbR,5'-nucleotidase yfbR,,,PHDJFC_00690
group_2503,,ABC transmembrane type-1 domain-containing protein,,,PHDJFC_00513
group_2502,,hypothetical protein,,,PHDJFC_00442
group_2501,,Phosphatidic acid phosphatase type 2/haloperoxidase domain-containing protein,,,PHDJFC_00398
group_2500,,hypothetical protein,,,PHDJFC_00343
yiiB,yiiB,YiiB,,,PHDJFC_00293
group_2494,,hypothetical protein,,,PHDJFC_01155
group_2493,,hypothetical protein,JLGHJK_02884,,
group_2490,,hypothetical protein,,,PHDJFC_02477
group_2489,,tRNA (guanine-N(7)-)-methyltransferase,,,PHDJFC_02452
group_2488,,Deoxyadenosine kinase/deoxyguanosine kinase,,,PHDJFC_02401
pulO,pulO,Type II secretory pathway prepilin signal peptidase PulO related peptidase,,,PHDJFC_02205
group_2487,,Manganese transport regulator,,,PHDJFC_02182
group_2486,,hypothetical protein,,,PHDJFC_02162
group_2485,,NAD(P)H-hydrate epimerase,,,PHDJFC_01711
group_2484,,hypothetical protein,,,PHDJFC_01611
group_2483,,NAD(P)-binding domain-containing protein,,,PHDJFC_01489
group_2482,,DNA-3-methyladenine glycosylase III,,,PHDJFC_01199
group_2481,,hypothetical protein,,,PHDJFC_00924
group_2480,,EAL domain-containing protein,,,PHDJFC_00788
group_2479,,Fibronectin-binding protein,,IGABOM_03113,
group_2478,,hypothetical protein,,IGABOM_02038,
group_2477,,Phage capsid protein,,IGABOM_00546,
group_2475,,Phage capsid protein,JLGHJK_02882,,
group_2473,,DNA alkylation repair protein,JLGHJK_02434,,
group_2470,,hypothetical protein,,,PHDJFC_02470
group_2469,,Phosphoglycerate mutase,,,PHDJFC_02126
group_2468,,Glycerol uptake facilitator protein-like 6,,,PHDJFC_01859
group_2467,,ABC transporter domain-containing protein,,,PHDJFC_01742
group_2466,,hypothetical protein,,,PHDJFC_01646
group_2465,,NlpC/P60 domain-containing protein,,,PHDJFC_01425
group_2464,lysM,LysM domain-containing protein,,,PHDJFC_01328
group_2463,,Mn-dependent transcriptional regulator,,,PHDJFC_01219
group_2462,,Sugar specific permease,,,PHDJFC_01202
group_2461,,Nitrobenzoate reductase,,IGABOM_03111,
group_2459,,Helix-turn-helix transcriptional regulator,JLGHJK_02946,,
group_2456,,DUF4355 domain-containing protein,,,PHDJFC_02671
group_2455,,Aminopyrimidine aminohydrolase,,,PHDJFC_02044
group_2454,,Phosphate-binding protein,,,PHDJFC_02006
group_2453,,Thiamine-phosphate synthase,,,PHDJFC_01749
group_2452,,KHG/KDPG aldolase [includes: 4-hydroxy-2-oxoglutarate aldolase 2-dehydro-3-deoxy-phosphogluconate aldolase],,,PHDJFC_01072
group_2451,,Matrixin family metalloprotease,,,PHDJFC_00347
group_2450,,Ribulose-phosphate 3-epimerase,,,PHDJFC_00277
group_2449,,putative transaldolase,,IGABOM_02987,
group_2448,,DNA helicase,,IGABOM_02610,
group_2446,,Response regulator,JLGHJK_01867,,
group_2442,,ISL3 family transposase,JLGHJK_00448,,
group_2440,,Phosphoglycerate mutase family protein,,,PHDJFC_02502
group_2439,,ABC transmembrane type-1 domain-containing protein,,,PHDJFC_02117
group_2438,,Transposase,,,PHDJFC_01706
group_2437,,C-di-GMP-specific phosphodiesterase,,,PHDJFC_01236
group_2431,,GTP pyrophosphokinase,,,PHDJFC_02457
group_2430,,hypothetical protein,,,PHDJFC_01275
group_2429,,hypothetical protein,,,PHDJFC_01185
group_2428,,ABC transporter domain-containing protein,,,PHDJFC_01099
group_2427,,Thymidylate kinase,,,PHDJFC_00740
yigZ,yigZ,YigZ family protein,,,PHDJFC_00718
group_2426,,hypothetical protein,,,PHDJFC_00146
erfK,erfK,Cell surface protein ErfK family,,IGABOM_02676,
group_2425,,hypothetical protein,JLGHJK_03407,,
group_2424,,DUF669 domain-containing protein,JLGHJK_02489,,
group_2421,,23-bisphosphoglycerate-dependent phosphoglycerate mutase,,,PHDJFC_02579
group_2420,,Transposase,,,PHDJFC_02413
group_2419,,23-bisphosphoglycerate-dependent phosphoglycerat e mutase,,,PHDJFC_02069
group_2418,,Surface layer protein A domain-containing protein,,,PHDJFC_02059
group_2417,,Phosphoglycerate mutase family protein,,,PHDJFC_01308
group_2416,,hypothetical protein,,,PHDJFC_01178
group_2415,,ABC transporter domain-containing protein,,,PHDJFC_00895
group_2414,,Integral membrane protein,,,PHDJFC_00651
group_2413,,C-di-GMP-specific phosphodiesterase,,,PHDJFC_00574
group_2412,,DNA repair protein,,,PHDJFC_00519
group_2411,,Transcriptional regulator,,,PHDJFC_00445
group_2410,tetR,Transcription regulator TetR family,,IGABOM_02646,
group_2409,,ABC transmembrane type-1 domain-containing protein,,IGABOM_00207,
group_2406,,Nucleotide-binding protein,JLGHJK_02490,,
group_2402,,hypothetical protein,,,PHDJFC_01561
group_2401,,VTT domain-containing protein,,,PHDJFC_00435
group_2400,,hypothetical protein,,IGABOM_01505,
group_2395,,hypothetical protein,JLGHJK_01093,,
group_2393,,Chloramphenicol acetyltransferase,,,PHDJFC_02051
group_2392,,Bacterial sugar transferase domain-containing protein,,IGABOM_01019,
plnU,plnU,PlnU,,IGABOM_00275,
plnL,plnL,Bacteriocin immunity protein PlnL,,IGABOM_00257,
group_2384,,hypothetical protein,JLGHJK_00535,,
group_2382,,Beta-phosphoglucomutase,,,PHDJFC_02403
group_2381,,hypothetical protein,,,PHDJFC_01036
minC,minC,putative septum site-determining protein MinC,,,PHDJFC_00515
group_2380,,Immunity protein PlnI membrane-bound protease CAAX family,,,PHDJFC_00135
group_2378,,hypothetical protein,JLGHJK_02503,,
group_2374,,hypothetical protein,,,PHDJFC_02516
group_2373,,Class I glutamine amidotransferase,,,PHDJFC_01570
group_2372,,hypothetical protein,,,PHDJFC_01332
yhgH,yhgH,Competence protein F-like protein phosphoribosyltransferase domain / protein YhgH required for utilization of DNA as sole source of carbon and energy,,,PHDJFC_00716
group_2371,,ABC-type cobalt transport system ATPase component,,,PHDJFC_00396
group_2370,,Uridine kinase,,,PHDJFC_00332
group_2369,,hypothetical protein,,IGABOM_00523,
group_2363,,hypothetical protein,JLGHJK_00271,,
group_2362,,hypothetical protein,,,PHDJFC_02008
group_2361,,Tyrosine specific protein phosphatases domain-containing protein,,,PHDJFC_01854
group_2360,,hypothetical protein,,,PHDJFC_01579
group_2359,,DUF4355 domain-containing protein,,IGABOM_02057,
group_2358,,hypothetical protein,JLGHJK_03540,,
group_2353,,HAD-superfamily hydrolase subfamily IA variant 1,,,PHDJFC_02883
group_2352,,Tetratricopeptide repeat protein,,,PHDJFC_02503
group_2351,,ABC transmembrane type-1 domain-containing protein,,,PHDJFC_01904
group_2350,,Arginine deiminase,,,PHDJFC_01827
group_2349,,DUF1275 domain-containing protein,,,PHDJFC_01691
yeiL,yeiL,Transcriptional regulator YeiL,,,PHDJFC_01630
group_2348,,hypothetical protein,,,PHDJFC_01482
phoU,phoU,Phosphate-specific transport system accessory protein PhoU,,,PHDJFC_00700
group_2347,,Peptidase S54 rhomboid domain-containing protein,,,PHDJFC_00322
group_2346,,hypothetical protein,,,PHDJFC_00191
group_2345,,hypothetical protein,,IGABOM_02123,
group_2338,,hypothetical protein,,,PHDJFC_01633
hrtA,hrtA,Putative hemin import ATP-binding protein HrtA,,,PHDJFC_01622
group_2337,,5'-nucleotidase,,,PHDJFC_01486
group_2336,,VTT domain-containing protein,,,PHDJFC_00997
group_2335,,hypothetical protein,,IGABOM_02660,
group_2333,,hypothetical protein,JLGHJK_01246,,
group_2331,,MgtC/SapB/SrpB/YhiD N-terminal domain-containing protein,,,PHDJFC_02874
group_2330,,Lactate racemization regulatory protein,,,PHDJFC_02025
group_2329,,hypothetical protein,,,PHDJFC_01890
group_2328,,Ribose-5-phosphate isomerase A,,,PHDJFC_00775
group_2327,arlR,Response regulator ArlR,,,PHDJFC_00345
group_2326,,Putative N-acetylmannosamine-6-phosphate 2-epimerase,,IGABOM_03007,
group_2324,,Integrase catalytic domain-containing protein,,,PHDJFC_02166
group_2323,,putative metal-dependent membrane protease,,,PHDJFC_02097
group_2322,,VIT family protein,,,PHDJFC_01989
group_2321,phoB,Phosphate regulon transcriptional regulatory protein PhoB,,,PHDJFC_01788
group_2320,,hypothetical protein,,,PHDJFC_01672
group_2319,,hypothetical protein,,,PHDJFC_01576
group_2318,,hypothetical protein,,,PHDJFC_01516
group_2317,,hypothetical protein,,,PHDJFC_00771
group_2316,,Ribonuclease 3,,,PHDJFC_00267
group_2315,,Sugar specific permease,,IGABOM_03026,
group_2314,,Flavodoxin,,IGABOM_02440,
group_2313,,Respiratory nitrate reductase subunit gamma,JLGHJK_01881,,
group_2312,,hypothetical protein,JLGHJK_01237,,
group_2308,,Transposase,,,PHDJFC_02710
group_2307,,DUF1275 domain-containing protein,,,PHDJFC_02507
group_2306,,5'-methylthioadenosine/S-adenosylhomocysteine nucleosidase,,,PHDJFC_02498
group_2305,,DUF4365 domain-containing protein,,,PHDJFC_01999
group_2304,,Flavodoxin-like fold domain-containing protein,,,PHDJFC_01924
group_2303,,23-bisphosphoglycerate-dependent phosphoglycerate mutase,,,PHDJFC_01805
group_2302,,2-haloacid dehalogenase,,,PHDJFC_01627
group_2301,gntR,Transcriptional regulator GntR family,,,PHDJFC_01572
group_2299,,Rorf242 protein,JLGHJK_02488,,
group_2295,,Glycerophosphoryl diester phosphodiesterase,,,PHDJFC_03018
group_2294,,DNA uptake protein related DNA-binding protein,,,PHDJFC_02545
group_2293,,Surface layer protein A domain-containing protein,,,PHDJFC_01843
group_2292,,hypothetical protein,,,PHDJFC_01340
group_2291,dnaD,DNA replication protein DnaD,,,PHDJFC_00150
group_2290,gntR,Transcription regulator GntR family,JLGHJK_00755,,
group_2288,,hypothetical protein,,,PHDJFC_02328
group_2287,,Integral membrane protein,,,PHDJFC_01727
group_2286,,NAD-dependent protein deacetylase,,,PHDJFC_00920
group_2285,,Large ribosomal subunit protein uL1,,,PHDJFC_00759
group_2284,,hypothetical protein,,,PHDJFC_00310
group_2278,,hypothetical protein,,,PHDJFC_01640
group_2277,gntR,GntR family transcriptional regulator,,,PHDJFC_01304
group_2272,,DUF4811 domain-containing protein,,,PHDJFC_02175
group_2271,gatD,Lipid II isoglutaminyl synthase (glutamine-hydrolyzing) subunit GatD,,,PHDJFC_00562
group_2270,,BAX inhibitor (BI)-1/YccA family protein,,,PHDJFC_00376
group_2269,,hypothetical protein,,IGABOM_02602,
group_2268,,ABC transporter domain-containing protein,JLGHJK_02978,,
group_2263,,Integral membrane protein,,,PHDJFC_02397
group_2262,,Purine nucleoside phosphorylase DeoD-type,,,PHDJFC_02318
group_2261,,Glycerol uptake facilitator protein 2,,,PHDJFC_02283
group_2260,,Integral membrane protein,,,PHDJFC_01990
group_2259,,Transcobalamin-like C-terminal domain-containing protein,,,PHDJFC_01872
group_2258,,P-type Cu(+) transporter,,,PHDJFC_01146
group_2257,,ADP-dependent (S)-NAD(P)H-hydrate dehydratase,,,PHDJFC_00390
group_2256,,hypothetical protein,,,PHDJFC_00174
group_2254,,hypothetical protein,JLGHJK_03001,,
group_2251,,ORF6C domain-containing protein,JLGHJK_02498,,
group_2250,,hypothetical protein,JLGHJK_01876,,
group_2248,,Alpha-acetolactate decarboxylase,,,PHDJFC_02879
group_2247,,Phage anti-repressor protein,,,PHDJFC_02647
group_2246,,V-type ATP synthase subunit E,,,PHDJFC_02493
group_2245,,Branched-chain amino acid ABC transporter permease,,,PHDJFC_02173
group_2244,,ABC transporter ATPase component,,,PHDJFC_01852
group_2243,,hypothetical protein,,,PHDJFC_01511
group_2242,,hypothetical protein,,,PHDJFC_00213
group_2241,,SAM-dependent methyltransferase,,,PHDJFC_00104
group_2240,,hypothetical protein,,IGABOM_02621,
group_2236,insH,Transposase InsH N-terminal domain-containing protein,JLGHJK_01334,,
group_2233,,putative membrane transporter protein,,,PHDJFC_01855
group_2232,,hypothetical protein,,,PHDJFC_01564
group_2231,,B3/B4 tRNA-binding domain-containing protein,,,PHDJFC_00972
group_2230,,Alpha-acetolactate decarboxylase,,,PHDJFC_00871
group_2229,,Sortase A,,,PHDJFC_00864
group_2228,liaF,LiaF transmembrane domain-containing protein,,,PHDJFC_00680
group_2224,,hypothetical protein,JLGHJK_01607,,
group_2222,,Integrase catalytic domain-containing protein,JLGHJK_00726,,
group_2220,,hypothetical protein,JLGHJK_00078,,
pduB,pduB,Bacterial microcompartment shell protein PduB,,,PHDJFC_02286
group_2219,,hypothetical protein,,,PHDJFC_01951
group_2218,,Demethylmenaquinone methyltransferase,,,PHDJFC_01943
group_2217,,B3/B4 tRNA-binding domain-containing protein,,,PHDJFC_01828
group_2216,,Stage 0 sporulation A-like protein,,,PHDJFC_01445
group_2215,,hypothetical protein,,,PHDJFC_01352
group_2214,,hypothetical protein,,IGABOM_01618,
group_2213,,Phage NTP-binding protein,,IGABOM_00420,
group_2207,,hypothetical protein,,,PHDJFC_02690
group_2206,,Putative FMN hydrolase / 5-Amino-6-(5'-phosphoribitylamino)uracil phosphatase,,,PHDJFC_02595
group_2205,,Orotidine 5'-phosphate decarboxylase,,,PHDJFC_01580
group_2204,,DUF1835 domain-containing protein,,,PHDJFC_01577
group_2203,,Integral membrane protein,,,PHDJFC_00971
group_2202,,Uracil-DNA glycosylase,,,PHDJFC_00661
group_2201,,ATP synthase subunit a,,,PHDJFC_00553
group_2199,,Transposase,JLGHJK_01694,,
group_2196,,Transposase,JLGHJK_00363,,
group_2194,,Uridylate kinase,,,PHDJFC_02598
group_2193,,hypothetical protein,,,PHDJFC_02243
group_2192,,hypothetical protein,,,PHDJFC_01637
group_2191,,O-sialoglycoprotein endopeptidase,,,PHDJFC_00734
group_2190,,Glucosamine-6-phosphate deaminase,,,PHDJFC_00645
group_2189,mecA,Adapter protein MecA,,,PHDJFC_00404
group_2188,,hypothetical protein,,,PHDJFC_00317
group_2186,,Bacteriophage antirepressor,,IGABOM_00526,
group_2181,,hypothetical protein,,,PHDJFC_02691
group_2180,,Transcriptional regulator,,,PHDJFC_01759
group_2179,merR,Transcriptional regulator MerR family,,,PHDJFC_01733
group_2178,,hypothetical protein,,,PHDJFC_01613
group_2177,,HTH gntR-type domain-containing protein,,,PHDJFC_01289
group_2176,,3-oxoacyl-[acyl-carrier-protein] reductase,,,PHDJFC_00247
group_2175,,ABC transporter ATP-binding protein,,,PHDJFC_00189
group_2172,ulaF,putative L-ribulose-5-phosphate 4-epimerase UlaF,,,PHDJFC_02154
group_2171,,hypothetical protein,,,PHDJFC_02066
group_2170,,Dehydrogenase/reductase SDR family member 7B,,,PHDJFC_01841
group_2169,,Ribosomal RNA small subunit methyltransferase G,,,PHDJFC_01779
group_2168,,HTH gntR-type domain-containing protein,,,PHDJFC_00886
group_2167,,HTH gntR-type domain-containing protein,,,PHDJFC_00813
ulaF,ulaF,putative L-ribulose-5-phosphate 4-epimerase UlaF,,IGABOM_03002,
group_2166,,Dehydrogenase/reductase SDR family member 7B,,IGABOM_02624,
epsD,epsD,Tyrosine-protein kinase EpsD,JLGHJK_03365,,
group_2162,,Integral membrane protein,,,PHDJFC_01785
group_2161,,Prophage P1 protein 51,,IGABOM_00556,
group_2159,,Prophage P1 protein 51,JLGHJK_02872,,
group_2156,,hypothetical protein,,,PHDJFC_02487
group_2155,,hypothetical protein,,,PHDJFC_02077
group_2154,,hypothetical protein,,,PHDJFC_01914
group_2153,,hypothetical protein,,,PHDJFC_00439
group_2148,,2-dehydro-3-deoxy-phosphogluconate aldolase,JLGHJK_00762,,
group_2146,,Fido domain-containing protein,,,PHDJFC_03030
group_2145,,MucBP domain-containing protein,,,PHDJFC_01402
artM,artM,Arginine transport ATP-binding protein ArtM,,,PHDJFC_00664
group_2144,,Cell surface protein,,,PHDJFC_00638
group_2143,,putative transcriptional regulatory protein BW721_02700,,,PHDJFC_00460
group_2142,,hypothetical protein,,,PHDJFC_00441
group_2141,araC,Transcription regulator AraC family,,IGABOM_02876,
group_2133,,hypothetical protein,JLGHJK_00444,,
group_2132,,Class I SAM-dependent methyltransferase,JLGHJK_00179,,
group_2131,,EcsA_3 protein,,,PHDJFC_02449
group_2130,,UPF0246 protein lp_0089,,,PHDJFC_01582
group_2129,,Alcohol dehydrogenase,,,PHDJFC_01281
group_2128,,N-acetylglucosaminyldiphosphoundecaprenol N-acetyl-beta-D-mannosaminyltransferase,,,PHDJFC_00811
group_2127,,Acyl-[acyl-carrier protein] thioesterase,,,PHDJFC_00735
group_2126,,putative ABC transporter ATP-binding protein PEB1C,,,PHDJFC_00462
group_2125,,Metallo-beta-lactamase domain-containing protein,,,PHDJFC_00407
group_2124,,hypothetical protein,,,PHDJFC_00180
group_2123,,Prophage P1 protein 55,,IGABOM_00560,
group_2118,,Methyltransferase domain-containing protein,,,PHDJFC_00354
group_2117,,glucose 1-dehydrogenase [NAD(P)(+)],,IGABOM_02449,
group_2116,,Two-component response regulator PlnCactivator,,IGABOM_00268,
group_2115,,Two-component response regulator PlnCactivator,,IGABOM_00267,
group_2109,,Methyltransferase small domain-containing protein,,,PHDJFC_02592
group_2108,,Nitro/flavin reductase,,,PHDJFC_01350
group_2107,,ABC-2 type transporter,,,PHDJFC_00900
group_2106,,Putative glutamine amidotransferase domain-containing protein,,,PHDJFC_00615
group_2105,,hypothetical protein,,,PHDJFC_00344
group_2104,,Serine/threonine specific protein phosphatase,,,PHDJFC_00281
group_2103,,glucose 1-dehydrogenase [NAD(P)(+)],,IGABOM_02637,
group_2102,,Two-component system response regulator,,IGABOM_02615,
group_2101,araC,Transcription regulator AraC family,,IGABOM_01015,
group_2100,,Bacteriocin immunity protein PlnPmembrane-bound protease CAAX family,,IGABOM_00263,
group_2095,,DUF475 domain-containing protein,,,PHDJFC_02086
group_2094,,hypothetical protein,,,PHDJFC_01986
group_2093,,AP endonuclease family 2,,,PHDJFC_00935
group_2089,,hypothetical protein,,,PHDJFC_02309
group_2088,,putative hydrolase of the HAD superfamily,,,PHDJFC_01848
group_2087,,hypothetical protein,,,PHDJFC_01847
group_2086,,D-alanyl-D-alanine carboxypeptidase,,,PHDJFC_01138
group_2085,,Nicotinamide mononucleotide transporter,,,PHDJFC_01096
group_2084,,Enoyl-[acyl-carrier-protein] reductase [NADH],,,PHDJFC_00238
group_2083,,ATP-dependent Clp protease proteolytic subunit,,IGABOM_00443,
group_2074,,DUF4352 domain-containing protein,,,PHDJFC_02562
group_2073,,Uncharacterized ABC transporter permease component,,,PHDJFC_01853
group_2072,,Response regulator of the LytR/AlgR family,,,PHDJFC_01284
group_2071,,Kef-type K+ transporter NAD-binding component,,,PHDJFC_01251
group_2070,,Putative aldo/keto reductase,,,PHDJFC_00223
fetB,fetB,putative iron export permease protein FetB,,,PHDJFC_01743
group_2066,,hypothetical protein,,,PHDJFC_01639
iclR,iclR,Transcriptional regulator IclR family,,,PHDJFC_01080
group_2065,,3-beta hydroxysteroid dehydrogenase,,,PHDJFC_01051
group_2064,pstB,Phosphate import ATP-binding protein PstB 3,,,PHDJFC_00701
group_2063,,Carboxylesterase,,,PHDJFC_00667
group_2062,,hypothetical protein,,,PHDJFC_00633
group_2061,,hypothetical protein,,,PHDJFC_00151
group_2060,,Methyltransferase type 11 domain-containing protein,JLGHJK_03546,,
group_2058,,Replisome organizer,JLGHJK_02487,,
group_2057,,hypothetical protein,JLGHJK_02450,,
group_2050,,Lyzozyme M1 (14-beta-N-acetylmuramidase),,,PHDJFC_02332
group_2049,,Threonine/serine exporter-like N-terminal domain-containing protein,,,PHDJFC_02183
group_2048,,N5-carboxyaminoimidazole ribonucleotide mutase,,,PHDJFC_02023
group_2047,araC,Transcription regulator AraC family,,,PHDJFC_01540
group_2046,,ABC transporter permease protein,JLGHJK_02180,,
group_2045,,hypothetical protein,JLGHJK_01612,,
group_2044,,hypothetical protein,JLGHJK_01335,,
group_2040,,hypothetical protein,,,PHDJFC_02111
group_2039,,Triosephosphate isomerase,,,PHDJFC_00672
group_2038,,Exodeoxyribonuclease,,,PHDJFC_00655
group_2037,,Flavoprotein,,,PHDJFC_00395
group_2036,,tRNA (guanine-N(1)-)-methyltransferase,,,PHDJFC_00255
group_2035,,ATP-dependent Clp protease proteolytic subunit,JLGHJK_02464,,
group_2031,,hypothetical protein,,,PHDJFC_02262
group_2030,,AAA domain-containing protein,,,PHDJFC_01781
group_2029,,hypothetical protein,,,PHDJFC_01465
group_2028,,hypothetical protein,,,PHDJFC_01111
group_2027,trmH,RNA methyltransferase TrmH family,,,PHDJFC_00766
group_2026,,hypothetical protein,,,PHDJFC_00353
group_2025,,HTH deoR-type domain-containing protein,,IGABOM_02997,
group_2019,,hypothetical protein,,,PHDJFC_02549
group_2018,,hypothetical protein,,,PHDJFC_02402
yxdL,yxdL,ABC transporter ATP-binding protein YxdL,,,PHDJFC_02089
group_2017,,RNA 2'-O ribose methyltransferase substrate binding family protein,,,PHDJFC_00339
group_2015,,Mutator family transposase,JLGHJK_02152,,
group_2014,,Iron chelatin ABC transporter ATP-binding protein,JLGHJK_01853,,
group_2013,,Short-chain alcohol dehydrogenase,,,PHDJFC_01345
group_2012,,hypothetical protein,,,PHDJFC_00711
group_2011,,Bacteriocin immunity protein PlnImembrane-bound protease CAAX family,,IGABOM_00269,
group_2010,,Tyrosine-protein phosphatase,JLGHJK_03364,,
group_2005,,hypothetical protein,,,PHDJFC_01775
group_2004,,Transport permease protein,,,PHDJFC_01524
group_2003,,hypothetical protein,,,PHDJFC_01462
group_2002,,NlpC/P60 domain-containing protein,,,PHDJFC_01025
group_2001,,D-aminoacyl-tRNA deacylase,,,PHDJFC_00914
group_2000,,Calcineurin-like phosphoesterase domain-containing protein,,,PHDJFC_00818
group_1999,,DUF1211 domain-containing protein,,IGABOM_02203,
group_1998,,Glycosyltransferase,,IGABOM_01014,
group_1993,,Cell division protein,,,PHDJFC_02492
group_1992,,Nitrate/sulfonate/bicarbonate ABC transporterATP-binding protein,,,PHDJFC_01678
group_1991,,Diacetyl reductase [(S)-acetoin forming],,,PHDJFC_01258
group_1990,,hypothetical protein,,,PHDJFC_01204
cpsC,cpsC,Capsular polysaccharide biosynthesis protein CpsC,JLGHJK_03366,,
group_1987,,hypothetical protein,JLGHJK_00758,,
group_1985,,hypothetical protein,,,PHDJFC_02483
group_1984,,YibE/F family protein,,,PHDJFC_01985
group_1983,,Fructose permease,,,PHDJFC_01668
group_1982,,NADP-dependent oxidoreductase domain-containing protein,,,PHDJFC_01355
group_1981,,AB hydrolase-1 domain-containing protein,,,PHDJFC_00987
group_1980,,hypothetical protein,,,PHDJFC_00105
group_1979,,hypothetical protein,,IGABOM_00539,
group_1975,,hypothetical protein,,,PHDJFC_01977
group_1974,,DUF4123 domain-containing protein,,,PHDJFC_00852
group_1973,,PTS system mannose-specific IIC component,,,PHDJFC_00792
group_1972,,Glucose 1-dehydrogenase,,IGABOM_02441,
group_1969,,AAA+ ATPase domain-containing protein,JLGHJK_02486,,
group_1965,,ABC transmembrane type-1 domain-containing protein,,,PHDJFC_03021
group_1964,,hypothetical protein,,,PHDJFC_02646
group_1963,,Ditranspolycis-undecaprenyl-diphosphate synthase ((2E6E)-farnesyl-diphosphate specific),,,PHDJFC_02601
group_1962,,Methionine aminopeptidase,,,PHDJFC_01844
group_1961,,Hydroxyethylthiazole kinase,,,PHDJFC_01747
group_1960,,hypothetical protein,,,PHDJFC_01339
group_1959,,DNA-binding response regulator,,,PHDJFC_00606
group_1958,,Sortase A LPXTG specific,JLGHJK_03373,,
group_1956,,Phosphatidate cytidylyltransferase,,,PHDJFC_02602
suhB,suhB,Inositol-1-monophosphatase SuhB,,,PHDJFC_02537
group_1955,,Aminoglycoside phosphotransferase domain-containing protein,,,PHDJFC_02451
ybjI,ybjI,Flavin mononucleotide phosphatase YbjI,,IGABOM_00249,
group_1948,,hypothetical protein,JLGHJK_00511,,
group_1947,,hypothetical protein,,,PHDJFC_02354
group_1946,,BD-FAE-like domain-containing protein,,,PHDJFC_02186
group_1945,,ribonuclease H,,,PHDJFC_01932
group_1944,,hypothetical protein,,,PHDJFC_01765
group_1943,,pyridoxal kinase,,,PHDJFC_01683
group_1942,,Metallophosphoesterase,,,PHDJFC_00500
group_1941,,Acid sugar phosphatase,,,PHDJFC_00444
group_1940,,3-oxoacyl-[acyl-carrier protein] reductase,,,PHDJFC_00437
group_1939,rpiR,Transcription regulator RpiR family,,IGABOM_02968,
group_1938,,Maltose/maltodextrin import ATP-binding protein,,IGABOM_02632,
group_1937,,DNA primase,,IGABOM_00424,
group_1936,,Nucleotidyl transferase AbiEii/AbiGii toxin family protein,,IGABOM_00292,
group_1932,,hypothetical protein,JLGHJK_00079,,
group_1931,,tRNA pseudouridine synthase A,,,PHDJFC_02240
group_1930,,Methionine aminopeptidase,,,PHDJFC_01944
group_1929,,hypothetical protein,,,PHDJFC_01915
group_1928,,N-acetylmannosamine kinase,,,PHDJFC_00903
group_1927,,ABC transporter permease protein,,,PHDJFC_00894
group_1926,,Diguanylate cyclase phosphodiesterase domain 2 containing protein,,,PHDJFC_00403
group_1925,,Cell surface protein,,IGABOM_02655,
group_1919,,Branched-chain amino acid ABC transporter,,,PHDJFC_01797
group_1918,,hypothetical protein,,,PHDJFC_01147
group_1917,,Pur operon repressor,,,PHDJFC_00891
group_1916,,Prophage P2b protein 7 DNA replication,,,PHDJFC_00592
group_1915,,Sporulation initiation inhibitor protein Soj,JLGHJK_03423,,
group_1912,,AAA domain-containing protein,,,PHDJFC_03026
group_1911,,Small ribosomal subunit protein uS2,,,PHDJFC_02596
group_1910,,NAD kinase,,,PHDJFC_02458
group_1909,,ABC transmembrane type-1 domain-containing protein,,,PHDJFC_02012
group_1908,,ABC transporter domain-containing protein,,,PHDJFC_02010
group_1907,,Lipoprotein,,,PHDJFC_01901
group_1906,,Integral membrane protein,,,PHDJFC_01291
group_1905,,Pyrroline-5-carboxylate reductase,,,PHDJFC_00815
group_1904,,putative transcriptional regulator,,,PHDJFC_00107
group_1896,,25-didehydrogluconate reductase (2-dehydro-L-gulonate-forming),,,PHDJFC_02029
group_1895,,HAD superfamily hydrolase,,,PHDJFC_01845
lrgB,lrgB,Antiholin-like protein LrgB,,,PHDJFC_00721
group_1894,,hypothetical protein,,,PHDJFC_00610
group_1893,minD,Septum site-determining protein MinD,,,PHDJFC_00514
group_1892,,hypothetical protein,,IGABOM_02673,
group_1891,,Sporulation initiation inhibitor protein Soj,,IGABOM_00023,
group_1890,,AAA domain-containing protein,JLGHJK_03541,,
group_1889,,Sporulation initiation inhibitor protein Soj,,,PHDJFC_02899
group_1888,,hypothetical protein,,,PHDJFC_02056
group_1887,,hypothetical protein,,,PHDJFC_01299
group_1886,,putative 2-(5''-triphosphoribosyl)-3'-dephosphocoenzyme-A synthase,,,PHDJFC_00978
group_1885,,hypothetical protein,,,PHDJFC_00565
group_1878,,DMT family transporter,,,PHDJFC_00613
group_1877,,Transposase IS30 family,,IGABOM_00039,
group_1876,,hypothetical protein,JLGHJK_02929,,
group_1872,,Cof-type HAD-IIB family hydrolase,,,PHDJFC_02058
group_1871,,Alpha beta hydrolase,,,PHDJFC_02057
group_1870,,Hydroxymethylpyrimidine/phosphomethylpyrimidine kinase,,,PHDJFC_01926
group_1869,,Hydroxymethylpyrimidine/phosphomethylpyrimidine kinase,,,PHDJFC_01748
amyC,amyC,putative starch degradation products transport system permease protein AmyC,,,PHDJFC_01551
group_1868,,Bacterial Ig domain-containing protein,,,PHDJFC_01354
kduD,kduD,2-dehydro-3-deoxy-D-gluconate 5-dehydrogenase KduD,,,PHDJFC_01075
group_1867,,Sugar-phosphatase,,IGABOM_02985,
group_1866,,Cell surface hydrolase,,IGABOM_01623,
group_1865,,Hydrolase,,IGABOM_00251,
group_1864,,Integrase catalytic domain-containing protein,JLGHJK_02317,,
group_1859,,hypothetical protein,,,PHDJFC_02083
group_1858,,putative hydrolase of the HAD superfamily,,,PHDJFC_01029
group_1857,tnp,IS982 family ISLpl4 transposase,JLGHJK_02409,,
group_1852,,14-dihydroxy-2-naphthoyl-CoA synthase,,,PHDJFC_01398
group_1851,,Glutamate-aspartate carrier protein,,,PHDJFC_01373
group_1850,,Lipooligosaccharide cholinephosphotransferase,,,PHDJFC_00628
group_1849,,Phage tail protein,,IGABOM_00452,
group_1844,,ABC transmembrane type-1 domain-containing protein,,,PHDJFC_02013
group_1843,,Phosphopentomutase,,,PHDJFC_01772
group_1842,,Aminoglycoside N(3)-acetyltransferase,,,PHDJFC_01356
group_1841,,Core-binding (CB) domain-containing protein,,,PHDJFC_01141
pstB,pstB,Phosphate import ATP-binding protein PstB 3,,,PHDJFC_00702
group_1840,,NAD(+) diphosphatase,,IGABOM_02649,
group_1839,,Bacterial Ig domain-containing protein,,IGABOM_02609,
group_1838,,Dehydrogenase/reductase SDR family member 7C,,IGABOM_02198,
group_1837,,DUF1351 domain-containing protein,JLGHJK_02491,,
group_1835,,Transposase,JLGHJK_00859,,
group_1833,,Putative exodeoxyribonuclease 8 PDDEXK-like domain-containing protein,,,PHDJFC_02645
yycJ,yycJ,Exodeoxyribonuclease YycJ,,,PHDJFC_01441
group_1832,,hypothetical protein,,,PHDJFC_01067
group_1831,,Mannose-specific PTS system component IID,,,PHDJFC_00791
group_1830,,Integral membrane protein,,,PHDJFC_00463
group_1829,,IS30 family transposase,,IGABOM_00942,
group_1826,,IS30 family transposase,JLGHJK_00959,,
group_1824,,ABC transmembrane type-1 domain-containing protein,,,PHDJFC_03020
group_1823,,hypothetical protein,,,PHDJFC_02683
group_1822,,Alpha-N-arabinofuranosidase,,,PHDJFC_02146
group_1821,,hypothetical protein,,,PHDJFC_01969
group_1820,,Response regulatory domain-containing protein,,,PHDJFC_01818
group_1819,,TGS domain-containing protein,,,PHDJFC_01784
group_1818,,NH(3)-dependent NAD(+) synthetase,,,PHDJFC_00809
group_1817,,Glutamate racemase,,,PHDJFC_00475
group_1812,,Proline iminopeptidase,,,PHDJFC_02101
group_1811,,Phosphoglycerate kinase,,,PHDJFC_01660
group_1810,yidC,Membrane protein insertase YidC 2,,,PHDJFC_01478
group_1809,,Acetyl-coenzyme A carboxylase carboxyl transferase subunit beta 2,,,PHDJFC_00241
bglB,bglB,Transcription antiterminator BglB family,,IGABOM_02656,
group_1807,,Transposase IS30 family,JLGHJK_02316,,
group_1804,,Pseudouridine synthase,,,PHDJFC_02459
group_1803,,Pyridinium-35-bisthiocarboxylic acid mononucleotide synthase,,,PHDJFC_02021
group_1802,,Chromosome partitioning protein DNA-binding protein,,,PHDJFC_01780
group_1801,,Short-chain dehydrogenase/oxidoreductase,,IGABOM_02639,
group_1800,,hypothetical protein,,IGABOM_00239,
group_1794,,hypothetical protein,,,PHDJFC_02886
group_1793,,hypothetical protein,,,PHDJFC_02284
group_1792,ecfA1,Energy-coupling factor transporter ATP-binding protein EcfA1,,,PHDJFC_02238
group_1791,,Lipoate-protein ligase A,,,PHDJFC_00881
group_1790,,Lipoprotein,,IGABOM_00205,
group_1786,,hypothetical protein,,,PHDJFC_02480
group_1785,,25-diketo-D-gluconic acid reductase B,,,PHDJFC_01881
group_1784,,Solute-binding protein family 3/N-terminal domain-containing protein,,,PHDJFC_00511
group_1777,,4-deoxy-L-threo-5-hexosulose-uronate ketol-isomerase 1,,,PHDJFC_01323
group_1776,,4-deoxy-L-threo-5-hexosulose-uronate ketol-isomerase 1,,,PHDJFC_01076
group_1775,,putative membrane transporter protein,,,PHDJFC_01053
group_1774,,DUF72 domain-containing protein,,,PHDJFC_00918
group_1773,,Band 7 domain-containing protein,,,PHDJFC_00539
group_1772,,PRD domain-containing protein,,IGABOM_02962,
group_1771,,hypothetical protein,,IGABOM_02065,
group_1770,,hypothetical protein,,IGABOM_02036,
group_1767,,2-succinyl-6-hydroxy-2 4-cyclohexadiene-1-carboxylate synthase,,,PHDJFC_01726
group_1766,,Band 7 domain-containing protein,,,PHDJFC_01404
group_1765,,Oxidoreductase aldo/keto reductase family protein,,,PHDJFC_01338
group_1764,,Prophage P2a protein 59 extracellular polysaccharide deacetylase lipid-anchored [Lactobacillus plantarum ZJ316],,,PHDJFC_01142
group_1763,,Integral membrane protein,,,PHDJFC_01060
group_1759,,NERD domain-containing protein,,,PHDJFC_02344
group_1758,,3'5'-cyclic-nucleotide phosphodiesterase,,,PHDJFC_01778
group_1757,,SAM-dependent methyltransferase,,,PHDJFC_01723
group_1756,,hypothetical protein,,,PHDJFC_01405
group_1755,,hypothetical protein,,,PHDJFC_01119
group_1754,ccmA,Heme ABC exporter ATP-binding protein CcmA,,,PHDJFC_00899
group_1753,,Diadenylate cyclase,,,PHDJFC_00650
group_1752,,Release factor glutamine methyltransferase,,,PHDJFC_00557
mreC,mreC,Cell shape-determining protein MreC,,,PHDJFC_00517
group_1751,,Rhamnulose-1-phosphate aldolase,,IGABOM_03027,
group_1750,,Transcription antiterminator,,IGABOM_02978,
group_1749,,NADP-dependent oxidoreductase domain-containing protein,,IGABOM_02450,
group_1748,,Oxidoreductase aldo/keto reductase family protein,,IGABOM_02438,
group_1743,,transposase,JLGHJK_00336,,
group_1742,,hypothetical protein,,,PHDJFC_02305
group_1741,,Multiple sugar ABC membrane-spanning permease protein,,,PHDJFC_01550
group_1740,,Regulatory protein YycH-like domain-containing protein,,,PHDJFC_01442
group_1739,,hypothetical protein,,,PHDJFC_01397
group_1738,degV,DegV family EDD domain-containing protein,,,PHDJFC_01066
group_1737,,BD-FAE-like domain-containing protein,,,PHDJFC_01059
group_1736,,4-diphosphocytidyl-2-C-methyl-D-erythritol kinase,,,PHDJFC_00910
group_1735,,Sugar transport protein,,IGABOM_02442,
group_1731,,Nucleoside-diphosphate-sugar epimerase,,,PHDJFC_01544
group_1730,,Hydrogenase,,,PHDJFC_01112
group_1729,lysR,LysR family transcriptional regulator,,,PHDJFC_01054
group_1728,,Short-chain dehydrogenase/oxidoreductaseatypical SDR family TMR-like,,,PHDJFC_01013
group_1727,,Oxidoreductase aldo/keto reductase family protein,,IGABOM_02451,
group_1723,,HTH rpiR-type domain-containing protein,,,PHDJFC_02331
group_1722,,hypothetical protein,,,PHDJFC_01256
group_1721,,Formamidopyrimidine-DNA glycosylase,,,PHDJFC_00371
group_1716,degV,DegV family protein,,,PHDJFC_02455
group_1715,araC,AraC family transcriptional regulator,,,PHDJFC_01590
group_1714,,NADP-dependent oxidoreductase domain-containing protein,,,PHDJFC_01249
group_1713,,Zinc-ribbon domain-containing protein,,,PHDJFC_01234
group_1712,,Phosphatidylglycerol--prolipoprotein diacylglyceryl transferase,,,PHDJFC_00695
group_1711,,Oxidoreductase aldo/keto reductase family protein,,,PHDJFC_00166
group_1710,,hypothetical protein,,IGABOM_02740,
group_1707,araC,Transcription regulator AraC family,JLGHJK_02048,,
group_1706,,DUF4767 domain-containing protein,JLGHJK_01345,,
group_1704,,Basic amino acid/polyamine antiporter APA family,,,PHDJFC_02257
group_1703,,2-hydroxy-3-oxopropionate reductase,,,PHDJFC_02087
group_1702,degV,DegV family protein,,,PHDJFC_02030
group_1701,,Glucose uptake protein,,,PHDJFC_00603
folD,folD,Bifunctional protein FolD,,,PHDJFC_00300
group_1700,degV,DegV family protein,,,PHDJFC_00114
group_1698,,ABC transporter protein,JLGHJK_02623,,
group_1697,,Transport permease protein,JLGHJK_02622,,
group_1696,,hypothetical protein,JLGHJK_02468,,
group_1690,,Cell division protein DivIB,,,PHDJFC_02486
group_1689,,hypothetical protein,,,PHDJFC_02433
group_1685,,Tkt,,,PHDJFC_02520
group_1684,,hypothetical protein,,,PHDJFC_01649
group_1683,araC,Transcription regulator AraC family,,IGABOM_00250,
group_1680,,hypothetical protein,JLGHJK_01859,,
group_1678,,HTH arsR-type domain-containing protein,,,PHDJFC_02149
group_1677,,fructokinase,,,PHDJFC_01666
group_1676,,HTH araC/xylS-type domain-containing protein,,,PHDJFC_01193
group_1675,,hypothetical protein,,,PHDJFC_01176
group_1674,,ARA1 protein,,,PHDJFC_00167
group_1673,,Integral membrane protein,,IGABOM_02251,
group_1672,,hypothetical protein,,IGABOM_00240,
group_1666,,Amino acid ABC superfamily ATP binding cassette transporter binding protein,,,PHDJFC_02510
group_1665,pfkB,Carbohydrate kinase PfkB domain-containing protein,,,PHDJFC_01575
group_1664,,Aldose 1-epimerase,,,PHDJFC_01309
group_1663,,hypothetical protein,,,PHDJFC_00197
group_1658,,Polyphosphate kinase-2-related domain-containing protein,,,PHDJFC_02580
group_1657,lysR,Transcriptional regulator LysR family,,,PHDJFC_01863
group_1656,,hypothetical protein,,,PHDJFC_01102
group_1655,,Homoserine kinase,,,PHDJFC_00804
group_1654,,Ribosomal RNA small subunit methyltransferase I,,,PHDJFC_00736
group_1653,pstS,Phosphate-binding protein PstS 1,,,PHDJFC_00706
group_1652,,Small-conductance mechanosensitive channel,,,PHDJFC_00468
group_1651,,hypothetical protein,JLGHJK_02891,,
group_1646,,Elongation factor Ts,,,PHDJFC_02597
group_1645,,Pseudouridine synthase,,,PHDJFC_02160
group_1644,,Lipoprotein,,,PHDJFC_01981
group_1643,,Chromosome partitioning protein,,,PHDJFC_01782
group_1642,,Transcriptional regulator xre family,,,PHDJFC_00942
group_1641,,Nucleotide-binding protein SSA_0810,,,PHDJFC_00685
group_1640,,HTH cro/C1-type domain-containing protein,,,PHDJFC_00535
group_1639,,hypothetical protein,,,PHDJFC_00366
group_1638,,Oxidoreductase aldo/keto reductase family protein,,IGABOM_02444,
group_1631,,Binding-protein-dependent transport systems inner membrane component,,,PHDJFC_02123
cbiQ,cbiQ,ABC-type cobalt transport system permease component CbiQ related transporter,,,PHDJFC_01868
group_1630,lysR,Malolactic regulator LysR family,,,PHDJFC_01614
group_1629,,Pseudouridine synthase,,,PHDJFC_01279
group_1628,,Transcriptional regulator,,,PHDJFC_00992
group_1627,,33 kDa chaperonin,,,PHDJFC_00829
group_1626,,HTH cro/C1-type domain-containing protein,,IGABOM_01245,
group_1625,,hypothetical protein,JLGHJK_03433,,
group_1616,,Diacylglycerol kinase,,,PHDJFC_02572
group_1615,,Cell wall-associated hydrolase,,,PHDJFC_02521
group_1614,degV,DegV family protein,,,PHDJFC_02092
yqgI,yqgI,putative ABC transporter permease protein YqgI,,,PHDJFC_02009
group_1613,,hypothetical protein,,,PHDJFC_01598
group_1612,,Ribosomal RNA small subunit methyltransferase A,,,PHDJFC_00912
group_1611,,N-acetylmuramic acid 6-phosphate etherase,,IGABOM_02973,
group_1610,lysR,LysR family transcriptional regulator,,IGABOM_02445,
pfkB,pfkB,Carbohydrate kinase PfkB domain-containing protein,JLGHJK_03563,,
group_1608,,HTH-type transcriptional regulator Rgg C-terminal domain-containing protein,JLGHJK_00922,,
group_1605,,ABC transporter domain-containing protein,,,PHDJFC_02034
group_1604,,ABC transporter domain-containing protein,,,PHDJFC_01317
group_1603,,Alpha beta hydrolase,,,PHDJFC_01055
group_1602,,ABC-type multidrug transport system ATPase component,,,PHDJFC_00969
group_1601,,hypothetical protein,,,PHDJFC_00781
isdE,isdE,High-affinity heme uptake system protein IsdE,,,PHDJFC_00635
group_1600,,Dihydrokaempferol 4-reductase,,IGABOM_02636,
group_1592,,hypothetical protein,,,PHDJFC_02603
group_1591,,CDF family cation diffusion facilitator,,,PHDJFC_02181
group_1590,,Protease HtpX-like protein,,,PHDJFC_00853
group_1589,yidC,Membrane protein insertase YidC,,,PHDJFC_00341
group_1588,rsgA,Small ribosomal subunit biogenesis GTPase RsgA,,,PHDJFC_00278
group_1578,,ATP synthase gamma chain,,,PHDJFC_00549
group_1577,,hypothetical protein,,,PHDJFC_00270
group_1573,,ABC transporter ATP-binding protein,JLGHJK_02179,,
group_1572,,Polyprenyl synthetase,JLGHJK_01864,,
group_1570,,ABC transporter membrane spanning permease,,,PHDJFC_02090
group_1569,metN,Methionine import ATP-binding protein MetN,,,PHDJFC_01903
group_1568,,hypothetical protein,,,PHDJFC_01509
group_1567,,Partial 6-phosphogluconate dehydrogenase,,,PHDJFC_01305
group_1560,,hypothetical protein,,,PHDJFC_02001
group_1559,,GroES-like protein,,,PHDJFC_01643
group_1558,,hypothetical protein,,,PHDJFC_01538
group_1557,,UTP--glucose-1-phosphate uridylyltransferase,,,PHDJFC_00693
group_1556,,hypothetical protein,,,PHDJFC_00508
group_1555,,hypothetical protein,JLGHJK_03397,,
group_1552,,CorA-like protein,,,PHDJFC_02871
group_1551,,Lactate/malate dehydrogenase NAD binding domain protein,,,PHDJFC_02535
group_1550,,N-acetylmuramic acid 6-phosphate etherase,,,PHDJFC_02513
group_1549,,14-dihydroxy-2-naphthoate polyprenyltransferase,,,PHDJFC_02271
group_1548,,L-asparaginase,,,PHDJFC_02037
group_1547,,Alcohol dehydrogenase,,,PHDJFC_01667
group_1546,,hypothetical protein,,,PHDJFC_00797
group_1545,,Glucosamine kinase,,IGABOM_02958,
group_1544,,HTH lysR-type domain-containing protein,,IGABOM_02650,
group_1543,,Glycosyltransferase family 2 (GT2),,IGABOM_01006,
group_1538,,tRNA pseudouridine synthase B,,,PHDJFC_02617
group_1537,,Ribonuclease BN,,,PHDJFC_02345
group_1536,,Lipoprotein,,,PHDJFC_01801
group_1535,,Integral membrane protein,,,PHDJFC_01834
group_1534,,Inosine-uridine preferring nucleoside hydrolase,,,PHDJFC_01777
group_1533,,Prenyltransferase,,,PHDJFC_01523
group_1532,,Regulatory protein YycH-like domain-containing protein,,,PHDJFC_01379
group_1531,,Malate permease,,,PHDJFC_01244
group_1530,,Citrate lyase subunit beta,,,PHDJFC_00981
group_1529,,ABC transporter substrate-binding protein,,,PHDJFC_00784
group_1528,,3-hydroxyacyl-CoA dehydrogenase,,,PHDJFC_00752
group_1527,,NADP-dependent oxidoreductase domain-containing protein,,,PHDJFC_00448
group_1526,,Malonyl CoA-acyl carrier protein transacylase,,,PHDJFC_00248
group_1525,,hypothetical protein,,IGABOM_02618,
group_1524,,site-specific DNA-methyltransferase (adenine-specific),,IGABOM_02100,
group_1523,lysR,Transcription regulator LysR family,,IGABOM_00079,
group_1522,,Medium chain dehydrogenases/reductase (MDR)/zinc-dependent alcohol dehydrogenase-like family protein,,IGABOM_00076,
group_1518,,Transposase IS4-like domain-containing protein,JLGHJK_01333,,
group_1517,,Sce7725 family protein,,,PHDJFC_01998
group_1516,,Mg2+ and Co2+ transporter,,,PHDJFC_01095
group_1515,,hypothetical protein,,,PHDJFC_00271
group_1514,,hypothetical protein,,IGABOM_00241,
group_1513,,AAA domain-containing protein,JLGHJK_03412,,
group_1504,,Ribokinase,,,PHDJFC_02517
group_1502,,Integrase catalytic domain-containing protein,,IGABOM_01625,
group_1501,,hypothetical protein,,IGABOM_00499,
group_1500,,HTH araC/xylS-type domain-containing protein,,IGABOM_00110,
group_1498,,Integrase catalytic domain-containing protein,JLGHJK_01369,,
group_1493,,Pantothenate kinase,,,PHDJFC_02129
group_1492,,tRNA dimethylallyltransferase,,,PHDJFC_00316
group_1491,,hypothetical protein,,,PHDJFC_00188
group_1490,,Pseudouridine synthase,,,PHDJFC_00125
group_1489,,hypothetical protein,,,PHDJFC_00103
group_1485,,ABC-type metal ion transport system periplasmic component surface adhesin,,,PHDJFC_00896
group_1484,,Phosphate transport system permease protein,,,PHDJFC_00705
group_1483,dnaI,Primosomal protein DnaI,,,PHDJFC_00365
group_1482,,DUF2179 domain-containing protein,,,PHDJFC_00209
group_1476,,Phage head morphogenesis domain-containing protein,,,PHDJFC_02670
group_1475,,TPR repeat-containing protein,,,PHDJFC_02553
group_1474,,ABC transmembrane type-1 domain-containing protein,,,PHDJFC_02122
group_1473,,DMT family transporter,,,PHDJFC_00977
group_1472,,hypothetical protein,,,PHDJFC_00334
group_1471,,Fe/B12 periplasmic-binding domain-containing protein,,IGABOM_02631,
rihA,rihA,Pyrimidine-specific ribonucleoside hydrolase RihA,,,PHDJFC_01690
group_1460,,Serine aminopeptidase S33 domain-containing protein,,,PHDJFC_01211
group_1459,,ABC transporter osmoprotectant-binding protein glycine betaine/carnitine/choline ABC transporter,,,PHDJFC_01121
group_1458,,hypothetical protein,,,PHDJFC_00966
group_1457,,Glycosyltransferase family 2 (GT2),,IGABOM_01007,
group_1456,,hypothetical protein,,IGABOM_00459,
group_1451,,Initiator Rep protein WH1 domain-containing protein,,,PHDJFC_02890
prsA,prsA,Foldase protein PrsA,,,PHDJFC_02445
group_1450,rihB,Pyrimidine-specific ribonucleoside hydrolase RihB,,,PHDJFC_01631
drrA,drrA,DrrA protein,,,PHDJFC_01525
group_1449,,HPr kinase/phosphorylase,,,PHDJFC_00696
group_1448,,exopolyphosphatase,,,PHDJFC_00632
group_1447,,Restriction endonuclease type IV Mrr domain-containing protein,,IGABOM_01555,
group_1442,,Penicillin V acylase family protein,,,PHDJFC_01896
group_1441,,ABC transporter permease,,,PHDJFC_00968
group_1440,,hypothetical protein,,,PHDJFC_00953
group_1439,,hypothetical protein,,,PHDJFC_00731
whiA,whiA,putative cell division protein WhiA,,,PHDJFC_00683
group_1437,,Glycosyltransferase 2-like domain-containing protein,,,PHDJFC_02342
group_1436,eamA,EamA family transporter,,,PHDJFC_01151
group_1435,,hypothetical protein,,,PHDJFC_01091
group_1434,,Purine nucleosidase,,,PHDJFC_00976
group_1433,,Thioredoxin reductase,,,PHDJFC_00692
group_1430,,hypothetical protein,,,PHDJFC_02686
group_1429,,Carbamate kinase 2,,,PHDJFC_01826
group_1428,,hypothetical protein,,,PHDJFC_01682
group_1427,,ADP-ribosylglycohydrolase,,,PHDJFC_01418
group_1426,,hypothetical protein,,,PHDJFC_01394
group_1425,,hypothetical protein,,,PHDJFC_01183
group_1424,,Di-and tricarboxylate transporter,,,PHDJFC_00575
group_1423,,Methionyl-tRNA formyltransferase,,,PHDJFC_00283
group_1422,,NADPH:quinone reductase,,,PHDJFC_00106
group_1421,lysM,Extracellular transglycosylase with LysM peptidoglycan binding domain,,IGABOM_02412,
group_1420,,Phage head morphogenesis domain-containing protein,,IGABOM_00545,
group_1418,,Phage head morphogenesis domain-containing protein,JLGHJK_02883,,
group_1414,,Riboflavin biosynthesis protein,,,PHDJFC_02618
group_1413,,Phosphoglycerate dehydrogenase related enzyme,,,PHDJFC_02265
group_1412,,Auxin efflux carrier,,,PHDJFC_00782
group_1411,,hypothetical protein,,IGABOM_01619,
insH,insH,Transposase InsH N-terminal domain-containing protein,JLGHJK_00335,,
tagU,tagU,Polyisoprenyl-teichoic acid--peptidoglycan teichoic acid transferase TagU,,,PHDJFC_02260
group_1410,,Putative autolytic enzyme,,,PHDJFC_01889
group_1409,,Peptide ABC transporter permease,,,PHDJFC_01271
group_1408,,N-acetylmuramic acid 6-phosphate etherase,,IGABOM_02957,
group_1405,,Ribonuclease Z,,,PHDJFC_02564
group_1404,,Tyrosine-protein phosphatase,,,PHDJFC_01812
group_1403,,hypothetical protein,,,PHDJFC_01217
group_1402,,Peroxidase,,,PHDJFC_01114
group_1401,ycsN,Oxidoreductase YcsN,,,PHDJFC_01005
group_1400,,Putative sugar-binding domain protein,,,PHDJFC_00986
group_1399,,[Citrate [pro-3S]-lyase] ligase,,,PHDJFC_00983
ycsN,ycsN,Oxidoreductase YcsN,,IGABOM_02628,
group_1398,,Lin1244/Lin1753-like N-terminal domain-containing protein,,IGABOM_00524,
group_1396,,hypothetical protein,JLGHJK_02584,,
group_1392,rihB,Pyrimidine-specific ribonucleoside hydrolase RihB,,,PHDJFC_02062
group_1391,,Penicillin V acylase family protein,,,PHDJFC_01708
group_1390,,L-lactate dehydrogenase,,,PHDJFC_00841
group_1386,,DAGKc domain-containing protein,,,PHDJFC_02526
group_1385,,Citrate lyase regulator,,,PHDJFC_02319
group_1384,,ABC-type oligopeptide transport system ATPase component,,,PHDJFC_02125
group_1383,,ABC transmembrane type-1 domain-containing protein,,,PHDJFC_01270
group_1382,,hypothetical protein,,,PHDJFC_01131
group_1381,,hypothetical protein,,,PHDJFC_00560
group_1376,,hypothetical protein,,,PHDJFC_02484
group_1375,,Putative 2-hydroxyacid dehydrogenase SSP0606,,,PHDJFC_02405
group_1374,,Beta-lactamase class A,,,PHDJFC_01850
group_1373,,2-dehydro-3-deoxygluconokinase,,,PHDJFC_01073
group_1372,,2-dehydro-3-deoxygluconokinase,,,PHDJFC_00933
group_1371,,Pathogenicity island SaPIn1,JLGHJK_03402,,
group_1365,,ABC transporter permease,,,PHDJFC_02094
group_1364,,ABC transporter substrate binding protein,,,PHDJFC_02093
group_1363,,Electron transfer flavoprotein alpha/beta-subunit N-terminal domain-containing protein,,,PHDJFC_01957
group_1362,,Beta-galactosidase small subunit,,,PHDJFC_01547
group_1361,,HTH lacI-type domain-containing protein,,,PHDJFC_01038
group_1360,,UPF0324 membrane protein LJ_1117,,,PHDJFC_00993
group_1359,,IpaB/EvcA family protein,,,PHDJFC_00921
group_1358,,hypothetical protein,,,PHDJFC_00719
tadA,tadA,Flp pilus assembly complex ATPase component TadA,,,PHDJFC_00459
group_1357,,hypothetical protein,,,PHDJFC_00328
group_1356,,DUF3991 domain-containing protein,JLGHJK_03380,,
group_1354,,hypothetical protein,JLGHJK_02579,,
group_1353,,WYL domain-containing protein,JLGHJK_01882,,
yqiG,yqiG,putative NADH-dependent flavin oxidoreductase yqiG,,,PHDJFC_01878
group_1349,lacI,Transcriptional regulator LacI family,,,PHDJFC_01344
group_1348,,Cell surface protein,,,PHDJFC_00649
isdF,isdF,putative heme-iron transport system permease protein IsdF,,,PHDJFC_00634
group_1347,,Enoyl reductase (ER) domain-containing protein,,IGABOM_02603,
group_1345,,hypothetical protein,JLGHJK_01898,,
group_1342,,Auxin efflux carrier,,,PHDJFC_01616
group_1341,,hypothetical protein,,,PHDJFC_01475
group_1340,,Cation diffusion facilitator family transporter,,,PHDJFC_01277
group_1339,,hypothetical protein,,,PHDJFC_00538
group_1338,,Glucokinase,,,PHDJFC_00320
group_1337,,hypothetical protein,,,PHDJFC_00279
group_1332,,HD domain-containing protein,,,PHDJFC_02444
group_1331,,hypothetical protein,,,PHDJFC_01438
oppF,oppF,Oligopeptide transport ATP-binding protein OppF,,,PHDJFC_01269
group_1330,,Phosphate acetyltransferase,,,PHDJFC_00660
nrnA,nrnA,Putative bifunctional oligoribonuclease and PAP phosphatase NrnA,,,PHDJFC_00491
group_1329,,diphosphomevalonate decarboxylase,,,PHDJFC_00158
group_1328,,choloylglycine hydrolase,,IGABOM_02984,
group_1320,,Pyruvate dehydrogenase E1 component subunit beta,,,PHDJFC_02532
group_1319,,Heptaprenyl diphosphate synthase,,,PHDJFC_02270
group_1318,,hypothetical protein,,,PHDJFC_01793
group_1317,lacI,Transcriptional regulator LacI family,,,PHDJFC_01687
group_1316,,Cobalt-zinc-cadmium resistance protein,,,PHDJFC_01629
group_1315,lacI,Transcription regulator LacI family,,IGABOM_02980,
group_1309,,2-dehydro-3-deoxygluconokinase,,,PHDJFC_01322
group_1308,,Malate permease,,,PHDJFC_00984
group_1307,lytR,Bifunctional protein: ABC transporterATP-binding protein transcription regulator LytR family,,,PHDJFC_00898
group_1306,,Ribose-phosphate pyrophosphokinase,,,PHDJFC_00889
group_1305,,hypothetical protein,,,PHDJFC_00489
scrR,scrR,ScrR,,IGABOM_00074,
group_1303,,DNA polymerase III subunit delta,JLGHJK_01865,,
group_1300,,Nickel/cobalt efflux system,,,PHDJFC_02018
group_1299,,NADP-dependent oxidoreductase domain-containing protein,,,PHDJFC_01908
iolS,iolS,Protein IolS,,,PHDJFC_01529
group_1298,,Tyrosine--tRNA ligase,,,PHDJFC_00952
group_1297,,Beta-ketoacyl-[acyl-carrier-protein] synthase III 2,,,PHDJFC_00250
group_1296,,2-dehydropantoate 2-reductase,,IGABOM_00208,
group_1295,,Putative ribose-phosphate pyrophosphokinase 2,,,PHDJFC_02506
group_1294,,34-dihydroxy-2-butanone 4-phosphate synthase,,,PHDJFC_02254
group_1293,,GMP reductase,,,PHDJFC_01215
group_1292,lacI,LacI family DNA-binding transcriptional regulator,,,PHDJFC_00930
group_1285,,NADP-dependent oxidoreductase domain-containing protein,,,PHDJFC_02514
group_1284,,Transposase,JLGHJK_02282,,
group_1281,,4-phosphoerythronate dehydrogenase,,,PHDJFC_01307
group_1279,,Prophage P1 protein 53 GDSL-like lipase/acylhydrolase family,,IGABOM_00558,
group_1278,,Prophage P1 protein 53 GDSL-like lipase/acylhydrolase family,JLGHJK_02870,,
group_1277,,Peptide ABC transporter substrate-binding protein,,,PHDJFC_02091
group_1276,,tRNA-dihydrouridine synthase,,,PHDJFC_01184
group_1275,,AB hydrolase-1 domain-containing protein,,,PHDJFC_00897
group_1274,,Ribonucleoside-diphosphate reductase subunit beta,,,PHDJFC_00750
group_1273,,Iron chelatin ABC transporter permease protein,,IGABOM_02634,
group_1272,,Group II intron maturase-specific domain-containing protein,,IGABOM_00946,
group_1266,,Lactate dehydrogenase,,,PHDJFC_02594
group_1265,,HTH lacI-type domain-containing protein,,,PHDJFC_01651
group_1264,,Peptide chain release factor 2,,,PHDJFC_00713
group_1263,,Ferrichrome ABC transporter permease,,IGABOM_02633,
group_1260,,GTP 3'8-cyclase,JLGHJK_01858,,
group_1258,,Zn-dependent protease,,,PHDJFC_01447
group_1257,,4-phosphoerythronate dehydrogenase,,,PHDJFC_01243
group_1256,,Catabolite control protein A,,,PHDJFC_00464
group_1254,,Iron chelatin ABC transporter permease protein,JLGHJK_01854,,
group_1248,,15-anhydro-D-fructose reductase,,,PHDJFC_02334
group_1247,,UDP-glucose 4-epimerase,,,PHDJFC_01968
group_1246,,ADP-ribosylglycohydrolase,,,PHDJFC_01573
group_1245,mreB,Cell shape-determining protein MreB,,,PHDJFC_00518
group_1243,,dTDP-glucose 46-dehydratase,,,PHDJFC_02264
group_1242,,Aspartate--ammonia ligase,,,PHDJFC_02256
group_1241,,Enoyl reductase (ER) domain-containing protein,,,PHDJFC_01386
group_1240,,Transcriptional regulator,,,PHDJFC_01302
mreB,mreB,Cell shape-determining protein MreB,,,PHDJFC_00544
group_1235,,Cytochrome D ubiquinol oxidase subunit II,,,PHDJFC_02267
group_1234,,HTH lacI-type domain-containing protein,,,PHDJFC_01971
group_1233,,Alcohol dehydrogenase 1,,,PHDJFC_01173
group_1232,,Putative gluconeogenesis factor,,,PHDJFC_00684
group_1231,,Glyceraldehyde-3-phosphate dehydrogenase,,,PHDJFC_00674
group_1230,,ADP-ribosylglycohydrolase,JLGHJK_03561,,
group_1225,,Zinc-containing alcohol dehydrogenase/quinone oxidoreductase,,,PHDJFC_01956
group_1224,,Peptidoglycan N-acetylglucosamine deacetylase,,,PHDJFC_01532
group_1223,,lipoate--protein ligase,,,PHDJFC_01265
group_1222,,6-phospho-beta-glucosidase,,,PHDJFC_00905
group_1221,,DNA polymerase III subunit delta,,,PHDJFC_00738
group_1220,,Glycerol-3-phosphate dehydrogenase [NAD(P)+],,,PHDJFC_00694
group_1219,,hypothetical protein,,,PHDJFC_00116
group_1214,,6-phosphogluconate dehydrogenase decarboxylating,,,PHDJFC_01361
group_1213,,hypothetical protein,,,PHDJFC_01276
group_1212,,Tryptophan--tRNA ligase,,,PHDJFC_00925
group_1211,,Threonylcarbamoyl-AMP synthase,,,PHDJFC_00556
ruvB,ruvB,Holliday junction branch migration complex subunit RuvB,,,PHDJFC_00496
group_1210,,Alcohol dehydrogenase 1,,,PHDJFC_00346
group_1209,,hypothetical protein,,,PHDJFC_00121
group_1208,araC,Transcriptional regulator AraC family,,IGABOM_03032,
group_1203,,DAGKc domain-containing protein,,,PHDJFC_02280
group_1202,,lipoate--protein ligase,,,PHDJFC_02259
xerD,xerD,Site-Specific Recombinase XerD,,,PHDJFC_01716
group_1201,,Glycosyltransferase 2-like domain-containing protein,,,PHDJFC_01108
group_1200,lacI,LacI family transcriptional regulator,,,PHDJFC_00616
group_1199,,Beta-lactamase-related domain-containing protein,,,PHDJFC_00563
group_1198,,Sorbitol PTS EIIBC,,IGABOM_03036,
group_1190,,hypothetical protein,,,PHDJFC_02472
group_1189,,Glycosyl transferase group 1,,,PHDJFC_02371
group_1188,,Maltose epimerase,,,PHDJFC_01960
group_1187,,putative tRNA-dihydrouridine synthase 1,,,PHDJFC_00828
group_1186,,Putative ion-channel protein,,,PHDJFC_00657
group_1185,,Adenine-specific methyltransferase,,,PHDJFC_00452
group_1184,,Major capsid protein,,IGABOM_02055,
group_1178,,2-keto-3-deoxygluconate kinase,JLGHJK_00763,,
pocR,pocR,Regulatory protein pocR,,,PHDJFC_01876
group_1177,,hypothetical protein,,,PHDJFC_00532
group_1176,,hypothetical protein,JLGHJK_03383,,
group_1175,,collagen-like protein,JLGHJK_02864,,
group_1174,,collagen-like protein,JLGHJK_02446,,
group_1173,,hypothetical protein,,,PHDJFC_01677
group_1172,,Central glycolytic genes regulator,,,PHDJFC_00675
group_1171,,valine--tRNA ligase,,,PHDJFC_00522
group_1170,,hypothetical protein,,,PHDJFC_00280
group_1169,,Methionine ABC transporter ATP-binding protein,,IGABOM_00206,
group_1164,,Coat protein,,,PHDJFC_02672
group_1163,,Ornithine carbamoyltransferase catabolic,,,PHDJFC_01822
group_1162,,Maltose epimerase,,,PHDJFC_01032
group_1161,hcnC,Hydrogen cyanide synthase subunit HcnC,,,PHDJFC_00131
group_1159,,Sensor histidine kinase,JLGHJK_01868,,
group_1156,,Phosphatidylglycerol lysyltransferase,,,PHDJFC_02372
group_1155,,NlpC/P60 domain-containing protein,,,PHDJFC_01197
group_1154,,S-adenosylmethionine:tRNA ribosyltransferase-isomerase,,,PHDJFC_00495
group_1150,hrcA,Heat-inducible transcription repressor HrcA,,,PHDJFC_02619
group_1149,,hypothetical protein,,,PHDJFC_02288
group_1148,,hypothetical protein,,,PHDJFC_02103
group_1147,,Phosphate acyltransferase,,,PHDJFC_00269
group_1146,,Isopentenyl-diphosphate delta-isomerase,,,PHDJFC_00160
group_1145,,NAD-dependent epimerase/dehydratase domain-containing protein,,IGABOM_02626,
cdaR,cdaR,Transcriptional regulator CdaR family,,,PHDJFC_00967
group_1142,,Cell surface protein [Lactobacillus plantarum JDM1],,IGABOM_02606,
prsW,prsW,PrsW family intramembrane metalloprotease,,,PHDJFC_02063
group_1140,,6-phosphogluconolactonase,,,PHDJFC_01993
group_1139,,lipoate--protein ligase,,,PHDJFC_01910
group_1138,,Putrescine carbamoyltransferase,,,PHDJFC_01607
group_1137,,adenosine deaminase,,,PHDJFC_01140
group_1136,,ATP synthase F0 A subunit,,,PHDJFC_00790
group_1135,,Alcohol dehydrogenase,,,PHDJFC_00170
group_1132,,2-keto-3-deoxygluconate permease,,,PHDJFC_01074
group_1131,,hypothetical protein,,,PHDJFC_00551
group_1130,,Phenylalanine--tRNA ligase alpha subunit,,,PHDJFC_00336
group_1128,,hypothetical protein,,IGABOM_00508,
group_1123,,hypothetical protein,,,PHDJFC_02657
group_1122,,endopeptidase La,,,PHDJFC_02544
group_1121,,DUF1002 domain-containing protein,,,PHDJFC_02522
group_1120,,Phosphopentomutase,,,PHDJFC_02316
group_1119,,hypothetical protein,,,PHDJFC_02136
group_1118,,Fucose-binding lectin II,,,PHDJFC_01871
group_1117,,tRNA N6-adenosine threonylcarbamoyltransferase,,,PHDJFC_00732
group_1116,,Choloylglycine hydrolase,,,PHDJFC_00612
group_1113,,hypothetical protein,,,PHDJFC_02699
group_1112,,Esterase lipase,,,PHDJFC_01657
group_1111,,Phage capsid protein,JLGHJK_02881,,
group_1108,,60 kDa chaperonin,,,PHDJFC_00724
group_1107,,Outer surface protein,,IGABOM_02974,
group_1106,,Polysaccharide biosynthesis protein,,IGABOM_01012,
group_1103,hrtB,Putative hemin transport system permease protein HrtB,,,PHDJFC_01621
recT,recT,RecT protein,,,PHDJFC_02644
group_1101,,Amino acid permease/ SLC12A domain-containing protein,,,PHDJFC_00450
group_1100,,DUF916 domain-containing protein,,IGABOM_02642,
group_1096,,Xaa-Pro aminopeptidase,,,PHDJFC_00304
group_1095,,hypothetical protein,,,PHDJFC_00242
group_1094,rsgA,Small ribosomal subunit biogenesis GTPase RsgA,,,PHDJFC_00222
group_1093,,Cell surface protein,,IGABOM_02601,
group_1090,,hypothetical protein,,,PHDJFC_00962
ribD,ribD,Riboflavin biosynthesis protein RibD,,,PHDJFC_02251
group_1088,,Bacterial extracellular solute-binding protein,,,PHDJFC_02011
group_1087,,N-acetylmuramoyl-L-alanine amidase,,,PHDJFC_01987
group_1086,,Transcription regulator,,,PHDJFC_01680
group_1085,,Mannonate dehydratase,,,PHDJFC_01303
group_1084,,Phage capsid protein,,IGABOM_00547,
group_1083,,Iron ABC transporter substrate-binding protein,JLGHJK_01852,,
group_1081,lytR,Transcriptional attenuator cell envelope-related LytR family,,,PHDJFC_02263
group_1080,,hypothetical protein,,,PHDJFC_01741
group_1079,,DUF218 domain-containing protein,,,PHDJFC_01722
group_1078,,phosphomevalonate kinase,,,PHDJFC_00159
group_1072,,DNA alkylation repair enzyme,,,PHDJFC_01571
group_1071,,Carbamoyl phosphate synthase small chain,,,PHDJFC_00123
group_1070,gntR,Transcription regulator GntR family,,IGABOM_03006,
group_1069,,MucBP domain-containing protein,,,PHDJFC_02365
group_1068,,hypothetical protein,,,PHDJFC_01294
group_1067,,Cell surface protein,,IGABOM_02087,
group_1066,,O-acetyltransferase,,IGABOM_01013,
group_1061,gntR,Transcription regulator GntR family,,,PHDJFC_02151
group_1060,,Extracellular protein,,,PHDJFC_01057
group_1059,tagH,Teichoic acids export ATP-binding protein TagH,,,PHDJFC_00640
group_1058,,Peptide chain release factor 1,,,PHDJFC_00558
group_1057,,hypothetical protein,,IGABOM_02969,
group_1056,,ABC transporter ATP-binding protein,,,PHDJFC_03022
group_1055,,Outer surface protein,,IGABOM_02959,
group_1054,,Ureidoglycolate dehydrogenase (NAD(+)),,IGABOM_02672,
group_1053,,Polysaccharide biosynthesis protein,,IGABOM_01009,
gldA,gldA,Alcohol dehydrogenase iron-type/glycerol dehydrogenase GldA domain-containing protein,,,PHDJFC_02304
group_1052,,AI-2E family transporter,,,PHDJFC_01803
group_1048,,UDP-N-acetylglucosamine--N-acetylmuramyl-(pentapeptide) pyrophosphoryl-undecaprenol N-acetylglucosamine transferase,,,PHDJFC_02485
group_1047,,Competence protein,,,PHDJFC_02453
group_1046,,hypothetical protein,,,PHDJFC_02325
group_1045,,Putative agmatine deiminase,,,PHDJFC_01609
group_1041,,hypothetical protein,,,PHDJFC_01110
group_1040,,Xaa-Pro dipeptidase,,,PHDJFC_00465
group_1037,,Plasmid replication initiation protein,,,PHDJFC_03028
group_1036,ftsW,putative peptidoglycan glycosyltransferase FtsW,,,PHDJFC_02539
group_1035,,hypothetical protein,,,PHDJFC_02524
dppD,dppD,Dipeptide transport ATP-binding protein DppD,,,PHDJFC_02124
group_1034,,Phage portal protein HK97 family,,,PHDJFC_00583
group_1033,,PTS system Fru family IIC component domain protein,,IGABOM_02742,
group_1030,,L-seryl-tRNA selenium transferase family protein,JLGHJK_00761,,
group_1028,,Galactokinase,,,PHDJFC_01967
group_1027,,hypothetical protein,,,PHDJFC_01392
group_1026,,MucBP domain-containing protein,,,PHDJFC_00670
group_1025,,L-lactate oxidase,,,PHDJFC_00185
group_1024,,hypothetical protein,,,PHDJFC_02330
group_1023,,Extracellular protein,,,PHDJFC_01755
group_1022,,hypothetical protein,,,PHDJFC_01521
group_1020,,Aminotransferase,,,PHDJFC_01825
group_1019,,Alanine dehydrogenase,,,PHDJFC_00387
group_1018,,D-arabitol-phosphate dehydrogenase,,IGABOM_02993,
potA,potA,Spermidine/putrescine import ATP-binding protein PotA,,,PHDJFC_02014
group_1015,,hypothetical protein,,,PHDJFC_01824
group_1014,,Putative agmatine deiminase,,,PHDJFC_01612
group_1013,,DNA polymerase IV,,,PHDJFC_00492
group_1009,,DUF3383 domain-containing protein,,,PHDJFC_02678
group_1008,,Pyruvate dehydrogenase E1 component subunit alpha,,,PHDJFC_02531
group_1007,,YibE/F family protein,,,PHDJFC_01984
group_1006,,Cell envelope-related transcriptional attenuator domain-containing protein,,,PHDJFC_00783
group_1005,,hypothetical protein,,IGABOM_00291,
group_1004,,Acyl-CoA dehydrogenase,,,PHDJFC_01959
tcaA,tcaA,TcaA second domain-containing protein,,IGABOM_02252,
group_1003,,hypothetical protein,,IGABOM_00786,
group_1001,,Dihydroorotase,JLGHJK_00760,,
group_999,,Glycerol dehydrogenase,,,PHDJFC_01664
group_998,,hypothetical protein,,,PHDJFC_01333
group_997,,Alanine racemase,,,PHDJFC_00847
group_994,,Glucanase,,,PHDJFC_01888
group_993,,Methionine synthase vitamin-B12 independent,,,PHDJFC_01168
group_992,,N-terminal domain-containing protein,,IGABOM_00034,
group_991,,N-terminal domain-containing protein,JLGHJK_03552,,
group_989,mnmA,tRNA-specific 2-thiouridylase MnmA,,,PHDJFC_02501
group_988,,D-alanyl-D-alanine carboxypeptidase,,,PHDJFC_01431
group_987,,CTP synthase (glutamine hydrolyzing),,,PHDJFC_00877
group_986,,Extracellular zinc metalloproteinase,,IGABOM_02582,
group_984,,alpha-glucosidase,,,PHDJFC_01648
group_983,,Signal transduction diguanylate cyclase,,,PHDJFC_00789
group_980,,UDP-N-acetylglucosamine 2-epimerase (non-hydrolyzing),,,PHDJFC_02343
group_979,recA,Protein RecA,,,PHDJFC_00505
group_978,,UDP-galactopyranose mutase,,IGABOM_01008,
group_977,,Omega-protein,JLGHJK_03384,,
group_974,,hypothetical protein,,,PHDJFC_01443
group_973,,Glycerate kinase,,,PHDJFC_00964
group_972,,Endolytic murein transglycosylase,,,PHDJFC_00333
group_970,,Adenine DNA glycosylase,,,PHDJFC_01916
group_969,,IMP dehydrogenase/GMP reductase domain-containing protein,,,PHDJFC_01787
group_968,,ABC-type sugar transport system ATPase component,,,PHDJFC_01548
group_967,,Beta sliding clamp,,,PHDJFC_01473
group_966,,Glycosyltransferase,,,PHDJFC_00199
group_963,,AI-2E family transporter,,,PHDJFC_02352
group_962,,putative succinyl-diaminopimelate desuccinylase,,,PHDJFC_01533
group_961,,Malate oxidoreductase,,,PHDJFC_00985
group_960,,Bacterial archaeo-eukaryotic release factor family 6 domain-containing protein,,,PHDJFC_00849
nagA,nagA,NagA protein,,,PHDJFC_00814
group_959,,D-alanine--D-alanine ligase,,,PHDJFC_00537
rsgA,rsgA,Ribosome biogenesis GTPase RsgA,,,PHDJFC_00359
group_958,,Methylase,,,PHDJFC_00141
group_957,,Phage portal protein,,IGABOM_00442,
group_953,camS,CamS family sex pheromone protein,,,PHDJFC_02276
group_952,,Phosphoribosylaminoimidazole carboxylase ATPase subunit,,,PHDJFC_02273
group_951,,hypothetical protein,,,PHDJFC_00974
group_950,,Cysteine desulfurase / Selenocysteine lyase,,,PHDJFC_00525
group_949,,Queuine tRNA-ribosyltransferase,,,PHDJFC_00494
dnaJ,dnaJ,Chaperone protein DnaJ,,,PHDJFC_02623
group_947,,hypothetical protein,,,PHDJFC_01520
group_946,,Class I SAM-dependent methyltransferase,,,PHDJFC_00604
group_945,,Lysozyme,,IGABOM_00563,
group_943,,Transposase IS204/IS1001/IS1096/IS1165 DDE domain-containing protein,JLGHJK_01605,,
group_941,,hypothetical protein,,,PHDJFC_01936
group_940,,hypothetical protein,,,PHDJFC_00219
group_936,,hypothetical protein,,,PHDJFC_01536
recF,recF,DNA replication and repair protein RecF,,,PHDJFC_01471
group_935,,Major facilitator superfamily (MFS) profile domain-containing protein,,IGABOM_00248,
group_930,,Tyr recombinase domain-containing protein,,,PHDJFC_00596
group_929,,hypothetical protein,,,PHDJFC_00392
group_928,,Integrase,,IGABOM_00402,
group_927,,lysozyme,JLGHJK_02861,,
group_925,,ROK family protein,,,PHDJFC_00906
group_924,,Signal transduction diguanylate cyclase,,,PHDJFC_00573
group_923,,putative succinyl-diaminopimelate desuccinylase,,,PHDJFC_00164
group_922,,hypothetical protein,,IGABOM_01201,
group_920,,hypothetical protein,,,PHDJFC_02074
group_919,,DUF4868 domain-containing protein,,,PHDJFC_02038
group_918,,Transcriptional regulator/sugar kinase xylose operon regulator,,,PHDJFC_01802
group_917,,AAA+ ATPase domain-containing protein,,,PHDJFC_01558
group_916,,Transcription-repair coupling factor,,,PHDJFC_00837
group_915,,cysteine-S-conjugate beta-lyase,,IGABOM_02964,
group_914,,Lysozyme,,IGABOM_02041,
group_913,,Type VII secretion system protein EssD-like domain-containing protein,,IGABOM_00502,
group_912,,NlpC/P60 domain-containing protein,JLGHJK_03404,,
group_909,,Phage portal protein,JLGHJK_02465,,
group_908,,hypothetical protein,JLGHJK_01760,,
group_906,,Peptidase A2 domain-containing protein,,,PHDJFC_01814
group_905,,histidine kinase,,,PHDJFC_01789
group_904,,hypothetical protein,,,PHDJFC_01384
group_903,,hypothetical protein,,,PHDJFC_01175
group_902,,cysteine-S-conjugate beta-lyase,,,PHDJFC_01113
group_901,,Cation/H+ exchanger transmembrane domain-containing protein,,,PHDJFC_01045
group_898,,Hydroxymethylglutaryl-CoA synthase,,,PHDJFC_02581
group_897,,Cationic amino acid transporter,,,PHDJFC_02104
group_893,,13-propanediol dehydrogenase,,,PHDJFC_01628
group_892,,putative succinyl-diaminopimelate desuccinylase,,,PHDJFC_01252
group_891,,hypothetical protein,,,PHDJFC_00261
group_887,,Major facilitator superfamily (MFS) profile domain-containing protein,,,PHDJFC_01451
group_885,,Glycosyltransferase,,,PHDJFC_02370
group_884,,Penicillin-binding protein,,,PHDJFC_02349
group_883,,Peptidase S11 D-alanyl-D-alanine carboxypeptidase A N-terminal domain-containing protein,,,PHDJFC_02050
group_882,,Major head protein Cps,,IGABOM_00444,
group_880,,Permease of the major facilitator superfamily,,,PHDJFC_01390
group_879,,Cation/H+ exchanger transmembrane domain-containing protein,,,PHDJFC_00937
group_876,,lysozyme,JLGHJK_02443,,
group_874,,Major facilitator superfamily (MFS) profile domain-containing protein,,,PHDJFC_01880
group_873,,Cation/H+ exchanger transmembrane domain-containing protein,,IGABOM_00253,
group_870,,Permease,,,PHDJFC_02469
group_869,,S-adenosylmethionine synthase,,,PHDJFC_02398
group_868,,hypothetical protein,,,PHDJFC_01832
group_867,,AAA family ATPase,,,PHDJFC_01729
group_866,mnmG,tRNA uridine 5-carboxymethylaminomethyl modification enzyme MnmG,,,PHDJFC_01483
group_865,,DNA-directed DNA polymerase,,,PHDJFC_00372
group_864,,DUF6287 domain-containing protein,,IGABOM_02250,
group_858,,Elongation factor Tu,,,PHDJFC_02554
group_857,,DEAD/DEAH box helicase,,,PHDJFC_02336
group_856,,Cyclopropane-fatty-acyl-phospholipid synthase,,,PHDJFC_01800
group_855,,NADH-dependent flavin oxidoreductase,,,PHDJFC_01636
group_854,,Major facilitator superfamily (MFS) profile domain-containing protein,,,PHDJFC_00991
group_853,,hypothetical protein,,,PHDJFC_00630
group_852,,Acetate kinase 1,,,PHDJFC_00451
group_849,,Major facilitator superfamily (MFS) profile domain-containing protein,,,PHDJFC_02170
group_848,,Xylose repressor,,,PHDJFC_01732
group_843,,cysteine desulfurase,,,PHDJFC_02499
group_842,,Major facilitator superfamily (MFS) profile domain-containing protein,,,PHDJFC_01879
plnO,plnO,Plantaricin biosynthesis protein PlnO,,IGABOM_00262,
group_836,,Phosphoglycerate kinase,,,PHDJFC_00673
group_835,,Transposase,,,PHDJFC_00571
group_834,,Schlafen group 3-like DNA/RNA helicase domain-containing protein,,,PHDJFC_00409
group_829,,Apoptosis-inducing factor 1 mitochondrial,,,PHDJFC_02875
group_828,nusA,Transcription termination/antitermination protein NusA,,,PHDJFC_02612
group_827,,Major facilitator superfamily (MFS) profile domain-containing protein,,,PHDJFC_01006
group_826,rodA,Rod shape-determining protein RodA,,,PHDJFC_00541
group_825,,Apoptosis-inducing factor 1 mitochondrial,,IGABOM_03008,
group_824,,Major facilitator superfamily (MFS) profile domain-containing protein,,IGABOM_02612,
group_823,,Phage capsid-like C-terminal domain-containing protein,JLGHJK_02463,,
group_820,,Teichoic acid D-alanyltransferase,,,PHDJFC_02626
group_819,,Major facilitator superfamily (MFS) profile domain-containing protein,,IGABOM_00108,
group_818,,HTH containing DNA-binding domain and MocR-like aminotransferase,,,PHDJFC_01567
group_817,,NADH dehydrogenase,,,PHDJFC_01086
group_816,,Coenzyme A biosynthesis bifunctional protein CoaBC,,,PHDJFC_00285
group_815,,DNA repair exonuclease,,,PHDJFC_02440
group_813,,Molybdopterin molybdenumtransferase,JLGHJK_01874,,
group_811,,HTH containing DNA-binding domain and MocR-like aminotransferase,,,PHDJFC_01760
group_810,,putative tRNA sulfurtransferase,,,PHDJFC_00524
group_809,,hypothetical protein,,,PHDJFC_00120
group_808,,Phage head morphogenesis domain-containing protein,,IGABOM_02058,
group_805,,non-reducing end alpha-L-arabinofuranosidase,,,PHDJFC_02144
group_804,,ABC-2 type transporter transmembrane domain-containing protein,,,PHDJFC_02033
group_803,,Firmicu-CTERM domain-containing protein,,,PHDJFC_00201
group_799,,putative ABC-type exoprotein transport system permease component,,,PHDJFC_02450
group_798,,3-oxoacyl-[acyl-carrier-protein] synthase 2,,,PHDJFC_00246
group_796,,Major facilitator superfamily (MFS) profile domain-containing protein,,,PHDJFC_01115
group_795,,Pyridinium-35-bisthiocarboxylic acid mononucleotide nickel insertion protein,,,PHDJFC_02022
group_794,,Arginine deiminase,,,PHDJFC_01821
group_793,,Class A beta-lactamase-related serine hydrolase,,,PHDJFC_00778
group_791,,Baseplate protein J-like domain-containing protein,,,PHDJFC_02689
group_790,,Acetylornithine deacetylase,,,PHDJFC_01174
group_789,,Major facilitator superfamily (MFS) profile domain-containing protein,,,PHDJFC_01050
group_788,,hypothetical protein,JLGHJK_03372,,
group_786,,hypothetical protein,,,PHDJFC_01145
group_785,,Phage terminase large subunit N-terminal domain-containing protein,,IGABOM_02061,
group_780,,S-layer protein,,,PHDJFC_01882
group_779,,Siderophore/Surfactin synthetase related protein,,,PHDJFC_01297
group_778,,Serine hydroxymethyltransferase,,,PHDJFC_00555
group_777,,Fido domain-containing protein,JLGHJK_02858,,
group_776,,DUF2075 domain-containing protein,,IGABOM_00806,
group_775,,hypothetical protein,,IGABOM_00032,
group_774,,Major facilitator superfamily (MFS) profile domain-containing protein,,,PHDJFC_00115
group_773,,Putative competence-damage inducible protein,,,PHDJFC_00506
group_772,,Two-component system histidine protein kinase sensor protein,,IGABOM_02616,
group_770,,hypothetical protein,,,PHDJFC_02504
group_769,,Amidohydrolase-related domain-containing protein,,IGABOM_03063,
group_767,clpX,ATP-dependent Clp protease ATP-binding subunit ClpX,,,PHDJFC_02556
group_766,,D-aspartate ligase,,,PHDJFC_02427
group_765,,Tyrosine--tRNA ligase,,,PHDJFC_01603
group_764,,Bcr/CflA family efflux transporter,,,PHDJFC_01494
group_761,,hypothetical protein,,,PHDJFC_02684
group_760,,hypothetical protein,,,PHDJFC_02120
group_759,,NupC/NupG family nucleoside CNT transporter,,,PHDJFC_01773
group_758,,Integral membrane protein,,,PHDJFC_01125
group_757,,hypothetical protein,,IGABOM_00418,
group_756,,Integrase,,,PHDJFC_02630
group_755,,hypothetical protein,,,PHDJFC_02420
group_754,,Permease of the major facilitator superfamily,,,PHDJFC_00941
group_753,,3-hydroxy-3-methylglutaryl coenzyme A reductase,,,PHDJFC_00922
group_752,,Transposase,,IGABOM_01809,
group_751,,Ascorbate-specific PTS system EIIC component,,IGABOM_00586,
group_746,,Zinc-ribbon domain-containing protein,,IGABOM_02666,
group_745,,Polysaccharide biosynthesis protein,,IGABOM_01011,
group_743,,MucBP domain-containing protein,,,PHDJFC_01543
group_742,,Major facilitator superfamily (MFS) profile domain-containing protein,,,PHDJFC_01191
group_741,tnp,ISL3 family ISLfr1 transposase,,,PHDJFC_02878
group_740,,Na+-driven multidrug efflux pump,,,PHDJFC_01315
group_739,,D-alanyl-D-alanine carboxypeptidase,,,PHDJFC_01148
group_738,,PTS galactitol transporter subunit IIC,,IGABOM_02994,
group_737,,hypothetical protein,,,PHDJFC_02505
group_736,,Glycosyl transferase family protein,,,PHDJFC_00401
group_735,,Glutamine synthetase,,,PHDJFC_00314
group_734,,YhgE/Pip domain protein,,IGABOM_01621,
group_733,,Virulence-associated protein E-like domain-containing protein,,IGABOM_00425,
group_732,,exonuclease domain-containing protein,JLGHJK_02504,,
group_730,ftsK,DNA translocase FtsK,,,PHDJFC_02473
group_729,,Glutamate--cysteine ligase,,,PHDJFC_02322
group_728,,Uracil transporter,,,PHDJFC_02171
hflX,hflX,GTPase HflX,,,PHDJFC_02118
group_727,,hypothetical protein,,,PHDJFC_01996
group_723,,LarA-like N-terminal domain-containing protein,,,PHDJFC_02024
group_722,,formate--tetrahydrofolate ligase,,,PHDJFC_00127
group_718,,hypothetical protein,,,PHDJFC_00857
group_717,,L-rhamnose isomerase,,IGABOM_03028,
group_713,,Dipeptidase,,,PHDJFC_02423
group_712,,Adenylosuccinate synthetase,,,PHDJFC_01214
group_710,,hypothetical protein,,IGABOM_00543,
group_708,,Terminase large subunit,JLGHJK_02887,,
dltD,dltD,Protein DltD,,,PHDJFC_02628
group_707,,Major facilitator superfamily (MFS) profile domain-containing protein,,,PHDJFC_02145
group_706,,Zn-dependent peptidase,,,PHDJFC_00509
group_705,,Enolase 2,,IGABOM_01200,
group_702,,Dihydrolipoyl dehydrogenase,,,PHDJFC_02534
group_701,,hypothetical protein,,,PHDJFC_01715
group_700,,hypothetical protein,,,PHDJFC_01568
group_699,,hypothetical protein,,,PHDJFC_00940
ymfF,ymfF,putative inactive metalloprotease ymfF,,,PHDJFC_00510
group_696,,Arsenical pump membrane protein,,IGABOM_00038,
group_691,,Pyrimidine-nucleoside phosphorylase,,,PHDJFC_02320
group_690,,histidine kinase,,,PHDJFC_01819
group_689,,Multiple sugar transport system multiple sugar-binding protein,,,PHDJFC_01549
group_688,,Glutamate--tRNA ligase,,,PHDJFC_01381
group_687,,Adenylosuccinate lyase,,,PHDJFC_01213
group_682,,hypothetical protein,,,PHDJFC_02880
group_681,,hypothetical protein,,,PHDJFC_02588
group_680,,Dipeptidase,,,PHDJFC_01157
group_679,,MFS transporter,JLGHJK_03200,,
group_678,,UDP-N-acetylglucosamine 1-carboxyvinyltransferase 2,,,PHDJFC_00545
group_677,,Xanthine permease,JLGHJK_03434,,
group_674,,Trigger factor,,,PHDJFC_02555
ftsZ,ftsZ,Cell division protein FtsZ,,,PHDJFC_02489
group_673,,Permease,,,PHDJFC_01528
group_672,,hypothetical protein,,IGABOM_02661,
group_669,,Serine hydrolase,,,PHDJFC_02085
group_668,,Branched-chain amino acid transport system carrier protein,,,PHDJFC_01721
group_667,,Permease IIC component,,,PHDJFC_01056
group_666,,VWA-like domain-containing protein,,,PHDJFC_00260
group_665,,hypothetical protein,,,PHDJFC_00179
group_659,,Dihydrolipoamide acetyltransferase component of pyruvate dehydrogenase complex,,,PHDJFC_02533
group_658,,hypothetical protein,,,PHDJFC_02102
group_657,,serine-type D-Ala-D-Ala carboxypeptidase,,,PHDJFC_01790
group_656,,Superfamily II DNA RNA helicase,,,PHDJFC_00717
group_655,,Enolase,,,PHDJFC_00671
group_654,,tetrahydrofolate synthase,,,PHDJFC_00520
group_652,,Transposase DDE domain-containing protein,JLGHJK_01761,,
group_649,,hypothetical protein,,,PHDJFC_00915
group_647,,Xyloside transporter,,,PHDJFC_01512
group_646,,Sugar transport protein,,IGABOM_03031,
group_645,,Carbohydrate kinase FGGY C-terminal domain-containing protein,,IGABOM_03004,
plnB,plnB,Two-componet system histidine protein kinase PlnB sensor protein,,IGABOM_00266,
group_642,mepA,Multidrug export protein MepA,,,PHDJFC_02209
group_641,,Aminopeptidase,,,PHDJFC_01498
group_640,,Signal transduction protein,,,PHDJFC_01282
group_639,,LPXTG cell wall anchor domain-containing protein,,,PHDJFC_00999
group_638,,UDP-N-acetylmuramate--L-alanine ligase,,,PHDJFC_00381
group_635,,Glycerol dehydratase,,,PHDJFC_02292
group_634,,Peptidase M20 dimerisation domain-containing protein,,,PHDJFC_01816
group_633,,Glutathione amide reductase,,,PHDJFC_01795
group_632,,ATPase/histidine kinase/DNA gyrase B/HSP90 domain protein,,,PHDJFC_01283
group_631,,Glycosyl hydrolase family 30 TIM-barrel domain-containing protein,,,PHDJFC_01190
group_630,,Aminopeptidase C,,,PHDJFC_00777
group_629,,Major facilitator superfamily (MFS) profile domain-containing protein,,IGABOM_02452,
group_626,,Permease IIC component,,IGABOM_02956,
group_621,,hypothetical protein,,,PHDJFC_01753
group_620,,Serine protease DO,,,PHDJFC_01440
group_619,,Citrate transporter-like domain-containing protein,,,PHDJFC_00934
group_618,,histidine kinase,,,PHDJFC_00708
group_617,,16S rRNA (cytosine(967)-C(5))-methyltransferase,,,PHDJFC_00282
group_613,,Major facilitator superfamily (MFS) profile domain-containing protein,,,PHDJFC_01351
group_612,,histidine kinase,,,PHDJFC_01039
group_611,,Glucose-6-phosphate isomerase,,,PHDJFC_00602
group_610,,Guanine deaminase,,,PHDJFC_00374
group_608,,Major facilitator superfamily (MFS) profile domain-containing protein,,,PHDJFC_02324
group_607,,Threonine/serine exporter family protein,,,PHDJFC_02031
brnQ,brnQ,Branched-chain amino acid permease BrnQ,,,PHDJFC_01488
group_606,,Xylose isomerase,,,PHDJFC_01261
group_605,,hypothetical protein,,,PHDJFC_01255
group_604,,DUF5776 domain-containing protein,,,PHDJFC_01104
group_603,,Xanthine/uracil permease,,,PHDJFC_00375
group_601,,NADH oxidase,,,PHDJFC_02361
group_596,,hypothetical protein,,,PHDJFC_02481
group_595,,Hemolysin,,,PHDJFC_01343
group_594,,Phosphoglucosamine mutase,,,PHDJFC_00648
group_593,,Peptidase M20 dimerisation domain-containing protein,,,PHDJFC_00617
group_592,,Exodeoxyribonuclease 7 large subunit,,,PHDJFC_00299
group_591,,hypothetical protein,,,PHDJFC_00265
group_587,,Gluconate permease,,,PHDJFC_02340
group_586,,HD domain-containing protein,,,PHDJFC_00882
group_585,,Amino acid permease/ SLC12A domain-containing protein,,,PHDJFC_00386
group_584,,Purine-cytosine permease,JLGHJK_03562,,
group_582,,Permease IIC component,JLGHJK_00756,,
group_581,,Glycerol-3-phosphate ABC transporter periplasmic glycerol-3-phosphate-binding protein,,,PHDJFC_03019
group_580,,Amino acid transporter,,,PHDJFC_01718
csbC,csbC,Putative metabolite transport protein CsbC,,,PHDJFC_01623
group_579,,23S rRNA m(5)C methyltransferase,,,PHDJFC_00161
group_578,,MFS transporter,,IGABOM_01474,
group_575,,RNA methyltransferase,,,PHDJFC_02281
group_574,,Amino acid permease/ SLC12A domain-containing protein,,,PHDJFC_01179
group_573,,MFS transporter,,,PHDJFC_00469
group_572,,Amino acid transporter,,,PHDJFC_00438
group_568,dnaK,Molecular chaperone DnaK,,,PHDJFC_02621
group_567,,Major facilitator superfamily (MFS) profile domain-containing protein,,,PHDJFC_01809
group_566,,Branched-chain amino acid transport system carrier protein,,,PHDJFC_01717
group_565,,Ascorbate-specific PTS system EIIC component,,IGABOM_02988,
group_564,,Purine-cytosine permease,,,PHDJFC_01574
group_563,,D-xylose transporter,,,PHDJFC_01259
group_562,,Major facilitator superfamily (MFS) profile domain-containing protein,,,PHDJFC_01037
group_561,,DUF2252 domain-containing protein,,,PHDJFC_00956
group_559,,D-xylose proton-symporter,,,PHDJFC_02877
group_558,,GTPase Obg,,,PHDJFC_02561
group_557,radA,DNA repair protein RadA,,,PHDJFC_00772
group_556,,Ascorbate-specific PTS system EIIC component,,IGABOM_02662,
group_555,,Branched-chain amino acid transport system carrier protein,,IGABOM_00252,
group_552,,S-layer protein,,,PHDJFC_01762
group_551,,Na+ xyloside symporter related transporter,,,PHDJFC_01656
group_550,glmU,Bifunctional protein GlmU,,,PHDJFC_00890
group_548,,Calcineurin-like phosphoesterase domain-containing protein,,,PHDJFC_00446
aguD,aguD,putative agmatine/putrescine antiporter AguD,,,PHDJFC_01608
group_545,,UDP-N-acetylmuramoyl-tripeptide--D-alanyl-D-alanine ligase,,,PHDJFC_00851
group_544,,Fumarate hydratase class II,,,PHDJFC_00618
group_542,dnaB,Replicative DNA helicase DnaB,,,PHDJFC_01453
group_541,,LD-TPase catalytic domain-containing protein,,,PHDJFC_00842
group_535,,hypothetical protein,,,PHDJFC_01514
mnmE,mnmE,tRNA modification GTPase MnmE,,,PHDJFC_01481
group_534,,hypothetical protein,,,PHDJFC_01423
group_533,,Virulence-associated protein E-like domain-containing protein,,,PHDJFC_00591
group_532,,NADH oxidase,,IGABOM_00036,
group_527,,Major facilitator superfamily (MFS) profile domain-containing protein,,,PHDJFC_02152
group_526,,tRNA(Ile)-lysidine synthase,,,PHDJFC_00832
group_524,,Isoprimeverose transporter,,,PHDJFC_00907
group_523,,Beta-Ala-Xaa dipeptidase,,,PHDJFC_00389
group_522,,Major facilitator superfamily (MFS) profile domain-containing protein,,IGABOM_03005,
group_518,,Dipeptidase A,,,PHDJFC_02138
group_517,,Xanthine permease,,,PHDJFC_02035
group_516,,Purine-cytosine permease,,,PHDJFC_00959
group_512,,Glutamate decarboxylase beta,,,PHDJFC_02026
group_507,,hypothetical protein,,,PHDJFC_02046
group_506,,Glutamate decarboxylase,,,PHDJFC_01382
group_505,,NADH oxidase,,,PHDJFC_01065
group_502,,Cysteine--tRNA ligase,,,PHDJFC_00768
group_501,,Ammonium transporter,,,PHDJFC_00139
group_500,,Succinate-semialdehyde dehydrogenase (NAD(P)(+)),,IGABOM_02619,
group_499,,Succinate-semialdehyde dehydrogenase (NAD(P)(+)),,,PHDJFC_01081
group_498,,ATP synthase subunit beta,,,PHDJFC_00548
group_497,,Dipeptidase,,,PHDJFC_00210
group_496,,Major facilitator superfamily (MFS) profile domain-containing protein,,,PHDJFC_01313
group_494,,Aspartyl/glutamyl-tRNA(Asn/Gln) amidotransferase subunit B,,,PHDJFC_02279
group_493,,APC family amino acid transporter,,,PHDJFC_01605
group_492,,MFS transporter,,IGABOM_02981,
group_491,,Oligosaccharide transporter (Flippase),,IGABOM_01018,
group_490,,L-arabinose isomerase 2,,,PHDJFC_02155
group_489,,L-arabinose isomerase 2,,IGABOM_03001,
group_486,,Uronate isomerase,,,PHDJFC_01314
group_485,,Aldehyde dehydrogenase,,IGABOM_03109,
nhaC,nhaC,Na+/H+ antiporter NhaC,,,PHDJFC_01606
group_483,,putative dipeptidase,,,PHDJFC_02362
group_482,,Aldehyde dehydrogenase domain-containing protein,,,PHDJFC_02303
group_481,,Major facilitator superfamily permease,,,PHDJFC_01347
group_480,,Mannosyl-glycoprotein endo-beta-N-acetylglucosamidase-like domain-containing protein,,,PHDJFC_00644
group_478,,hypothetical protein,,,PHDJFC_02356
group_475,,Multidrug transport protein major facilitator superfamily (MFS),,IGABOM_02681,
group_470,,Na+/H+ antiporter NhaC-like C-terminal domain-containing protein,,,PHDJFC_01246
bglH,bglH,Aryl-phospho-beta-D-glucosidase BglH,,IGABOM_02975,
group_466,,Signal recognition particle protein,,,PHDJFC_00263
group_464,,Cytochrome bd-I oxidase subunit I,,,PHDJFC_02266
group_463,,6-phospho-beta-glucosidase,,IGABOM_02657,
group_459,,Terminase large subunit ribonuclease H-like domain-containing protein,,,PHDJFC_02665
group_456,,GW domain-containing protein,,,PHDJFC_01761
group_455,,Fructose-like PTS system EIIBC component,,IGABOM_02965,
group_454,,DNA mismatch repair protein msh-2,,IGABOM_01203,
group_453,,hypothetical protein,,,PHDJFC_01233
group_452,,6-phospho-beta-glucosidase,,IGABOM_02960,
group_451,,6-phospho-beta-glucosidase,,IGABOM_02976,
group_448,,3-polyprenyl-4-hydroxybenzoate carboxy-lyase,,,PHDJFC_01864
group_447,,Rhamnulokinase,,IGABOM_03030,
group_446,,hypothetical protein,JLGHJK_00066,,
group_445,,Glutamyl-tRNA(Gln) amidotransferase subunit A,,,PHDJFC_02278
group_444,,Nicotinate phosphoribosyltransferase,,,PHDJFC_00810
group_443,,histidine kinase,,,PHDJFC_00605
group_442,,Polysaccharide biosynthesis protein C-terminal domain-containing protein,,,PHDJFC_00836
group_441,,DNA topoisomerase,JLGHJK_03550,,
group_438,,Major facilitator superfamily (MFS) profile domain-containing protein,,,PHDJFC_02399
group_437,macB,Macrolide export ATP-binding/permease protein MacB,,,PHDJFC_01100
group_434,,Na+ xyloside symporter related transporter,,,PHDJFC_01301
group_433,,Major facilitator superfamily (MFS) profile domain-containing protein,,IGABOM_02629,
group_429,,hypothetical protein,,,PHDJFC_00440
group_428,,Phenylalanine--tRNA ligase beta subunit,,,PHDJFC_00335
group_427,,Fumarate reductase flavoprotein subunit,,IGABOM_02651,
group_425,,hypothetical protein,,,PHDJFC_02000
group_424,,Mga helix-turn-helix domain-containing protein,,,PHDJFC_00957
group_421,,Amidase,,,PHDJFC_02511
group_420,,Glucose-6-phosphate 1-dehydrogenase,,,PHDJFC_01357
group_419,,WxL domain-containing protein,,IGABOM_02599,
group_418,,Glutamate--tRNA ligase,,,PHDJFC_00769
group_416,,Family 65 glycosyl hydrolase,,,PHDJFC_01035
group_414,,Major facilitator superfamily permease,,,PHDJFC_02178
group_412,,hypothetical protein,,,PHDJFC_00373
group_411,,Glycerol kinase,,,PHDJFC_00207
group_409,,Poly(Glycerol-phosphate) alpha-glucosyltransferase,,,PHDJFC_02466
group_408,,Intracellular exo-alpha-(1->5)-L-arabinofuranosidase,,,PHDJFC_01594
group_407,,ABC transmembrane type-1 domain-containing protein,,,PHDJFC_00461
group_406,,FAD-dependent oxidoreductase 2 FAD binding domain-containing protein,,IGABOM_00109,
group_405,,Sucrose-6-phosphate hydrolase,,IGABOM_00073,
group_403,,Lysine--tRNA ligase,,,PHDJFC_01391
group_402,,Xylulose kinase,,,PHDJFC_01260
group_401,,Phage portal protein,,IGABOM_02060,
group_398,,hypothetical protein,,,PHDJFC_02607
group_396,,Arginine/ornithine antiporter,,,PHDJFC_01817
group_395,,Glycerol kinase,,,PHDJFC_01198
group_392,,ABC transporter ATPase,,,PHDJFC_01348
group_391,,putative ergothioneine transporter EgtUBC,,,PHDJFC_01169
group_388,,Poly(Glycerol-phosphate) alpha-glucosyltransferase,,,PHDJFC_02465
group_387,,P-loop ATPase Sll1717 family,,IGABOM_00567,
group_386,,D-alanine--D-alanyl carrier protein ligase,,,PHDJFC_02625
group_383,,O-glycosyl hydrolase,,,PHDJFC_01589
group_382,,Primase C-terminal 1 domain-containing protein,JLGHJK_03411,,
sufI,sufI,Cell division protein SufI,,,PHDJFC_00996
group_380,,Phage prohead protease HK97 family,,,PHDJFC_00582
group_379,,Citrate lyase alpha chain,,,PHDJFC_00980
group_378,,Xylulose kinase,,,PHDJFC_01306
group_377,,hypothetical protein,,,PHDJFC_01126
group_376,,ATP synthase subunit alpha,,,PHDJFC_00550
group_373,,APC family permease,,,PHDJFC_00722
group_369,,ABC transporter ATP-binding protein,,,PHDJFC_02099
group_368,,Asparagine--tRNA ligase,,,PHDJFC_01833
group_367,,RCK C-terminal domain-containing protein,,,PHDJFC_00669
group_366,,hypothetical protein,,,PHDJFC_00636
group_365,,Membrane domain of membrane-anchored glycerophosphoryl diester phosphodiesterase,,,PHDJFC_00536
group_363,,Ribonuclease Y 1,,,PHDJFC_00501
group_360,,Nitrate reductase subunit beta,JLGHJK_01879,,
group_359,,Uncharacterized protein HI_0594,,,PHDJFC_01820
group_358,,hypothetical protein,,,PHDJFC_00122
group_357,,GMP synthase [glutamine-hydrolyzing],,,PHDJFC_02131
group_356,,hypothetical protein,,,PHDJFC_00147
group_355,cshA,DEAD-box ATP-dependent RNA helicase CshA,,,PHDJFC_00850
group_354,,Na+/H+ antiporter NhaC-like C-terminal domain-containing protein,,IGABOM_00077,
group_353,,Transposase IS66,JLGHJK_02381,,
group_352,,Peptide chain release factor 3,,,PHDJFC_02359
group_351,,Amino acid transporter,,,PHDJFC_01991
group_350,,Bifunctional metallophosphatase/5'-nucleotidase,,,PHDJFC_01693
group_346,,Tagaturonate/fructuronate epimerase,,,PHDJFC_01300
group_345,,hypothetical protein,,,PHDJFC_02239
group_343,,histidine kinase,,,PHDJFC_01242
group_341,,hypothetical protein,,,PHDJFC_02415
group_340,,L-xylulose kinase,,,PHDJFC_02153
group_339,,ABC-type oligopeptide transport system periplasmic component,,,PHDJFC_01459
group_338,,Na+/H+ antiporter,,IGABOM_02648,
group_337,,hypothetical protein,,,PHDJFC_01751
group_336,,Polysaccharide biosynthesis protein C-terminal domain-containing protein,,,PHDJFC_01703
group_334,,Ribonuclease Y 2,,,PHDJFC_01728
group_333,,ABC-type oligopeptide transport system periplasmic component,,,PHDJFC_01463
group_332,,Amino acid/peptide transporter,,,PHDJFC_00819
group_331,,Solute-binding protein family 5 domain-containing protein,,,PHDJFC_01449
group_328,,Export protein,,,PHDJFC_01318
group_327,,hypothetical protein,,,PHDJFC_00521
group_325,,Peptide ABC transporter substrate-binding protein,,,PHDJFC_02121
ykpA,ykpA,Uncharacterized ABC transporter ATP-binding protein YkpA,,,PHDJFC_00988
group_323,,Malate dehydrogenase,,,PHDJFC_01615
group_322,,Mannitol dehydrogenase family protein,,,PHDJFC_01310
group_321,,Alpha-amylase,,,PHDJFC_01098
group_320,,Solute-binding protein family 5 domain-containing protein,,IGABOM_03064,
group_318,,Solute-binding protein family 5 domain-containing protein,,,PHDJFC_01899
group_317,,Peptide ABC transporter substrate-binding protein,,,PHDJFC_01654
group_314,,Solute-binding protein family 5 domain-containing protein,,,PHDJFC_02512
group_313,,ABC-type cobalt transport system ATPase component (Duplicated domains),,,PHDJFC_01869
group_311,,Oligopeptide ABC transporterlipoprotein-binding protein,,,PHDJFC_01409
group_310,,Phage portal protein,,IGABOM_00544,
group_303,,hypothetical protein,,IGABOM_02665,
group_302,,Alphaalpha-phosphotrehalase,,IGABOM_00078,
group_300,,Acetolactate synthase,,,PHDJFC_00872
group_299,,oligo-16-glucosidase,,IGABOM_00075,
group_298,,Ribonuclease J,,,PHDJFC_02527
group_297,,Terminase,,IGABOM_00441,
group_295,,Arginine--tRNA ligase,,,PHDJFC_02436
group_292,,Aryl-sulfate sulfotransferase,,,PHDJFC_01692
group_291,,Linoleate hydratase,,,PHDJFC_01137
group_290,recN,DNA repair protein RecN,,,PHDJFC_00291
group_289,,Putative pyruvate oxidase,JLGHJK_03425,,
group_286,,Prophage Lp3 protein 15 terminase large subunit,,,PHDJFC_00585
dhaL,dhaL,DhaL domain-containing protein,,,PHDJFC_00272
group_285,,LPXTG cell wall anchor domain-containing protein,JLGHJK_03371,,
group_284,,DUF5776 domain-containing protein,,,PHDJFC_00874
group_280,,Proline--tRNA ligase,,,PHDJFC_02605
group_278,,Phage tail protein,JLGHJK_02452,,
group_276,,hypothetical protein,JLGHJK_03392,,
group_274,,Phage portal protein,,,PHDJFC_02669
group_273,,Membrane-associated phospholipid phosphatase,,,PHDJFC_01861
group_272,,Sodium potassium lithium and rubidium/H(+) antiporter,,,PHDJFC_00183
group_271,,hypothetical protein,,IGABOM_02644,
group_268,,Phosphoglucomutase,,,PHDJFC_01961
group_267,,DNA-directed DNA polymerase,,,PHDJFC_00744
ezrA,ezrA,Septation ring formation regulator EzrA,,,PHDJFC_00526
group_264,,Cytochrome D ABC transporter ATP-binding and permease protein,,,PHDJFC_02268
group_263,,hypothetical protein,,,PHDJFC_00869
group_262,,Phosphoenolpyruvate-protein phosphotransferase,,,PHDJFC_02369
group_261,,Cytochrome bd biosynthesis ABC-type transporter ATPase and permease component,,,PHDJFC_02269
group_259,,hypothetical protein,,,PHDJFC_00329
group_257,,Pyruvate oxidase,,IGABOM_03022,
group_256,,Transcription regulator and PTS system EIIA component,,IGABOM_02963,
group_255,bglG,Transcription antiterminator BglG,,IGABOM_00582,
group_253,,hypothetical protein,JLGHJK_01825,,
group_251,,Multidrug ABC superfamily ATP binding cassette transporter,,,PHDJFC_02587
group_250,,Pyruvate oxidase,,,PHDJFC_01094
group_249,,hypothetical protein,,,PHDJFC_00875
tnp,tnp,IS1182 family ISP2 transposase,JLGHJK_00944,,
group_245,,hypothetical protein,,IGABOM_02099,
group_244,,Multidrug ABC transporter permease,,,PHDJFC_01857
group_243,recQ,DNA helicase RecQ,,,PHDJFC_02142
group_242,,hypothetical protein,,,PHDJFC_00478
group_241,,Integral membrane protein,JLGHJK_00212,,
group_238,,ATP-dependent Clp protease ATP-binding subunit,JLGHJK_03377,,
group_237,,hypothetical protein,,,PHDJFC_00838
group_236,,Elongation factor 4 2,,IGABOM_02647,
group_232,,Oligoendopeptidase F plasmid,,,PHDJFC_02454
group_231,,Oligoendopeptidase F,,,PHDJFC_01725
group_230,,ABC transporter periplasmic protein,,,PHDJFC_01272
group_229,,Cd(2+)-exporting ATPase,,,PHDJFC_00998
group_228,,Beta-glucuronidase,,,PHDJFC_01311
group_227,,ABC3 transporter permease C-terminal domain-containing protein,,,PHDJFC_01002
group_226,,Penicillin binding protein 2B,,,PHDJFC_00325
group_225,,Pyruvate oxidase,,IGABOM_03024,
group_223,,hypothetical protein,,,PHDJFC_01027
group_221,,UvrABC system protein C,,,PHDJFC_02560
group_220,,Glutamine--fructose-6-phosphate aminotransferase [isomerizing],,,PHDJFC_00647
group_218,,Integral membrane protein,,,PHDJFC_01515
group_217,,hypothetical protein,,,PHDJFC_01335
group_216,,Glycerol phosphate lipoteichoic acid synthase 1,,,PHDJFC_02067
group_214,,Elongation factor 4,,,PHDJFC_02629
group_213,,Ribonuclease J,,,PHDJFC_02552
group_210,,Multidrug ABC transporter ATP-binding protein,,,PHDJFC_00564
bipA,bipA,Large ribosomal subunit assembly factor BipA,,,PHDJFC_02538
group_208,,Beta-glucoside-specific PTS transporter subunit IIABC,,IGABOM_02658,
group_206,,DUF5776 domain-containing protein,,,PHDJFC_01763
group_205,,RCK C-terminal domain-containing protein,,,PHDJFC_02127
group_204,,histidine kinase,,,PHDJFC_01444
group_203,,hypothetical protein,,,PHDJFC_01128
group_200,,SH3 domain-containing protein,,IGABOM_02620,
group_198,,hypothetical protein,,,PHDJFC_00754
group_197,,PTS system beta-glucosides-specific EIIBCA component,,IGABOM_02961,
group_196,,ABC-2 type transporter transmembrane domain-containing protein,JLGHJK_00272,,
group_195,,Integral membrane protein,JLGHJK_00875,,
group_194,,L-24-diaminobutyrate decarboxylase,,,PHDJFC_01604
group_193,,Subtype A tannase,,IGABOM_01611,
group_191,,asparagine synthase (glutamine-hydrolyzing),,,PHDJFC_02426
yhcR,yhcR,Endonuclease YhcR,,,PHDJFC_01433
group_190,,Beta-galactosidase large subunit,,,PHDJFC_01546
group_189,,hypothetical protein,,,PHDJFC_01021
group_187,,Peptidase S9 prolyl oligopeptidase catalytic domain-containing protein,,,PHDJFC_01700
group_185,,hypothetical protein,,IGABOM_00557,
group_184,,Prophage P1 protein 52 endolysin,JLGHJK_02871,,
group_183,,Cd(2+)-exporting ATPase,,,PHDJFC_00643
group_182,,Asparagine synthetase [glutamine-hydrolyzing] 1,,IGABOM_02614,
bglG,bglG,Transcription antiterminator BglG family,,IGABOM_02745,
group_177,,P-type Cu(+) transporter,,,PHDJFC_01150
group_176,,AAA+ ATPase domain-containing protein,,IGABOM_00780,
group_175,,Acyltransferase 3 domain-containing protein,,,PHDJFC_01139
group_174,,DNA gyrase subunit B,,,PHDJFC_01470
group_173,,Threonine--tRNA ligase,,,PHDJFC_00364
group_172,bspA,BspA family leucine-rich repeat surface protein,,,PHDJFC_01555
group_170,,ABC transporter family protein,,,PHDJFC_00728
group_169,,hypothetical protein,JLGHJK_03406,,
group_167,,Oligoendopeptidase O,,,PHDJFC_01979
group_164,,hypothetical protein,,,PHDJFC_02606
group_160,,Beta-lactamase-related domain-containing protein,,IGABOM_01031,
group_158,,hypothetical protein,,,PHDJFC_01804
group_157,,Beta-galactosidase,,,PHDJFC_01192
group_156,cscC,Cell surface protein CscC family,,,PHDJFC_01428
group_155,,Transketolase,,IGABOM_02986,
group_154,,PTS beta-glucoside transporter subunit IIABC,,IGABOM_02977,
group_153,,Chromosome partition protein Smc,JLGHJK_03374,,
group_151,,ABC superfamily ATP binding cassette transporter permease and ABC protein,,,PHDJFC_00196
group_148,,UvrABC system protein B,,,PHDJFC_00688
group_146,,hypothetical protein,,,PHDJFC_02076
group_143,,Cyclic-di-AMP phosphodiesterase,,,PHDJFC_01456
group_142,,hypothetical protein,,,PHDJFC_00498
group_139,,hypothetical protein,,,PHDJFC_00487
group_138,,DNA ligase,,,PHDJFC_02275
group_136,,Ascorbate-specific PTS system EIIA component,JLGHJK_00176,,
group_133,,Bifunctional protein: transcription regulator PTS system mannitol(Cryptic)-specific EIIA component,,IGABOM_02991,
group_131,,Glycerol phosphate lipoteichoic acid synthase 1,,,PHDJFC_02374
group_130,,Cadmium-/manganese-transporting P-type ATPase,,IGABOM_01198,
group_129,,hypothetical protein,,,PHDJFC_00859
group_128,,Nickase,,IGABOM_00030,
group_125,,Nickase,JLGHJK_03549,,
group_124,,hypothetical protein,,,PHDJFC_02443
group_123,,NhaP-type Na+/H+ and K+/H+ antiporter,,,PHDJFC_01694
group_121,ftsH,ATP-dependent zinc metalloprotease FtsH,,,PHDJFC_00830
pglZ,pglZ,PglZ domain-containing protein,JLGHJK_01363,,
group_120,,transposase,,IGABOM_00098,
group_119,,hypothetical protein,,,PHDJFC_02438
group_118,,hypothetical protein,JLGHJK_01343,,
group_117,,Alpha-galactosidase,,,PHDJFC_02132
group_116,,DUF1906 domain-containing protein,,IGABOM_00019,
group_115,,WxL domain-containing protein,,,PHDJFC_02360
group_114,,DUF4428 domain-containing protein,,IGABOM_01734,
group_112,,Putative Na+/H+ antiporter,,,PHDJFC_00652
group_110,,Polyphosphate kinase,,,PHDJFC_00631
group_108,,hypothetical protein,,,PHDJFC_01535
group_107,,Ribonucleoside-diphosphate reductase,,,PHDJFC_00749
group_105,,S1 motif domain-containing protein,,,PHDJFC_00806
group_104,,Maltose phosphorylase / Trehalose phosphorylase,,IGABOM_02979,
group_103,,Maltose phosphorylase,,,PHDJFC_01658
group_102,,Glycosyl hydrolase family 3 protein,,,PHDJFC_01194
group_100,,ATP-dependent Clp protease ATP-binding subunit,,,PHDJFC_02366
group_98,,ATP-dependent DNA helicase,,,PHDJFC_02274
group_97,,Adenosylcobalamin-dependent ribonucleoside-triphosphate reductase,,,PHDJFC_01973
group_96,,Fibronectin type III-like domain-containing protein,,,PHDJFC_01897
group_94,,putative hydrolase (Metallo-beta-lactamase superfamily),,,PHDJFC_02547
xylQ,xylQ,Alpha-xylosidase XylQ,,,PHDJFC_00908
group_89,,DNA 3'-5' helicase,,,PHDJFC_02128
group_88,,Alpha-glucosidase (Malto-oligosaccharides),,IGABOM_02982,
group_86,,Helicase IV,,,PHDJFC_00926
group_83,,Integral membrane protein,,,PHDJFC_01042
recJ,recJ,Single-stranded-DNA-specific exonuclease RecJ,,,PHDJFC_02566
group_81,,hypothetical protein,,,PHDJFC_02615
group_80,,Cation transport ATPase,,,PHDJFC_02364
group_79,,Cation transporting P-type ATPase,,,PHDJFC_01165
secA,secA,Protein translocase subunit SecA 1,,,PHDJFC_00714
group_76,,Fumarate reductase (Quinol),,IGABOM_03114,
group_74,,DNA gyrase subunit A,,,PHDJFC_01469
group_72,,Phosphoketolase,,IGABOM_02998,
group_71,,Ribonuclease R,,,PHDJFC_00666
group_69,ftsK,DNA translocase FtsK,,,PHDJFC_00382
group_68,,Phage minor structural protein N-terminal region,JLGHJK_02451,,
group_67,,Primosomal protein N',,,PHDJFC_00284
group_64,,Glycosyl glycerophosphate transferase,,,PHDJFC_01011
group_62,,Leucine--tRNA ligase,,,PHDJFC_00397
group_59,,putative phosphoketolase,,,PHDJFC_00885
group_58,,hypothetical protein,,,PHDJFC_00785
group_57,,Aldolase-type tim barrel,,,PHDJFC_01312
group_55,,hypothetical protein,,,PHDJFC_01976
group_54,,Aminopeptidase,,,PHDJFC_02135
group_52,,hypothetical protein,JLGHJK_03410,,
group_46,,Serine/Threonine protein Kinase,,,PHDJFC_01995
group_45,,Aldehyde-alcohol dehydrogenase,,,PHDJFC_01331
group_44,,Glycosyl hydrolase family 38 N-terminal domain protein,,IGABOM_02741,
group_43,dinG,3'-5' exonuclease DinG,,,PHDJFC_00154
group_40,,P-type Ca(2+) transporter,,,PHDJFC_00262
mutS,mutS,DNA mismatch repair protein MutS,,,PHDJFC_00499
group_38,,Membrane transport protein MMPL domain-containing protein,,IGABOM_02204,
group_37,,Trehalose 6-phosphate phosphorylase,,,PHDJFC_02404
group_36,,ABC transporter permease,JLGHJK_02977,,
bspA,bspA,BspA family leucine-rich repeat surface protein,,IGABOM_02608,
group_32,,mucin-binding protein,,,PHDJFC_00870
group_31,,MucBP domain-containing protein,,,PHDJFC_01329
group_29,,Isoleucine--tRNA ligase,,,PHDJFC_02494
group_28,,UvrABC system protein A,,,PHDJFC_00687
group_26,,Cell surface protein,,IGABOM_02717,
group_24,,4-amino-4-deoxy-L-arabinose transferase related glycosyltransferase of PMT family,,,PHDJFC_00601
group_23,,lectin-like domain-containing protein,,IGABOM_01016,
group_22,,hypothetical protein,,,PHDJFC_01895
group_21,,ABC-2 type transporter transmembrane domain-containing protein,,,PHDJFC_01791
group_20,,Gram-positive cocci surface proteins LPxTG domain-containing protein,,,PHDJFC_01913
group_17,,helicase-related protein,JLGHJK_03557,,
group_16,,Eco57I restriction-modification methylase domain-containing protein,JLGHJK_03556,,
group_14,,Chromosome partition protein Smc,,,PHDJFC_00266
group_13,,hypothetical protein,,IGABOM_02652,
group_12,,ATP-dependent helicase/deoxyribonuclease subunit B,,,PHDJFC_01534
group_11,,nitrate reductase (quinone),JLGHJK_01878,,
group_9,,hypothetical protein,,,PHDJFC_02682
group_8,,Prophage P2a protein 48 tape measure protein,,IGABOM_00555,
group_7,,Prophage P2a protein 48 tape measure protein,JLGHJK_02873,,
group_5,,Tail length tape-measure protein,,IGABOM_00451,
group_4,,Tail length tape-measure protein,JLGHJK_02454,,
group_3,,hypothetical protein,,IGABOM_00453,
group_2,,hypothetical protein,,IGABOM_02046,
group_1,,Cell surface protein,,IGABOM_02641,
group_0,,Peptidase S74 domain-containing protein,,IGABOM_02044,
